item_key,elasticity
122255998472,0.02061475292724824
142060233120,0.03786534859981025
273254869476,-0.009049480095865736
334741852012,0.0027469205874563426
360969770608,0.005822416296761811
361263665728,0.005822416296761811
426445230223,0.03786534859981025
451781451022,0.03786534859981025
454322348784,0.01991354965554018
534895545168,0.02061475292724824
543973061810,-0.0008677813304967255
557508304121,0.01991354965554018
590882946133,0.01991354965554018
642947446522,-0.009049480095865736
645553196889,0.005822416296761811
699237237377,0.03786534859981025
895469897618,0.03786534859981025
911302539935,0.03786534859981025
1006543042866,0.00345650858665458
1229038828612,0.03786534859981025
1229733485661,0.00345650858665458
1273773874044,0.005822416296761811
1277502153005,0.005822416296761811
1340596856000,0.008643629270343477
1590287234780,0.03786534859981025
1652426723209,0.03786534859981025
1687354230478,0.00345650858665458
1790164797872,0.03786534859981025
1907487694394,0.02061475292724824
1981198122793,0.00345650858665458
2126790419932,0.005822416296761811
2169278488511,0.02061475292724824
2364532345270,0.00345650858665458
2448318672390,0.00345650858665458
2506340415430,0.02061475292724824
2529791781737,0.005822416296761811
2684475193179,0.02061475292724824
2692801778218,-0.008463421030326754
2741204919379,0.008643629270343477
2750802669707,0.03786534859981025
2751905588963,0.02061475292724824
2753991183399,0.0011585054766655707
2875774016995,0.005822416296761811
2924787753430,0.03786534859981025
3049965247312,0.0011585054766655707
3084842360059,0.0011585054766655707
3330130587640,0.02061475292724824
3346253103357,0.03786534859981025
3446605697875,-0.012950976627727222
3513842662384,0.0027469205874563426
3816565082458,0.0027469205874563426
3820923259118,0.0027469205874563426
3972844844530,-0.0008677813304967255
4043159244195,0.0025147376307259116
4328357489459,0.05770239976616258
4380301400697,0.03786534859981025
4452667886887,0.0027469205874563426
4472639882936,0.03786534859981025
4549763103345,0.03786534859981025
4679187658941,0.005822416296761811
4693255693835,0.03786534859981025
4715332377835,0.02061475292724824
4743687304473,0.03786534859981025
4832112483124,0.005822416296761811
4961607342274,0.005822416296761811
4978580709168,0.03786534859981025
5181723277294,-0.008463421030326754
5267034007337,0.0027469205874563426
5277700535289,-0.009049480095865736
5308256192807,0.008643629270343477
5389974816115,0.00345650858665458
5579587713952,0.02061475292724824
5614264906504,0.008643629270343477
5625838419693,0.02061475292724824
5754263826447,0.03786534859981025
5778731767475,-0.008463421030326754
5793872763501,0.0025147376307259116
5801730803460,0.02061475292724824
5909553899614,0.005822416296761811
5944804569421,0.0027469205874563426
6049504758961,0.03786534859981025
6150512912727,0.005822416296761811
6158912997251,0.005822416296761811
6289412508835,-0.00804313491982006
6349578084904,0.0027469205874563426
6420794234615,0.0027469205874563426
6517680099937,0.0027469205874563426
6530784700875,-0.012950976627727222
6572744456707,0.008643629270343477
6604891549977,0.03786534859981025
6710010110942,0.02061475292724824
6970258212725,0.03786534859981025
7061948800396,0.03786534859981025
7192183069053,0.03786534859981025
7207872307743,0.0011585054766655707
7452747415115,0.03786534859981025
7456238216778,0.03786534859981025
7631969095401,0.01991354965554018
7776043214770,0.00345650858665458
7964550379609,0.005822416296761811
7965829486053,-0.008463421030326754
8035684664898,0.0027469205874563426
8116231202775,0.03786534859981025
8168205591115,0.03786534859981025
8199572265134,0.01991354965554018
8217810429632,0.00345650858665458
8403177563876,0.02061475292724824
8646325084420,0.008643629270343477
8720923924658,0.02061475292724824
8737365162565,-0.0008677813304967255
8779253678836,0.00345650858665458
8824703451007,0.03786534859981025
8867215005342,0.00345650858665458
9035724444596,0.005822416296761811
9054193971115,0.005822416296761811
9152089347230,0.03786534859981025
9156501146421,0.01991354965554018
9290500962350,0.03786534859981025
9307597220092,0.005822416296761811
9335220395163,0.03786534859981025
9349944311551,0.0027469205874563426
9426780568730,0.0025147376307259116
9754680907209,0.02061475292724824
9822031278890,0.02061475292724824
9896369941436,0.0025147376307259116
9976658223379,0.005822416296761811
10027987783534,-0.012950976627727222
10198739923178,-0.008463421030326754
10212811239854,0.005822416296761811
10266685099075,0.03786534859981025
10401867728135,0.0027469205874563426
10409053305256,0.00345650858665458
10442439962273,0.01991354965554018
10474797981763,0.005822416296761811
10554422722157,0.008643629270343477
10650991296578,0.0025147376307259116
11124418330921,0.0011585054766655707
11277799495980,0.005822416296761811
11333613691141,0.0025147376307259116
11421541905593,-0.0008677813304967255
11622131674632,0.008643629270343477
11648531682475,0.02061475292724824
11661834942388,0.005822416296761811
11773514884839,-0.01889259274045069
11780460949620,0.01991354965554018
11876842683335,0.02061475292724824
12266273821396,0.005822416296761811
12309687413535,-0.012950976627727222
12467345107467,0.03786534859981025
12595411590119,0.02061475292724824
12675735903954,0.005822416296761811
12734110588883,0.00345650858665458
12745890047571,0.03786534859981025
12821788349845,0.03786534859981025
12865511057039,0.005822416296761811
13072220999894,0.03786534859981025
13208746089764,0.02061475292724824
13301754709408,0.0025147376307259116
13383592903260,0.02061475292724824
13427382096726,0.005822416296761811
13483984028640,0.0027469205874563426
13597494729200,0.005822416296761811
13609939244188,0.0027469205874563426
13641551748529,-0.012950976627727222
13642823440295,0.005822416296761811
13847264421741,0.03786534859981025
14083923976935,0.01991354965554018
14105250346680,0.03786534859981025
14211309028732,0.0027469205874563426
14229101123243,0.0025147376307259116
14345875489892,0.005822416296761811
14406034957098,0.03786534859981025
14474957739656,0.005822416296761811
14522640794199,0.005822416296761811
14599650877349,0.0027469205874563426
14633544863110,0.02061475292724824
14648772981767,0.0027469205874563426
14656811748682,0.00345650858665458
14774595337577,0.02061475292724824
14775619364317,0.008643629270343477
14805117551035,0.0011585054766655707
14824962784938,-0.012950976627727222
14911552136420,-0.008463421030326754
15053342263752,0.0027469205874563426
15165833107518,0.03786534859981025
15295529865018,0.00345650858665458
15561296169109,0.03786534859981025
15569645492278,-0.0008677813304967255
15576933097427,0.0027469205874563426
15639633395989,-0.008463421030326754
15649807261442,0.005822416296761811
15714562288993,0.0027469205874563426
15837031295463,-0.012950976627727222
15881820827069,0.01991354965554018
15994284408992,0.03786534859981025
16115971239550,0.005822416296761811
16159173553950,0.0027469205874563426
16171300688109,0.03786534859981025
16231189998382,0.03786534859981025
16250704289599,0.03786534859981025
16348241051244,0.01991354965554018
16360407820271,0.0027469205874563426
16439374755079,0.0025147376307259116
16542008127127,0.03786534859981025
16544353549018,0.03786534859981025
16604882329173,0.03786534859981025
16898003074607,-0.00804313491982006
16930829613172,0.02061475292724824
16931086748242,0.02061475292724824
17206497755234,-0.008463421030326754
17523182172627,0.0025147376307259116
17550675910044,0.005822416296761811
17580398168827,-0.009049480095865736
17634832502279,0.02061475292724824
17687954925970,-0.0008677813304967255
17806419222069,0.00345650858665458
18272996248354,0.00345650858665458
18313283074949,0.03786534859981025
18475717764783,0.008643629270343477
18576869194296,0.03786534859981025
18621149725882,-0.008463421030326754
18677085046420,0.005822416296761811
18741211550485,0.005822416296761811
18804571705221,0.03786534859981025
19042780093137,-0.01889259274045069
19154029221227,0.008643629270343477
19177146037826,-0.009049480095865736
19363133668809,0.00345650858665458
19590392185187,0.00345650858665458
19683788972433,0.03786534859981025
19821460454327,0.02061475292724824
19969750099210,0.008643629270343477
19985901878296,0.005822416296761811
20111063597257,0.03786534859981025
20156795639868,0.02061475292724824
20203126596892,-0.012950976627727222
20211508201120,0.02061475292724824
20213550319203,0.0027469205874563426
20391616588838,0.0025147376307259116
20395642409368,0.005822416296761811
20450760825508,0.008643629270343477
20541695289010,0.005822416296761811
21024902605759,0.03786534859981025
21145435249874,0.00345650858665458
21156867239205,0.00345650858665458
21189088502515,-0.008463421030326754
21196726093250,0.0027469205874563426
21230624892838,0.0025147376307259116
21233630506135,0.008643629270343477
21309867490367,0.005822416296761811
21715013908376,0.03786534859981025
21754041549290,0.0025147376307259116
21783064050137,0.03786534859981025
21928381241718,0.0027469205874563426
22101454483004,0.03786534859981025
22174055374512,0.005822416296761811
22231392240245,0.005822416296761811
22243884870493,0.005822416296761811
22433115452758,0.0027469205874563426
22449162167039,-0.0008677813304967255
22618264637715,0.03786534859981025
22714784894013,-0.008463421030326754
22725415658226,0.03786534859981025
22748602509332,0.005822416296761811
22966777129050,0.01991354965554018
23373539363200,0.03786534859981025
23381471573131,0.02061475292724824
23498656666750,0.03786534859981025
23523211570592,0.005822416296761811
23554596919959,0.02061475292724824
23565244127617,-0.009049480095865736
23713484529550,0.03786534859981025
24127156604567,0.02061475292724824
24186154879473,0.02061475292724824
24267608991147,0.0027469205874563426
24269905596168,0.0027469205874563426
24335138052163,0.02061475292724824
24515197776598,0.008643629270343477
24538507165411,-0.01889259274045069
24639616613003,0.0011585054766655707
24655879112660,-0.01889259274045069
24748145453672,0.00345650858665458
24811068671471,0.005822416296761811
24848015186727,0.005822416296761811
24941311350710,0.02061475292724824
24958752762868,0.00345650858665458
24982330489325,-0.012950976627727222
25025038358477,0.03786534859981025
25038272605281,0.02061475292724824
25079766780223,0.03786534859981025
25129641449325,0.00345650858665458
25173515715306,-0.008463421030326754
25221759641450,0.008643629270343477
25271973043404,-0.008463421030326754
25295960929925,0.005822416296761811
25434384862029,0.005822416296761811
25604358630496,0.005822416296761811
25648895772245,0.02061475292724824
25664002860836,0.03786534859981025
25678600232435,0.05770239976616258
25733592903066,0.03786534859981025
25872685387946,0.008643629270343477
25942644156793,0.03786534859981025
26000448704660,0.03786534859981025
26502200758607,0.02061475292724824
26550714087691,-0.00804313491982006
26594116268187,0.03786534859981025
26801050195300,-0.012950976627727222
26806251186457,0.03786534859981025
26835187883703,0.0025147376307259116
26976207812148,0.02061475292724824
27099545577493,0.03786534859981025
27137446130807,0.05770239976616258
27198946181573,0.02061475292724824
27344638592727,0.005822416296761811
27452252955267,0.0027469205874563426
27458540919948,0.02061475292724824
27515654540897,-0.01889259274045069
27552224576233,0.005822416296761811
27681940073549,0.00345650858665458
27861206603297,0.0011585054766655707
27885921918473,0.03786534859981025
27937459349205,0.00345650858665458
27962583418740,0.00345650858665458
27974902818301,0.03786534859981025
28097991010860,0.03786534859981025
28193404316663,0.005822416296761811
28206605692982,0.005822416296761811
28280283219498,-0.009049480095865736
28428714014044,0.00345650858665458
28462803328424,0.02061475292724824
28707565336372,0.005822416296761811
28967904551963,0.005822416296761811
29094876613235,0.005822416296761811
29109340491656,0.008643629270343477
29123456843228,0.03786534859981025
29135378338092,0.03786534859981025
29141408660208,-0.008463421030326754
29329528510500,0.0025147376307259116
29511614844557,0.01991354965554018
29519971173724,-0.012950976627727222
29632189006816,-0.008463421030326754
29667941991313,0.03786534859981025
29771676227908,0.00345650858665458
29901652691680,0.01991354965554018
30110280326357,0.008643629270343477
30131571320250,0.00345650858665458
30511698560905,0.005822416296761811
30562534139578,-0.008463421030326754
30631881667929,0.0025147376307259116
30727313486772,0.005822416296761811
30731839541830,0.008643629270343477
30983981944508,0.02061475292724824
30997706451775,0.02061475292724824
31034087961670,0.0011585054766655707
31244706081814,0.02061475292724824
31251903269047,-0.01889259274045069
31278168652882,0.005822416296761811
31406911096061,0.008643629270343477
31517729663529,-0.008463421030326754
31520729178616,0.03786534859981025
31646513567522,0.03786534859981025
31675756772132,-0.009049480095865736
31682799002197,0.0011585054766655707
31752054035642,0.005822416296761811
31771997540804,0.0027469205874563426
31827848594342,-0.01889259274045069
31887932412934,0.02061475292724824
31981261312386,0.03786534859981025
32018599878976,0.03786534859981025
32018647795219,-0.008463421030326754
32172457577866,0.0027469205874563426
32237120709977,0.0027469205874563426
32288152001464,-0.01889259274045069
32382618840958,0.008643629270343477
32424587532770,0.0025147376307259116
32493817078725,-0.008463421030326754
32525160440118,0.005822416296761811
32631259087756,0.02061475292724824
32636123687386,0.03786534859981025
32672076735193,-0.008463421030326754
32705686740924,0.03786534859981025
32910464048464,-0.009049480095865736
32927863889723,-0.008463421030326754
32938462930463,0.03786534859981025
32942630197982,0.00345650858665458
33009929417484,0.02061475292724824
33041722021847,0.005822416296761811
33198598833507,0.03786534859981025
33337140820305,0.02061475292724824
33565202660085,-0.008463421030326754
33593026383617,0.005822416296761811
33620717974906,0.005822416296761811
33708154773722,0.03786534859981025
33709011353822,0.03786534859981025
33807976559097,0.02061475292724824
33893219830739,0.02061475292724824
33941675236958,0.005822416296761811
34044781987531,0.008643629270343477
34123469560813,0.03786534859981025
34169175962718,0.0027469205874563426
34364862921053,0.0027469205874563426
34428630810671,0.03786534859981025
34464922734439,-0.012950976627727222
34558027787791,-0.008463421030326754
34911945874003,0.03786534859981025
34961363998209,0.01991354965554018
34961724224362,0.0027469205874563426
35055339711515,0.03786534859981025
35155334886347,0.03786534859981025
35195278987371,0.0025147376307259116
35212616943506,0.008643629270343477
35454264111269,0.03786534859981025
35464969594305,0.03786534859981025
35594903146681,-0.008463421030326754
35660587534859,-0.008463421030326754
35724202108659,0.03786534859981025
35733888643667,0.03786534859981025
35890796918750,0.03786534859981025
35944253820213,0.02061475292724824
36215242736625,0.03786534859981025
36403133233064,0.03786534859981025
36403782243263,0.008643629270343477
36547654754278,-0.01889259274045069
36595292286795,0.03786534859981025
36659127796283,0.00345650858665458
36767930387710,0.0027469205874563426
36771429737417,-0.009049480095865736
36864094785780,0.008643629270343477
36956534894794,0.005822416296761811
36987641848295,0.008643629270343477
37104745196472,-0.012950976627727222
37112700789956,0.02061475292724824
37143918336671,0.03786534859981025
37362592886047,0.03786534859981025
37854730444689,0.0011585054766655707
37867283809724,0.0027469205874563426
37997311246047,0.008643629270343477
38000748078213,0.005822416296761811
38005967066548,-0.008463421030326754
38069159201644,-0.008463421030326754
38479189594316,0.005822416296761811
38625914245024,0.0027469205874563426
38633499172406,0.03786534859981025
38730259217897,-0.008463421030326754
38894203764772,-0.012950976627727222
39047664696141,0.0027469205874563426
39155425859914,0.005822416296761811
39305700925823,0.03786534859981025
39598805417307,0.02061475292724824
39744478462399,0.03786534859981025
40063326901032,0.0011585054766655707
40128861782820,0.03786534859981025
40191920267644,0.03786534859981025
40279004976610,-0.00804313491982006
40481189652638,0.03786534859981025
40556897138991,0.03786534859981025
40566415692810,0.03786534859981025
40600078796222,0.005822416296761811
40672812083094,-0.01889259274045069
40684613646650,0.005822416296761811
40833296424528,0.005822416296761811
40875842004488,0.02061475292724824
40898643840062,0.02061475292724824
40935613417180,0.005822416296761811
40959991306151,0.03786534859981025
41153576659142,0.005822416296761811
41182371972941,0.00345650858665458
41216960885423,-0.008463421030326754
41222129535492,0.005822416296761811
41468131528818,-0.01889259274045069
41529978105243,0.00345650858665458
41583393454508,0.03786534859981025
41651284231986,0.02061475292724824
41916326130177,0.02061475292724824
41992615911459,-0.01889259274045069
42006612731974,0.02061475292724824
42059717960577,0.02061475292724824
42204163905483,0.0025147376307259116
42267357251180,0.03786534859981025
42284205704420,0.02061475292724824
42288558148727,0.03786534859981025
42546890156722,0.005822416296761811
42584710114148,0.03786534859981025
42586219457424,0.02061475292724824
42641730943000,0.03786534859981025
42654719757498,0.005822416296761811
42804983606192,0.0011585054766655707
42943190041438,0.01991354965554018
43106900719148,0.03786534859981025
43324848523831,0.005822416296761811
43344458523403,0.008643629270343477
43519991060918,-0.009049480095865736
43549303682526,0.005822416296761811
43637292906987,0.08088636411035213
43674745588476,0.02061475292724824
43690124958978,0.005822416296761811
43720651635128,0.00345650858665458
43798073661796,0.005822416296761811
43865037252039,0.0011585054766655707
44060377317847,0.0027469205874563426
44062329049750,-0.009049480095865736
44133907263927,0.03786534859981025
44167137423862,0.0011585054766655707
44199333801954,0.02061475292724824
44216003341475,-0.0008677813304967255
44363282697362,0.02061475292724824
44439782548607,0.005822416296761811
44475004154543,-0.00804313491982006
44522822228140,0.005822416296761811
44549732324463,-0.00804313491982006
44571462757542,0.005822416296761811
44583541347019,0.0027469205874563426
44787598902132,0.00345650858665458
44996476451352,0.03786534859981025
45044637819727,0.02061475292724824
45054147071404,0.03786534859981025
45217598374563,-0.009049480095865736
45356800943202,-0.012950976627727222
45438484890708,0.0027469205874563426
45476353918145,-0.012950976627727222
45577530652969,0.03786534859981025
45934250448403,-0.01889259274045069
46102348697759,-0.012950976627727222
46250552755941,0.03786534859981025
46426830365169,-0.01889259274045069
46431391174730,0.0011585054766655707
46441330592114,0.005822416296761811
46448263298935,-0.008463421030326754
46642755396793,0.005822416296761811
46761333501059,0.03786534859981025
46765612717759,0.02061475292724824
46777765603668,-0.01889259274045069
46794960939830,0.0011585054766655707
46842188366232,0.02061475292724824
46873396716712,0.005822416296761811
46946689727403,0.05770239976616258
47086614178719,-0.008463421030326754
47142631976598,0.0025147376307259116
47145293803802,-0.0008677813304967255
47156455395224,0.008643629270343477
47251855029268,0.03786534859981025
47267081206564,0.005822416296761811
47359064340687,-0.01889259274045069
47403474043109,0.01991354965554018
47690842332954,0.008643629270343477
48124353206546,0.0027469205874563426
48260592856413,0.03786534859981025
48352262271583,-0.01889259274045069
48437024390578,0.02061475292724824
48497653266604,0.005822416296761811
48595052312988,0.0025147376307259116
48698321559027,0.008643629270343477
48776171451544,-0.009049480095865736
48800168481821,0.005822416296761811
48950551112240,0.01991354965554018
49013960154823,0.03786534859981025
49107850541863,0.00345650858665458
49109475813092,0.00345650858665458
49114704921544,0.05770239976616258
49140321549626,0.005822416296761811
49181536255241,0.02061475292724824
49187826093122,0.0027469205874563426
49245174912811,0.005822416296761811
49341166783391,0.02061475292724824
49383605419546,0.00345650858665458
49457979933089,0.0027469205874563426
49501021970924,0.005822416296761811
49714357540234,-0.01889259274045069
49960448854087,0.00345650858665458
49986436413086,0.03786534859981025
50063570730067,0.005822416296761811
50327313240902,-0.009049480095865736
50393910363123,-0.009049480095865736
50447404444104,0.01991354965554018
50547313277125,0.01991354965554018
50643552316946,0.0011585054766655707
50706340620530,0.0025147376307259116
50825738244324,-0.01889259274045069
50890244369172,0.03786534859981025
51046354192406,0.03786534859981025
51126360439840,0.02061475292724824
51150197298052,-0.009049480095865736
51229022352495,0.02061475292724824
51256625512600,0.02061475292724824
51406337094445,0.005822416296761811
51441865290601,0.0025147376307259116
51465179973999,0.03786534859981025
51545828020585,0.00345650858665458
51551799611615,0.0027469205874563426
51744188180156,0.03786534859981025
51827604855538,-0.008463421030326754
51898525271825,0.005822416296761811
52016360048029,0.02061475292724824
52232213878874,0.03786534859981025
52261297703691,-0.0008677813304967255
52510706281744,-0.01889259274045069
52638967279442,0.005822416296761811
52712150734365,0.0011585054766655707
52826002028388,0.005822416296761811
52988329541978,0.03786534859981025
53126794783964,0.03786534859981025
53156434769451,0.0027469205874563426
53284012500024,0.005822416296761811
53358227044877,-0.0008677813304967255
53366157692523,0.03786534859981025
53382320506301,0.02061475292724824
53563211882629,0.03786534859981025
53587843475486,0.005822416296761811
53732969485070,0.00345650858665458
53904991682149,0.005822416296761811
53981581275563,0.01991354965554018
54055016258798,0.03786534859981025
54310057022074,0.0025147376307259116
54358093789905,0.005822416296761811
54367664865911,-0.012950976627727222
54439897230883,-0.009049480095865736
54466660826687,0.01991354965554018
54558559475619,-0.009049480095865736
54615407893408,0.0025147376307259116
54685906404449,0.00345650858665458
54800057659950,0.02061475292724824
54820617361654,0.005822416296761811
54837722206931,-0.009049480095865736
55038264446398,0.03786534859981025
55142464566505,0.03786534859981025
55228681689292,0.008643629270343477
55282382078485,0.005822416296761811
55393597474959,0.008643629270343477
55410631456666,0.03786534859981025
55518082143573,0.03786534859981025
55518652638001,0.03786534859981025
55673198659595,0.05770239976616258
55779649136852,0.02061475292724824
55796538055475,0.01991354965554018
55802229332412,0.005822416296761811
55817732494820,0.02061475292724824
55951543650339,0.0011585054766655707
55952455697067,0.005822416296761811
56051696191068,0.008643629270343477
56219533706964,0.01991354965554018
56325754744231,0.02061475292724824
56353128510433,0.005822416296761811
56361419055999,-0.0008677813304967255
56398026815632,0.00345650858665458
56645226421296,0.0027469205874563426
56661139092806,0.005822416296761811
56690148099175,0.03786534859981025
56786944202282,0.005822416296761811
56928548582812,0.0025147376307259116
56966270799965,0.01991354965554018
56991918349387,0.02061475292724824
57225539264373,0.01991354965554018
57265754521481,0.00345650858665458
57280719065297,0.03786534859981025
57319318179578,0.005822416296761811
57320463452985,0.03786534859981025
57703827841647,0.005822416296761811
57707319359243,0.03786534859981025
57766393859093,0.0027469205874563426
57775096181989,0.02061475292724824
57899093304771,0.005822416296761811
58107939431732,0.02061475292724824
58236295175808,0.02061475292724824
58637775259389,0.02061475292724824
58657527146165,0.03786534859981025
58701697198341,0.005822416296761811
59047026246082,0.02061475292724824
59066903197386,-0.009049480095865736
59284532457853,0.03786534859981025
59389610774465,0.03786534859981025
59779842897829,0.0025147376307259116
59843286805388,0.0027469205874563426
60216053946774,0.02061475292724824
60235818270298,-0.012950976627727222
60263837768118,0.02061475292724824
60263892137242,-0.008463421030326754
60319288606144,-0.01889259274045069
60338064849324,0.02061475292724824
60472749612210,0.005822416296761811
60504050944717,0.008643629270343477
60674045987693,0.00345650858665458
60702270952686,0.005822416296761811
60762587057768,0.03786534859981025
60922376383976,-0.012950976627727222
61069857099955,-0.012950976627727222
61074835782675,0.0025147376307259116
61237554349502,0.0027469205874563426
61240627085683,0.03786534859981025
61368320526081,0.0011585054766655707
61422062172047,0.008643629270343477
61960587202712,0.00345650858665458
61982182618072,0.0011585054766655707
62027153462597,-0.01889259274045069
62119429706493,0.03786534859981025
62195201599553,0.02061475292724824
62204176550621,0.0025147376307259116
62226629119787,-0.012950976627727222
62272276824336,0.00345650858665458
62283380424214,0.005822416296761811
62318183048111,0.005822416296761811
62359493943940,0.03786534859981025
62493537978617,0.05770239976616258
62596620076406,-0.008463421030326754
62600223046173,0.01991354965554018
62641842882092,0.0025147376307259116
62682373559631,0.03786534859981025
62722614329713,0.005822416296761811
62918974306117,0.03786534859981025
63291511255262,0.01991354965554018
63870914434942,0.03786534859981025
63952081215237,0.03786534859981025
64016425988463,0.0011585054766655707
64099032985395,0.02061475292724824
64118821141443,-0.008463421030326754
64241488184524,0.005822416296761811
64241910380653,-0.009049480095865736
64266339186502,0.0027469205874563426
64593616287948,0.008643629270343477
64614404164602,0.02061475292724824
65104272162301,0.02061475292724824
65137796015865,0.005822416296761811
65373933621535,0.02061475292724824
65394400347680,0.005822416296761811
65474739756752,0.0011585054766655707
65565909622485,0.0027469205874563426
65599309032884,0.00345650858665458
65684840589930,0.0027469205874563426
65850976463126,0.005822416296761811
65857614826349,0.03786534859981025
65936712978107,0.0027469205874563426
65945353505635,0.0027469205874563426
65962467953128,0.0025147376307259116
65999645242324,0.03786534859981025
66003517992621,0.005822416296761811
66023766104592,0.005822416296761811
66045885877090,0.01991354965554018
66100790324411,0.02061475292724824
66155785620546,0.0027469205874563426
66158588449473,0.02061475292724824
66236478610215,-0.01889259274045069
66262057777514,0.03786534859981025
66386044581230,0.0025147376307259116
66432804385191,0.005822416296761811
66469825280307,0.005822416296761811
66629321797248,0.02061475292724824
66638276848471,0.0027469205874563426
66705111923267,0.02061475292724824
66804388550568,0.03786534859981025
66963783882478,-0.012950976627727222
67098512815459,0.03786534859981025
67122851515807,0.005822416296761811
67151673463120,0.03786534859981025
67170936393932,0.02061475292724824
67198057284672,0.02061475292724824
67351262357493,0.02061475292724824
67394684900296,-0.008463421030326754
67959300837559,0.0027469205874563426
67976616944208,0.005822416296761811
68042752144878,0.005822416296761811
68074929708569,0.01991354965554018
68124382292701,0.01991354965554018
68139231104510,0.00345650858665458
68174885944419,0.03786534859981025
68212563307589,0.00345650858665458
68240387769197,0.02061475292724824
68297149207901,0.005822416296761811
68415573481528,0.00345650858665458
68541895495838,0.0027469205874563426
68666392103769,0.03786534859981025
68704763249715,0.03786534859981025
68721651252160,0.005822416296761811
68840047325230,0.03786534859981025
68862443314051,0.03786534859981025
68894025073638,0.03786534859981025
68993858578946,0.02061475292724824
69020140231167,0.0027469205874563426
69044176735228,0.0011585054766655707
69118228593780,0.02061475292724824
69176282043018,-0.008463421030326754
69348195402969,0.005822416296761811
69450844745155,0.03786534859981025
69487097278008,0.03786534859981025
69541946784774,0.005822416296761811
69551473248154,0.0025147376307259116
69606673556880,-0.00804313491982006
69672932586954,0.03786534859981025
69752173648326,0.03786534859981025
69855384315502,0.03786534859981025
69884542024343,-0.012950976627727222
69931834506887,0.005822416296761811
70056929876266,0.02061475292724824
70121275023858,0.00345650858665458
70198104319828,0.01991354965554018
70275679345672,0.0011585054766655707
70293862356744,0.00345650858665458
70495565794174,0.005822416296761811
70540604025119,0.008643629270343477
70624817732049,-0.009049480095865736
70738468299744,0.0025147376307259116
70744329537147,0.03786534859981025
70775308640469,0.005822416296761811
70864460352855,0.0027469205874563426
70986883527835,0.05770239976616258
71117618882083,-0.008463421030326754
71259049007190,0.00345650858665458
71383178344508,0.02061475292724824
71394436989244,0.00345650858665458
71449952896676,0.008643629270343477
71473086851371,0.00345650858665458
71488185050378,0.005822416296761811
71492571660026,0.02061475292724824
71530925460636,0.03786534859981025
71616981912448,0.005822416296761811
71639128058520,0.00345650858665458
71940907335782,0.00345650858665458
72133658163406,0.03786534859981025
72171059527105,0.02061475292724824
72317381267478,0.008643629270343477
72336261947888,0.03786534859981025
72384683958615,0.03786534859981025
72393310507176,0.03786534859981025
72436020820021,0.03786534859981025
72454974121228,0.005822416296761811
72506311069101,0.005822416296761811
72531265585541,0.05770239976616258
72729373682437,0.01991354965554018
72794310517952,0.0011585054766655707
72994134262312,0.0027469205874563426
73340617427227,-0.012950976627727222
73346149704601,0.005822416296761811
73389095824965,-0.00804313491982006
73556625452359,0.008643629270343477
73579963076183,0.02061475292724824
73591042629309,0.005822416296761811
73662191637457,0.005822416296761811
73833989798234,0.03786534859981025
73877508086397,-0.008463421030326754
73970184888758,0.02061475292724824
74090974976292,0.0027469205874563426
74093444053626,0.01991354965554018
74230017226216,0.03786534859981025
74262144851365,0.00345650858665458
74293528028291,0.0027469205874563426
74307890965866,0.02061475292724824
74462021394914,-0.01889259274045069
74490891612373,0.03786534859981025
74674819571011,-0.01889259274045069
74762970089425,0.03786534859981025
74791779574524,0.01991354965554018
75130432947061,0.02061475292724824
75230675080537,0.008643629270343477
75274040893114,0.03786534859981025
75368200341386,0.01991354965554018
75451714656360,0.00345650858665458
75474282171847,0.005822416296761811
75531136691970,0.005822416296761811
75670733679828,0.03786534859981025
75847922263723,0.008643629270343477
75983897562172,0.02061475292724824
76046447602898,0.03786534859981025
76099117186198,0.03786534859981025
76242631360708,0.005822416296761811
76246641018198,0.005822416296761811
76251561769083,0.0025147376307259116
76259323823003,0.02061475292724824
76416007806028,0.0027469205874563426
76830606155097,0.02061475292724824
76926321591939,0.02061475292724824
77046398695997,0.01991354965554018
77414523683868,0.03786534859981025
77424188398058,0.0027469205874563426
77441030447438,0.03786534859981025
77529115828212,0.03786534859981025
77832014614514,0.05770239976616258
77938182410849,0.03786534859981025
78049232604093,0.005822416296761811
78191777393020,0.0025147376307259116
78247410979667,0.02061475292724824
78433456398897,0.0027469205874563426
78596267942434,0.0027469205874563426
78600605929477,-0.012950976627727222
78876662581754,0.03786534859981025
79143072351141,0.005822416296761811
79186781194493,0.03786534859981025
79318768156379,0.0025147376307259116
79611493384041,0.03786534859981025
79739355800798,0.03786534859981025
79747927473613,0.005822416296761811
79748064182968,-0.008463421030326754
79899000940625,0.02061475292724824
79935966435733,0.005822416296761811
79971319141371,0.03786534859981025
80026176673917,0.05770239976616258
80544347167810,0.00345650858665458
80556418166017,0.0027469205874563426
80583469295800,0.02061475292724824
80683970075711,0.02061475292724824
80897223187467,0.05770239976616258
80916840867803,0.0027469205874563426
81054484480398,-0.008463421030326754
81173200805986,0.01991354965554018
81230409205904,-0.012950976627727222
81258746185207,0.01991354965554018
81261836926950,-0.012950976627727222
81282191504302,0.00345650858665458
81404086970392,0.005822416296761811
81623003875689,0.03786534859981025
81708851723990,0.008643629270343477
81911532385768,-0.008463421030326754
81948744962960,0.01991354965554018
81968746297433,-0.009049480095865736
82068978211116,0.02061475292724824
82090712322259,0.0027469205874563426
82137393023375,-0.012950976627727222
82219759002345,0.005822416296761811
82327153923829,0.02061475292724824
82501599420782,0.02061475292724824
82702311673446,0.03786534859981025
82718533711970,0.02061475292724824
82739463347853,0.005822416296761811
82812074749458,0.03786534859981025
82894169698233,-0.01889259274045069
83169146490136,0.03786534859981025
83209366763861,0.03786534859981025
83359054340279,0.00345650858665458
83424203388773,0.05770239976616258
83466702200453,0.00345650858665458
83518560254144,0.0027469205874563426
83553484797853,-0.009049480095865736
83728724602855,0.0027469205874563426
83991728815376,0.005822416296761811
84386843204830,0.005822416296761811
84459324266368,0.008643629270343477
84473842647330,0.02061475292724824
84510535024257,0.03786534859981025
84547806104902,0.03786534859981025
84560365002131,-0.01889259274045069
84599651114557,-0.012950976627727222
84752201688373,0.0025147376307259116
84882162529545,0.005822416296761811
84890945821922,0.02061475292724824
84901225785357,-0.01889259274045069
84940183729311,-0.008463421030326754
85044611492193,0.02061475292724824
85072271713330,0.02061475292724824
85080458905101,-0.009049480095865736
85088531917620,-0.0008677813304967255
85162714817286,-0.00804313491982006
85165392221618,0.03786534859981025
85169587768654,0.0025147376307259116
85283376495454,0.03786534859981025
85515579781024,0.03786534859981025
85522058722469,0.00345650858665458
85593091490251,0.03786534859981025
85695867419009,-0.012950976627727222
85706326611759,0.005822416296761811
85708036858082,-0.012950976627727222
85744651051408,0.005822416296761811
85966687449844,0.005822416296761811
86091171839110,-0.0008677813304967255
86280948371024,-0.0008677813304967255
86400813931110,0.02061475292724824
86600654978059,0.0027469205874563426
86975271317503,0.005822416296761811
87000202965261,0.0027469205874563426
87036057140991,0.02061475292724824
87099689906646,0.008643629270343477
87209272836396,0.0011585054766655707
87254336263050,0.008643629270343477
87270855197935,0.02061475292724824
87292325353972,0.03786534859981025
87353603854685,0.008643629270343477
87570392715049,0.03786534859981025
87637359303839,0.0027469205874563426
87646998994284,0.02061475292724824
87698455416731,0.0027469205874563426
87754582392444,0.005822416296761811
87775537183461,0.00345650858665458
87796177263399,-0.012950976627727222
87985107028440,0.01991354965554018
88099626246875,0.00345650858665458
88108775564255,0.0025147376307259116
88110511814492,0.03786534859981025
88146979395293,0.03786534859981025
88156396939327,0.00345650858665458
88312664236724,0.02061475292724824
88371779780049,0.005822416296761811
88376531051105,0.0025147376307259116
88435353288051,0.03786534859981025
88774802059863,0.0011585054766655707
88972676751840,0.0025147376307259116
89043435225095,0.03786534859981025
89056401284942,0.008643629270343477
89068536348604,0.0027469205874563426
89073329847717,0.005822416296761811
89081474512986,0.005822416296761811
89118162559272,0.03786534859981025
89211912696946,0.03786534859981025
89252417507470,0.03786534859981025
89431323371907,0.005822416296761811
89582543222124,0.02061475292724824
89820723102017,-0.01889259274045069
89823611356418,0.00345650858665458
90048139260908,0.0025147376307259116
90057580089231,0.01991354965554018
90256954270469,0.008643629270343477
90272218980542,0.008643629270343477
90442034354421,0.02061475292724824
90845012230305,0.03786534859981025
90890827946134,0.03786534859981025
91020015850556,0.03786534859981025
91051175391806,0.03786534859981025
91174151505474,0.005822416296761811
91294708145317,-0.009049480095865736
91299721681760,0.02061475292724824
91360256477750,0.005822416296761811
91370847446393,0.03786534859981025
91581053104955,0.005822416296761811
91750688281545,-0.009049480095865736
91810059617138,0.005822416296761811
91934562403356,0.01991354965554018
92069241350986,-0.008463421030326754
92177699394480,0.0027469205874563426
92187568872275,-0.012950976627727222
92210237353486,0.008643629270343477
92314099786343,0.03786534859981025
92362458236482,0.02061475292724824
92400554356182,0.008643629270343477
92410086183971,0.00345650858665458
92939468416662,0.0025147376307259116
92960557687824,-0.008463421030326754
93112569826627,-0.008463421030326754
93361062414786,-0.012950976627727222
93410440190322,0.00345650858665458
93480855150846,0.03786534859981025
93554363593336,0.03786534859981025
93572075045051,0.03786534859981025
93577339085789,0.008643629270343477
93607199908949,0.01991354965554018
93741921172549,0.03786534859981025
93830965110654,0.00345650858665458
93842940931286,0.005822416296761811
93997008677540,0.005822416296761811
94010605595852,0.008643629270343477
94109723872378,0.03786534859981025
94294509514732,0.0011585054766655707
94343378859485,0.005822416296761811
94602911892908,0.03786534859981025
94621478814073,0.00345650858665458
94793582244142,0.02061475292724824
94794758286384,0.0027469205874563426
94809334238164,0.0027469205874563426
95034233363370,0.0027469205874563426
95097044498689,0.03786534859981025
95151998364850,0.008643629270343477
95154830964779,0.00345650858665458
95162581235824,0.0027469205874563426
95334949964655,0.0025147376307259116
95366027264730,0.005822416296761811
95587365311525,0.005822416296761811
95617978859999,0.02061475292724824
95723669065208,0.01991354965554018
96097526991612,0.0025147376307259116
96200885890989,-0.008463421030326754
96309368996617,0.03786534859981025
96360082205695,0.00345650858665458
96366059243422,-0.012950976627727222
96367442504332,0.01991354965554018
96443802082787,-0.0008677813304967255
96527253454010,0.005822416296761811
96629520669002,0.005822416296761811
96743843166951,0.005822416296761811
96768364356294,0.0025147376307259116
96849750554294,-0.009049480095865736
97047154850474,0.0011585054766655707
97151487063608,0.02061475292724824
97299695205915,0.0027469205874563426
97313971736967,0.01991354965554018
97434529522957,0.0027469205874563426
97447041664339,0.0025147376307259116
97571958941270,0.00345650858665458
97669030207761,0.02061475292724824
98082800321313,0.005822416296761811
98173396268504,0.02061475292724824
98251097986159,0.02061475292724824
98295016796129,0.00345650858665458
98322623449997,0.005822416296761811
98459753204418,0.005822416296761811
98634858795640,0.005822416296761811
98960665162845,0.008643629270343477
99173985444052,0.005822416296761811
99214079897632,0.03786534859981025
99245076841237,0.01991354965554018
99247860005355,0.01991354965554018
99325402682200,0.005822416296761811
99433709637628,0.00345650858665458
99451003871940,0.01991354965554018
99556213514853,0.03786534859981025
99585779467094,0.005822416296761811
99610488146116,0.0027469205874563426
99634639693704,0.0027469205874563426
99665487616143,-0.00804313491982006
99879268999436,-0.012950976627727222
99909834285523,-0.012950976627727222
99982610367897,0.05770239976616258
100016000214397,0.03786534859981025
100068556655179,0.02061475292724824
100183508781375,0.0025147376307259116
100321728296922,0.008643629270343477
100335077785399,0.005822416296761811
100448132893064,0.02061475292724824
100470301555470,-0.0008677813304967255
100474918892742,0.05770239976616258
100546018070703,0.0027469205874563426
100585877291720,0.0027469205874563426
100640917612463,0.005822416296761811
100645067672704,-0.00804313491982006
100679798534570,-0.009049480095865736
100700589048911,0.01991354965554018
100752064043005,0.00345650858665458
100786110151411,0.005822416296761811
100933312427938,0.03786534859981025
101029640343332,0.03786534859981025
101153579975722,0.05770239976616258
101410289455612,0.03786534859981025
101540004679971,0.005822416296761811
101594685646838,0.03786534859981025
101610859166342,0.005822416296761811
101789859706221,0.03786534859981025
102093726952994,0.01991354965554018
102104125242641,0.02061475292724824
102238300124357,0.03786534859981025
102392472073863,0.005822416296761811
102396839820635,0.00345650858665458
102409272102279,0.02061475292724824
102471488739350,0.005822416296761811
102487465356648,0.02061475292724824
102617015425173,0.005822416296761811
102727193111178,0.0025147376307259116
102727950197378,-0.012950976627727222
102805799477781,0.03786534859981025
102880454353849,0.008643629270343477
102906254427916,0.03786534859981025
102910190149634,0.03786534859981025
102920676336119,0.02061475292724824
102966511094370,0.03786534859981025
102999431535289,-0.009049480095865736
103108233154081,0.03786534859981025
103374827140597,0.005822416296761811
103430505949823,0.005822416296761811
103461948683851,0.03786534859981025
103577708573449,-0.009049480095865736
103598027996997,0.0025147376307259116
103599874648533,0.005822416296761811
103658142217492,0.005822416296761811
103667549386433,0.005822416296761811
103720818945523,0.03786534859981025
103759016930222,0.03786534859981025
103778170769269,0.02061475292724824
103861477961503,0.01991354965554018
103882222464025,0.005822416296761811
104108848631157,0.03786534859981025
104207181788078,0.00345650858665458
104482473648757,-0.01889259274045069
104485945295907,0.03786534859981025
104658229113950,-0.008463421030326754
104851821179869,0.01991354965554018
105025125926033,0.03786534859981025
105187647955746,0.03786534859981025
105273146992084,0.02061475292724824
105506207644552,0.02061475292724824
105520755498770,-0.012950976627727222
105527682427636,0.00345650858665458
105669045906523,0.02061475292724824
105822927435087,0.0025147376307259116
105830838244302,0.03786534859981025
105891435544106,0.0011585054766655707
105964021871934,0.005822416296761811
105972511823341,0.03786534859981025
105991734579042,-0.01889259274045069
106129980382001,0.02061475292724824
106266744563234,0.00345650858665458
106298526077769,0.005822416296761811
106414168954961,-0.008463421030326754
106431737938019,0.005822416296761811
106527189114009,0.005822416296761811
106575019702418,0.02061475292724824
106784211493378,0.0027469205874563426
107005005391762,-0.00804313491982006
107097129792418,-0.008463421030326754
107181211609098,0.008643629270343477
107242999527368,-0.008463421030326754
107287824426750,0.0025147376307259116
107316178067892,0.005822416296761811
107577203039115,0.005822416296761811
107639802732469,0.03786534859981025
107725809596623,0.0027469205874563426
107923572022567,0.03786534859981025
108132995902648,0.005822416296761811
108157232932239,0.0025147376307259116
108213988466089,0.02061475292724824
108247035791092,0.005822416296761811
108388089981467,0.005822416296761811
108747527703335,0.0027469205874563426
108796554289879,0.03786534859981025
108943076297895,-0.0008677813304967255
109015547350542,0.03786534859981025
109131366060791,0.02061475292724824
109204743731930,-0.008463421030326754
109324818115866,0.02061475292724824
109395440343169,0.03786534859981025
109619350348257,0.0025147376307259116
109907397386514,0.0027469205874563426
109999215338205,0.02061475292724824
110005563379591,0.005822416296761811
110170417989407,-0.012950976627727222
110347582246292,0.03786534859981025
110432679644198,0.02061475292724824
110447921252290,-0.009049480095865736
110545856062435,0.02061475292724824
110579645087042,0.00345650858665458
110756937505068,-0.012950976627727222
110851126543555,-0.009049480095865736
110976807888012,0.03786534859981025
110988534578813,0.008643629270343477
111117774228229,0.005822416296761811
111220684665545,-0.009049480095865736
111468949671615,-0.00804313491982006
111474396429431,0.0027469205874563426
111563095810201,0.05770239976616258
111573568413296,0.03786534859981025
111664015930350,0.03786534859981025
111722517234505,0.008643629270343477
111807267155783,0.005822416296761811
111847217797966,0.00345650858665458
112000929120886,-0.012950976627727222
112051669067364,-0.01889259274045069
112155131770400,0.005822416296761811
112186534043649,0.0011585054766655707
112245055715538,0.008643629270343477
112253108033658,-0.01889259274045069
112399705566121,-0.01889259274045069
112435888111447,0.03786534859981025
112547867341951,0.008643629270343477
112618974590311,0.005822416296761811
112871975359481,0.005822416296761811
112946585208988,0.02061475292724824
112973979210668,0.005822416296761811
113194346280461,-0.012950976627727222
113318600886674,0.0011585054766655707
113327108860561,0.05770239976616258
113479005255177,0.03786534859981025
113572203404663,0.03786534859981025
113586006834701,0.02061475292724824
113662258078494,0.03786534859981025
113677906767156,0.008643629270343477
113694964607092,-0.008463421030326754
113795368523161,0.03786534859981025
113895476085976,0.005822416296761811
113923162755512,0.03786534859981025
114004594017798,0.005822416296761811
114104560800537,0.0027469205874563426
114171158221113,0.00345650858665458
114304946566751,-0.012950976627727222
114611545348544,0.00345650858665458
114658803584489,0.03786534859981025
114700152093721,-0.008463421030326754
114765381993943,0.03786534859981025
114834045059328,0.03786534859981025
114870748347904,0.005822416296761811
114903631991043,0.0025147376307259116
114945943341760,0.02061475292724824
115260611693891,0.03786534859981025
115449384244932,-0.009049480095865736
115958875229919,0.008643629270343477
116188110392604,0.0011585054766655707
116206602098255,0.005822416296761811
116268581725119,0.03786534859981025
116402891405540,0.03786534859981025
116718894531331,0.01991354965554018
116775162581637,0.02061475292724824
116829500773451,0.02061475292724824
116834764943427,0.03786534859981025
116899666698525,0.00345650858665458
116938011901513,0.0025147376307259116
117060631087130,0.0025147376307259116
117250171936267,0.00345650858665458
117288928023538,0.02061475292724824
117533541246094,0.03786534859981025
117602322761558,-0.0008677813304967255
117678961274856,0.02061475292724824
117694410843783,0.0027469205874563426
117699114456879,0.005822416296761811
117706734692371,0.0025147376307259116
117946788276358,0.03786534859981025
118009898234949,0.02061475292724824
118057852007251,0.03786534859981025
118078547957023,0.03786534859981025
118259676634338,0.0027469205874563426
118355562373466,-0.0008677813304967255
118363529402010,0.008643629270343477
118401117569635,0.0025147376307259116
118525901276922,0.03786534859981025
118844786741628,0.03786534859981025
119015485745674,0.03786534859981025
119185163646777,0.01991354965554018
119192712739075,0.02061475292724824
119289572909965,0.005822416296761811
119319620159603,0.02061475292724824
119375879681148,0.02061475292724824
119382024009201,0.03786534859981025
119519453253503,-0.009049480095865736
119524586494145,0.02061475292724824
119595840607821,0.03786534859981025
119747276107263,0.005822416296761811
119760420344052,0.03786534859981025
119872961667588,0.02061475292724824
119918308738011,-0.0008677813304967255
120133492142003,0.008643629270343477
120207588454947,0.02061475292724824
120477143185454,0.008643629270343477
120606266757622,0.02061475292724824
120893065801777,0.005822416296761811
120900996104832,-0.01889259274045069
120928302664015,0.0027469205874563426
121049428596057,0.0025147376307259116
121206761802439,-0.0008677813304967255
121428580718411,0.008643629270343477
121547331632278,0.03786534859981025
121787959012280,0.005822416296761811
121826755472233,-0.00804313491982006
121878870513465,0.08088636411035213
121905646946712,0.008643629270343477
121969510437752,-0.008463421030326754
122040131064446,0.005822416296761811
122224109464650,0.005822416296761811
122380304553961,-0.008463421030326754
122475302905408,0.03786534859981025
122543595655247,-0.01889259274045069
122551537412102,0.02061475292724824
122852719934137,0.005822416296761811
122889785603104,0.02061475292724824
122929759741911,0.03786534859981025
123013376650500,-0.012950976627727222
123113641272934,0.01991354965554018
123161978891113,0.02061475292724824
123411424219231,0.0025147376307259116
123427119511815,-0.008463421030326754
123481372932072,0.0027469205874563426
123559996720490,0.01991354965554018
123693257177821,0.02061475292724824
123937112140141,0.03786534859981025
124062376725626,0.02061475292724824
124116990988804,0.02061475292724824
124141373397367,0.0027469205874563426
124280407591088,-0.009049480095865736
124281856096453,0.02061475292724824
124402410281464,-0.0008677813304967255
124510953890378,0.0011585054766655707
124582217392881,0.02061475292724824
124586113338973,-0.012950976627727222
124642321577516,0.005822416296761811
124649577165259,0.005822416296761811
124802961670129,0.00345650858665458
124819198998691,0.03786534859981025
125060840586745,0.005822416296761811
125076691950229,0.03786534859981025
125244387600531,0.008643629270343477
125283944665626,-0.009049480095865736
125636880853906,0.0025147376307259116
125891986033232,0.008643629270343477
125901440864420,0.00345650858665458
125941064751487,-0.008463421030326754
126022164154440,0.03786534859981025
126044928905370,0.02061475292724824
126261550152648,0.008643629270343477
126317734155557,0.00345650858665458
126322356521234,0.008643629270343477
126360286357117,0.008643629270343477
126511756763533,0.005822416296761811
126726639276166,0.005822416296761811
126930231096770,0.005822416296761811
126993200358482,0.03786534859981025
127101815778873,0.03786534859981025
127162316112436,0.03786534859981025
127226683695048,0.02061475292724824
127312939507118,0.0025147376307259116
127314305136754,0.00345650858665458
127346631066336,0.005822416296761811
127380775126475,0.01991354965554018
127461378591476,0.008643629270343477
127461917686186,0.01991354965554018
127596371303372,0.005822416296761811
127764241568821,0.00345650858665458
127777160633575,0.0011585054766655707
127850902057803,0.00345650858665458
127879118863815,0.03786534859981025
127923727173915,0.02061475292724824
127985423490653,0.02061475292724824
128038317083629,0.0011585054766655707
128061602317303,-0.009049480095865736
128204013573976,0.01991354965554018
128242659669068,0.00345650858665458
128429051120383,0.01991354965554018
128470261991695,-0.00804313491982006
128655685982284,0.03786534859981025
128711411305954,-0.008463421030326754
128820719966683,0.005822416296761811
128859652484625,0.00345650858665458
128898247034327,-0.0008677813304967255
129067321627519,0.005822416296761811
129068428783864,0.03786534859981025
129254574685831,0.03786534859981025
129323200930102,0.0025147376307259116
129453765785840,0.03786534859981025
129526214805069,-0.008463421030326754
129532752091524,0.0025147376307259116
129587578531656,0.005822416296761811
129590844484357,0.008643629270343477
129638703659909,0.03786534859981025
129912296005453,0.0025147376307259116
129959175860102,0.02061475292724824
129975854488603,0.03786534859981025
130131600557226,0.00345650858665458
130236603469531,0.02061475292724824
130287756272114,0.005822416296761811
130627768604100,0.03786534859981025
130746555786740,0.02061475292724824
130898365313300,0.02061475292724824
130955008505274,0.03786534859981025
131081767051163,0.03786534859981025
131146178193176,0.03786534859981025
131154744200637,0.0027469205874563426
131162706052469,-0.012950976627727222
131198316747758,0.005822416296761811
131234663609498,-0.009049480095865736
131356342332379,0.0027469205874563426
131517135981832,-0.00804313491982006
131529750018561,0.03786534859981025
131556934411716,0.02061475292724824
131576277853809,0.008643629270343477
131602457882676,0.03786534859981025
131609155817558,0.02061475292724824
131660168656219,-0.01889259274045069
131717246601692,0.005822416296761811
131991043960473,-0.01889259274045069
132210081603828,0.08088636411035213
132281789094564,-0.01889259274045069
132316689046262,-0.0008677813304967255
132365330506715,0.02061475292724824
132680984361893,0.03786534859981025
132895667653808,0.005822416296761811
132913580259634,0.03786534859981025
133036595670461,0.0027469205874563426
133064349676525,0.03786534859981025
133076703628186,0.0025147376307259116
133078728743426,0.03786534859981025
133206106144486,0.0027469205874563426
133218152272279,0.00345650858665458
133541290940495,0.008643629270343477
133600203054161,0.00345650858665458
133845148149944,0.00345650858665458
134014102661023,0.0025147376307259116
134053093749415,0.0027469205874563426
134115173819504,0.03786534859981025
134122578578115,0.02061475292724824
134140742384912,0.005822416296761811
134395939956654,0.01991354965554018
134464046095856,0.005822416296761811
134597567580599,0.00345650858665458
134674695152201,0.03786534859981025
134781519064154,0.02061475292724824
134864707958357,0.02061475292724824
134922841310048,0.03786534859981025
134935338982707,0.0027469205874563426
134987318220552,0.0011585054766655707
135042233434209,0.03786534859981025
135066092798744,-0.012950976627727222
135261253154338,0.00345650858665458
135290922204695,0.03786534859981025
135461258129202,0.0011585054766655707
135548881433591,0.005822416296761811
135628754575249,0.008643629270343477
135660498433893,0.005822416296761811
135775442082647,0.00345650858665458
135793771261175,-0.008463421030326754
135975807930039,-0.009049480095865736
136010395820656,0.008643629270343477
136135695068570,0.03786534859981025
136216916021391,0.00345650858665458
136246885926710,-0.00804313491982006
136253818607329,0.00345650858665458
136269344147858,0.01991354965554018
136311904466398,0.005822416296761811
136371036773462,0.03786534859981025
136462908604177,0.005822416296761811
136512858263053,-0.009049480095865736
136622375050618,0.008643629270343477
136629676211245,-0.009049480095865736
136705391598504,-0.009049480095865736
136951361910511,-0.008463421030326754
136993418152042,0.00345650858665458
136996818779807,0.0025147376307259116
137008259620447,0.00345650858665458
137137194171175,-0.0008677813304967255
137181740983392,0.005822416296761811
137270235801456,-0.0008677813304967255
137298974105668,0.02061475292724824
137321571965101,0.02061475292724824
137400351860514,0.005822416296761811
137543761455778,0.02061475292724824
137647149437838,0.02061475292724824
137670141548109,0.0025147376307259116
137782625351794,0.0027469205874563426
137830294373012,-0.01889259274045069
138139058371006,0.03786534859981025
138147000828833,-0.012950976627727222
138175895973043,0.005822416296761811
138237921089737,0.00345650858665458
138251605120553,0.008643629270343477
138606058420414,0.0025147376307259116
138618918511338,-0.009049480095865736
138680029547674,0.0011585054766655707
138680823021309,0.00345650858665458
138912347055899,-0.01889259274045069
138994088712555,-0.01889259274045069
139084040896288,0.005822416296761811
139144004332886,0.005822416296761811
139212957436739,0.03786534859981025
139234706790725,0.03786534859981025
139237670308749,0.02061475292724824
139378202270203,-0.008463421030326754
139520140321192,0.01991354965554018
139539153390586,-0.01889259274045069
139748002290729,0.05770239976616258
139804381910073,0.00345650858665458
139947091850913,0.00345650858665458
139976088621728,0.005822416296761811
140303403909626,0.0027469205874563426
140489210318294,0.005822416296761811
140613692202773,-0.01889259274045069
140675761544268,0.005822416296761811
140844300320391,0.03786534859981025
140969050031134,0.0025147376307259116
141059530244911,0.00345650858665458
141177280712351,0.02061475292724824
141224110778088,0.005822416296761811
141326516676938,0.01991354965554018
141358622657470,0.02061475292724824
141435091031650,0.008643629270343477
141618289257410,-0.008463421030326754
141862584470081,0.01991354965554018
141921903687490,0.03786534859981025
141927045270088,-0.0008677813304967255
141928413518827,0.005822416296761811
141941320202658,0.03786534859981025
142127558526445,0.02061475292724824
142138348538928,0.005822416296761811
142168834747644,0.03786534859981025
142191663257104,0.0025147376307259116
142230662306530,0.03786534859981025
142234879977212,-0.012950976627727222
142344771025695,0.008643629270343477
142441836666160,0.005822416296761811
142592701137903,0.005822416296761811
142619398948326,0.008643629270343477
142646028004761,-0.008463421030326754
142668732147934,0.005822416296761811
142769133626834,-0.0008677813304967255
142886730862045,-0.01889259274045069
143131487019171,0.03786534859981025
143256925152761,0.02061475292724824
143465991346429,-0.009049480095865736
143528086016454,0.03786534859981025
143666165041881,0.03786534859981025
143721118688556,0.0025147376307259116
143741540463341,0.0027469205874563426
143961987527232,0.03786534859981025
144036013847392,0.0027469205874563426
144069589630517,0.03786534859981025
144106125993072,0.03786534859981025
144124457068391,0.008643629270343477
144183749955062,0.03786534859981025
144192246497840,0.0027469205874563426
144334511572898,0.005822416296761811
144350243266246,0.03786534859981025
144363600209620,0.03786534859981025
144438684982677,0.0027469205874563426
144458699460193,0.03786534859981025
144474008915289,0.03786534859981025
144650869493366,0.0011585054766655707
144703683962405,0.01991354965554018
144915620026937,0.00345650858665458
145000066122276,0.02061475292724824
145009688375028,-0.01889259274045069
145092394774507,0.005822416296761811
145228210304844,0.0027469205874563426
145319941798826,0.02061475292724824
145367153790963,-0.0008677813304967255
145419359983749,0.0027469205874563426
145474936923934,0.00345650858665458
145676217892234,0.005822416296761811
145743846904794,0.0027469205874563426
145820477308432,0.00345650858665458
145972690446459,0.008643629270343477
146010429619167,0.00345650858665458
146082959673925,0.03786534859981025
146141963455053,0.02061475292724824
146196465431803,0.01991354965554018
146496165903876,0.0025147376307259116
146608882091595,0.02061475292724824
146689327018554,0.00345650858665458
146985817368160,0.005822416296761811
147178582471814,0.03786534859981025
147263628994422,0.03786534859981025
147312511114898,0.008643629270343477
147316561673388,0.0027469205874563426
147390711426063,-0.009049480095865736
147467237707047,0.02061475292724824
147607246875787,0.00345650858665458
147679592560369,-0.009049480095865736
147837742883496,0.02061475292724824
148024290503356,0.0025147376307259116
148119842951397,0.005822416296761811
148248664671124,-0.0008677813304967255
148428489105386,-0.009049480095865736
148556599396082,0.00345650858665458
148567268114659,0.005822416296761811
148639007552078,0.005822416296761811
148907049945338,0.008643629270343477
148956341940345,0.005822416296761811
149004134357731,0.0027469205874563426
149141937763339,0.0027469205874563426
149332083559257,0.03786534859981025
149480826985848,-0.00804313491982006
149677329867588,0.03786534859981025
149692468392726,0.03786534859981025
149831547610060,0.03786534859981025
150117619622128,0.02061475292724824
150133429909479,0.00345650858665458
150157855352247,0.008643629270343477
150245366176864,-0.009049480095865736
150314171622217,0.005822416296761811
150341394396280,0.02061475292724824
150387270467161,0.03786534859981025
150559803859725,0.02061475292724824
150716726977205,0.03786534859981025
150799781586484,0.03786534859981025
150969302386654,-0.008463421030326754
150991726941898,0.03786534859981025
151065114844954,0.02061475292724824
151190528447321,0.0027469205874563426
151379319875160,0.02061475292724824
151443097296597,0.02061475292724824
151463912930970,0.0027469205874563426
151491430810144,0.01991354965554018
151635580626326,0.0027469205874563426
151701075985508,0.02061475292724824
151728918589035,0.02061475292724824
151763444736875,0.03786534859981025
151883133047129,0.0027469205874563426
151941392254286,0.01991354965554018
151961589363745,0.01991354965554018
151962763295018,-0.008463421030326754
151983822903626,0.005822416296761811
152012202811219,-0.009049480095865736
152016039266836,0.02061475292724824
152035978072451,0.02061475292724824
152269016824516,0.03786534859981025
152335340614948,0.03786534859981025
152468673446988,0.005822416296761811
152666532337595,0.00345650858665458
152749160344984,0.0025147376307259116
152949795943586,0.02061475292724824
153128214620857,0.00345650858665458
153137508706961,0.03786534859981025
153439219468645,0.02061475292724824
153665633199645,0.0025147376307259116
153812972840062,0.005822416296761811
154269060790351,0.05770239976616258
154299401950874,-0.0008677813304967255
154346269170606,-0.008463421030326754
154557098233143,0.008643629270343477
154633886297033,-0.008463421030326754
154875957500860,0.005822416296761811
154928563530175,0.005822416296761811
154956643745352,0.03786534859981025
155335976186971,-0.01889259274045069
155518100026048,0.02061475292724824
155541362292937,-0.012950976627727222
155578785127935,0.03786534859981025
155578817996563,0.005822416296761811
155622570891853,0.0011585054766655707
155809351028928,0.005822416296761811
155821864804768,0.02061475292724824
155875696900726,0.03786534859981025
155894540080930,0.0027469205874563426
156242751634684,0.02061475292724824
156379683656804,0.005822416296761811
156391148918816,0.03786534859981025
156675618118815,0.008643629270343477
156685668260635,0.03786534859981025
156886762040006,0.03786534859981025
156995084198890,0.01991354965554018
157001007195424,-0.008463421030326754
157112913790574,0.005822416296761811
157141896324457,0.03786534859981025
157165866233028,0.01991354965554018
157210796918355,0.03786534859981025
157365228095806,0.03786534859981025
157473709748251,0.02061475292724824
157511128456123,-0.009049480095865736
157624208137887,0.0025147376307259116
157741570084238,0.02061475292724824
157776210596023,0.02061475292724824
157845072419409,0.00345650858665458
157942711191560,0.0025147376307259116
158263835831735,0.005822416296761811
158272687220920,0.03786534859981025
158331507661001,0.03786534859981025
158352657748411,0.03786534859981025
158368061989307,0.0025147376307259116
158517748687998,0.0025147376307259116
158534256914913,0.03786534859981025
158589254053538,0.00345650858665458
158619931262250,0.03786534859981025
158863447221099,0.03786534859981025
158864986705753,0.01991354965554018
158913760047265,0.0027469205874563426
158929177295243,0.005822416296761811
159138380923629,0.005822416296761811
159734430007289,0.005822416296761811
159783266443916,0.02061475292724824
159873254216576,0.005822416296761811
159984119783390,0.005822416296761811
160045354495644,0.03786534859981025
160069753483773,-0.012950976627727222
160283821680658,0.03786534859981025
160593684266953,0.00345650858665458
160637976361942,0.0027469205874563426
160670946389472,0.03786534859981025
161078459152874,-0.012950976627727222
161226417550950,0.05770239976616258
161301389174781,0.01991354965554018
161385304850931,0.008643629270343477
161462368988377,0.02061475292724824
161517735644275,-0.008463421030326754
161592285385643,0.00345650858665458
161639561864038,0.02061475292724824
161905429633569,0.03786534859981025
161992002723668,0.05770239976616258
162106022825496,-0.009049480095865736
162375374443135,0.0027469205874563426
162400933634819,0.005822416296761811
162459332260281,-0.008463421030326754
162625708324343,0.03786534859981025
162758218306117,-0.01889259274045069
162793803195499,0.005822416296761811
162828198243371,0.02061475292724824
162889571446273,0.02061475292724824
163031907957193,0.0027469205874563426
163032588387671,-0.01889259274045069
163122429797666,-0.0008677813304967255
163155022955176,0.0027469205874563426
163291541413366,0.005822416296761811
163308424686284,0.03786534859981025
163333177729970,-0.012950976627727222
163355943876416,0.008643629270343477
163539680269906,0.00345650858665458
163556792315622,0.005822416296761811
163595612906408,0.008643629270343477
163684869132783,0.02061475292724824
163817869712448,0.01991354965554018
163958653834781,0.01991354965554018
164188104473231,-0.012950976627727222
164250038439455,-0.009049480095865736
164360339911879,0.0025147376307259116
164501932483970,0.0027469205874563426
164597265773193,0.0027469205874563426
164623619383395,0.005822416296761811
164708256253600,-0.00804313491982006
164817957189186,0.02061475292724824
164830725371119,0.03786534859981025
164896065537764,0.0025147376307259116
164916783937305,0.005822416296761811
164939445935648,0.03786534859981025
165163373686908,0.02061475292724824
165349084371644,-0.01889259274045069
165483616105820,-0.009049480095865736
165617354488181,0.03786534859981025
165617980367623,0.02061475292724824
165826600550650,0.005822416296761811
165960908868904,0.03786534859981025
165971823173449,0.005822416296761811
166064183242809,0.05770239976616258
166066258026901,-0.012950976627727222
166089175275020,-0.008463421030326754
166122491071574,-0.012950976627727222
166463616086505,0.03786534859981025
166606012599388,0.005822416296761811
166923102168881,-0.01889259274045069
166993346607397,0.005822416296761811
167060822011021,-0.012950976627727222
167206045526979,0.03786534859981025
167211492608660,0.01991354965554018
167243736235459,-0.01889259274045069
167371302384959,0.005822416296761811
167375412749657,-0.008463421030326754
167640288361930,-0.0008677813304967255
167701712171507,0.00345650858665458
167715185653147,0.03786534859981025
167757059991088,0.005822416296761811
167917846804557,0.00345650858665458
167994020781091,0.008643629270343477
168130736529890,0.005822416296761811
168483686197533,0.02061475292724824
168504070998794,-0.009049480095865736
168696113057303,0.03786534859981025
168843174919580,0.0027469205874563426
168858521721618,0.005822416296761811
168976034494270,0.005822416296761811
168979433659179,0.01991354965554018
169019908170621,0.03786534859981025
169042858419721,0.01991354965554018
169076467441036,-0.009049480095865736
169099351572753,-0.012950976627727222
169278023694598,0.0025147376307259116
169335597486064,0.008643629270343477
169371153871141,0.005822416296761811
169415468809329,0.005822416296761811
169483564623682,-0.012950976627727222
169521578144415,0.00345650858665458
169603327314690,0.03786534859981025
169620424858224,0.03786534859981025
169656204509465,0.03786534859981025
169676827049308,0.01991354965554018
169678079626407,0.02061475292724824
169682504248479,0.02061475292724824
169725593088889,0.05770239976616258
169883588651725,0.00345650858665458
170043872779977,0.03786534859981025
170191633267278,0.01991354965554018
170248428817467,0.02061475292724824
170347069799225,0.0027469205874563426
170429158734717,0.00345650858665458
170480972491957,-0.0008677813304967255
170591746620577,0.005822416296761811
170692986810487,0.0011585054766655707
170791776869294,0.02061475292724824
170979477285949,-0.01889259274045069
171045469818684,0.02061475292724824
171290798608593,0.0025147376307259116
171511240790524,0.03786534859981025
171526647937477,0.005822416296761811
171544397274614,0.01991354965554018
171547641991926,0.02061475292724824
171746468529115,0.0027469205874563426
172020917575580,0.005822416296761811
172132762873636,0.00345650858665458
172365997099202,0.008643629270343477
172371109644420,0.005822416296761811
172387483105216,-0.012950976627727222
172391955301011,0.005822416296761811
172434730983905,0.02061475292724824
172461422597650,0.02061475292724824
172506877879971,0.02061475292724824
172821801369637,0.0027469205874563426
172969960437177,0.02061475292724824
172983785370020,0.00345650858665458
173013166080805,0.0011585054766655707
173098439216288,0.005822416296761811
173156703372281,0.02061475292724824
173316929343488,0.008643629270343477
173444240504022,0.02061475292724824
173456256999506,0.01991354965554018
173604836117848,0.005822416296761811
173714228456334,0.008643629270343477
173724210060708,0.00345650858665458
173734620177747,0.02061475292724824
173739185850889,0.03786534859981025
173846112276332,0.0011585054766655707
173854412004402,0.02061475292724824
174223993968068,0.005822416296761811
174260911976036,0.02061475292724824
174341395145466,0.0027469205874563426
174374517675993,0.005822416296761811
174553241483844,0.02061475292724824
174807192245230,0.0025147376307259116
175054179951091,0.005822416296761811
175078134472797,0.005822416296761811
175102939199867,0.03786534859981025
175131193104788,0.005822416296761811
175490616354469,0.03786534859981025
175515468883505,0.0025147376307259116
175554366747657,0.0027469205874563426
175631811483722,0.0027469205874563426
175720588601107,0.03786534859981025
175724148418930,0.03786534859981025
175785907971746,0.03786534859981025
175810198675214,0.03786534859981025
175898350840501,0.05770239976616258
176003381057305,0.00345650858665458
176132596745584,0.008643629270343477
176153839340680,0.02061475292724824
176307230301619,0.02061475292724824
176482782374953,0.00345650858665458
176509918973389,0.00345650858665458
176748794498897,0.03786534859981025
176799387526875,0.02061475292724824
177047162181797,-0.0008677813304967255
177055167327312,-0.0008677813304967255
177330963118986,-0.009049480095865736
177406634339834,0.03786534859981025
177447767752658,0.03786534859981025
177518602623961,0.008643629270343477
177656164031957,0.03786534859981025
177662358469232,0.05770239976616258
177708628251511,0.00345650858665458
177867612436569,0.008643629270343477
178117027160469,0.02061475292724824
178333144519320,0.0027469205874563426
178364018583973,0.03786534859981025
178437723670607,0.0025147376307259116
178868111044736,0.0027469205874563426
179037489861671,0.008643629270343477
179334972050955,-0.008463421030326754
179342565079311,0.008643629270343477
179604293431171,0.0025147376307259116
179726595227046,0.02061475292724824
179836808142187,-0.01889259274045069
180006139133982,0.005822416296761811
180536637683325,0.02061475292724824
180552486045461,0.005822416296761811
180572836253711,0.008643629270343477
180621280061822,0.00345650858665458
180637755967801,0.005822416296761811
180727366268840,0.005822416296761811
180901917521217,0.03786534859981025
180908258498040,0.05770239976616258
180991616172640,0.00345650858665458
180994058599559,0.03786534859981025
181072202049958,0.005822416296761811
181082020650029,0.0027469205874563426
181145253015277,0.03786534859981025
181211557047295,0.02061475292724824
181308534947453,0.03786534859981025
181356748675895,0.005822416296761811
181399470032847,0.005822416296761811
181467433815612,0.03786534859981025
181688688290343,0.02061475292724824
181810306917010,0.02061475292724824
181852348505479,-0.009049480095865736
181877539523521,-0.0008677813304967255
182012862144805,0.05770239976616258
182046393780247,0.005822416296761811
182231273221449,0.0027469205874563426
182289480746373,0.03786534859981025
182417549537517,0.01991354965554018
182428253384412,0.00345650858665458
182497410284537,0.005822416296761811
182748938251870,0.01991354965554018
182878123210123,-0.009049480095865736
182952651036105,-0.009049480095865736
183191291000302,0.0025147376307259116
183309109136638,0.005822416296761811
183315263393486,0.02061475292724824
183343538453397,0.005822416296761811
183471219906923,0.0011585054766655707
183492674076483,0.01991354965554018
183579959725112,0.03786534859981025
183748661506931,0.01991354965554018
183841006549861,0.03786534859981025
183905624379747,-0.012950976627727222
184008341107497,0.0027469205874563426
184200676726515,0.03786534859981025
184385756986967,0.0011585054766655707
184617785246291,0.005822416296761811
184722388011805,0.0027469205874563426
184856968203951,0.008643629270343477
184864807626489,0.0027469205874563426
184957863446508,0.00345650858665458
184970899271917,0.03786534859981025
184992540849594,0.02061475292724824
185056872053854,0.03786534859981025
185218561834644,0.0025147376307259116
185359936082702,0.05770239976616258
185484905849582,0.02061475292724824
185604738908520,-0.012950976627727222
185771717659464,0.0025147376307259116
185796937137461,0.03786534859981025
186043018712948,0.005822416296761811
186084745019701,0.005822416296761811
186221111560443,0.005822416296761811
186232854086709,0.00345650858665458
186269055761533,-0.01889259274045069
186419994568911,0.02061475292724824
186571909572816,0.03786534859981025
186866701099719,0.005822416296761811
186883852703201,0.0027469205874563426
186923342224717,-0.0008677813304967255
186968422450697,-0.01889259274045069
187207929058311,0.03786534859981025
187444696818720,-0.012950976627727222
187447339356792,0.02061475292724824
187484679935373,0.03786534859981025
187694308606153,0.008643629270343477
187756321272960,-0.009049480095865736
187848719635605,0.03786534859981025
187897061913990,0.00345650858665458
187933000919936,0.00345650858665458
187990528223809,0.005822416296761811
188159160453275,-0.008463421030326754
188268432019601,-0.012950976627727222
188315425664831,0.005822416296761811
188389372642279,0.02061475292724824
188542076809615,0.03786534859981025
188544898865953,0.005822416296761811
188916647794524,0.008643629270343477
188920573492944,0.00345650858665458
189114531728579,0.005822416296761811
189307292817273,0.0027469205874563426
189356557754335,0.03786534859981025
189405017544285,-0.008463421030326754
189500099499806,0.0027469205874563426
189612115644481,0.03786534859981025
189664911968792,-0.012950976627727222
189767072617513,0.02061475292724824
189773979590190,0.00345650858665458
189809863106036,0.005822416296761811
189853662339611,0.03786534859981025
189901990951973,0.0025147376307259116
189931768323602,0.0027469205874563426
189967841011290,0.02061475292724824
190012131450742,0.02061475292724824
190123407789367,0.005822416296761811
190167593289463,0.005822416296761811
190298623725928,0.02061475292724824
190506328384878,0.03786534859981025
190694642778381,0.0027469205874563426
190779782002100,0.00345650858665458
190788792757573,0.00345650858665458
190796626810129,-0.008463421030326754
190829409202652,0.0027469205874563426
190907462373673,0.005822416296761811
190989813656910,0.005822416296761811
191064112064008,0.03786534859981025
191262954272410,0.02061475292724824
191583886188344,0.01991354965554018
191901280879268,0.0025147376307259116
192012842275360,-0.01889259274045069
192252758064061,0.02061475292724824
192282872200392,0.03786534859981025
192475192170706,0.03786534859981025
192566668265526,0.005822416296761811
192612737488877,0.008643629270343477
192648796533630,0.0027469205874563426
192771647393988,0.005822416296761811
192860619495930,-0.008463421030326754
192895494803839,0.005822416296761811
192899391003457,0.008643629270343477
193110271702219,0.005822416296761811
193227665354791,0.0025147376307259116
193232956864901,0.00345650858665458
193304607250034,0.03786534859981025
193468879883265,0.02061475292724824
193489921268303,0.02061475292724824
193855765271761,0.008643629270343477
193965148837658,-0.01889259274045069
194014066381830,0.02061475292724824
194095416145785,0.03786534859981025
194230480230899,-0.009049480095865736
194355141137816,0.008643629270343477
194513254478283,0.03786534859981025
194594640821912,0.005822416296761811
194782613058463,0.03786534859981025
194881873659112,0.005822416296761811
194961385665304,0.0027469205874563426
194987319095359,0.05770239976616258
195147325417342,-0.012950976627727222
195233601609031,0.03786534859981025
195282308951590,0.03786534859981025
195300073118248,-0.008463421030326754
195343614806418,0.0011585054766655707
195370403261705,0.0027469205874563426
195371453783357,0.03786534859981025
195454374096296,0.005822416296761811
195476361675897,-0.01889259274045069
195727149279034,-0.012950976627727222
195894737682644,0.00345650858665458
195947062260022,0.005822416296761811
196003804146735,-0.009049480095865736
196052038069516,0.02061475292724824
196076137853709,0.03786534859981025
196145403809982,-0.01889259274045069
196197258119184,0.005822416296761811
196219027062169,0.0027469205874563426
196247256503948,-0.00804313491982006
196272372272344,0.03786534859981025
196358134409527,0.005822416296761811
196503536376650,-0.009049480095865736
196576874469888,0.02061475292724824
196589274934364,-0.008463421030326754
196679799687689,0.03786534859981025
196787699681162,0.00345650858665458
196836486289552,0.03786534859981025
196888098010322,0.03786534859981025
197049000930149,0.0027469205874563426
197197079475794,0.005822416296761811
197309312386423,0.005822416296761811
197426926724419,0.02061475292724824
197611772632475,0.03786534859981025
197621118429957,-0.01889259274045069
197771244903869,0.02061475292724824
198110483536946,0.008643629270343477
198130842253074,0.0027469205874563426
198577425872056,0.008643629270343477
198630700742511,0.01991354965554018
198650608581953,-0.008463421030326754
198754831073628,0.02061475292724824
198969780683138,0.0027469205874563426
198989234815505,0.005822416296761811
199098460565909,0.008643629270343477
199341609203861,0.00345650858665458
199357876650801,0.03786534859981025
199504662069309,0.00345650858665458
199550362855281,0.03786534859981025
199590086439241,-0.012950976627727222
199899960281388,0.03786534859981025
199910853145970,0.00345650858665458
199914487744867,0.00345650858665458
199951061463503,0.005822416296761811
200065475773939,0.008643629270343477
200286906464690,0.0027469205874563426
200303504394085,0.03786534859981025
200383840093964,0.05770239976616258
200394963658209,0.008643629270343477
200407220843751,0.00345650858665458
200434321298723,0.03786534859981025
200434777183622,0.0025147376307259116
200452301047428,0.005822416296761811
200499243215408,0.00345650858665458
200531207041942,0.0027469205874563426
200551845884943,0.03786534859981025
200831613914288,-0.009049480095865736
200878676616649,0.02061475292724824
200966160233429,0.005822416296761811
201121983432016,0.005822416296761811
201359009283394,0.005822416296761811
201395881801089,0.03786534859981025
201439146154301,0.03786534859981025
201545469908891,0.00345650858665458
201762283033909,0.0027469205874563426
201789241400226,-0.0008677813304967255
201903148075959,0.0027469205874563426
201947197838358,0.0025147376307259116
202082781094974,0.005822416296761811
202286836886376,0.0027469205874563426
202358566063158,0.03786534859981025
202373258973648,0.01991354965554018
202412304949177,0.00345650858665458
202498930410110,0.008643629270343477
202569340456637,-0.009049480095865736
202578540560897,0.03786534859981025
202926279592062,0.005822416296761811
202959285352840,0.03786534859981025
203068863568630,0.0027469205874563426
203116466308448,0.02061475292724824
203118947140292,0.03786534859981025
203225434729566,0.03786534859981025
203295642736114,0.02061475292724824
203326185571847,0.02061475292724824
203489001739870,0.005822416296761811
203632289765211,0.03786534859981025
203750956869687,-0.009049480095865736
203770607017814,0.0027469205874563426
203821998149337,0.03786534859981025
203830366559470,0.0027469205874563426
204056159428048,0.0025147376307259116
204187827089283,0.0027469205874563426
204309622985760,0.005822416296761811
204342988700328,-0.009049480095865736
204722968424737,0.03786534859981025
204781168697788,0.02061475292724824
204784549381122,0.008643629270343477
204805912778231,0.008643629270343477
204891732223647,0.02061475292724824
204897880874897,0.0027469205874563426
205005268225614,0.02061475292724824
205185961952845,-0.0008677813304967255
205232443436921,0.03786534859981025
205422071711431,0.005822416296761811
205440921661025,0.05770239976616258
205569649120227,0.01991354965554018
205802306768866,0.03786534859981025
205806395416651,0.03786534859981025
205902542998855,-0.008463421030326754
206066363785645,0.008643629270343477
206092909074210,0.03786534859981025
206231826739039,-0.008463421030326754
206301543900786,0.00345650858665458
206460238654396,0.0025147376307259116
206469256249904,0.005822416296761811
206494889865216,0.005822416296761811
206588702623159,0.0025147376307259116
206871238538442,0.0027469205874563426
206999846838170,0.005822416296761811
207172975140146,0.01991354965554018
207191349090000,0.005822416296761811
207253220378593,0.00345650858665458
207352272480883,0.02061475292724824
207601935502170,0.03786534859981025
207857783001199,0.03786534859981025
207923167266989,0.03786534859981025
207958797786121,0.00345650858665458
207973439231826,0.005822416296761811
207995429454412,0.02061475292724824
208133973481650,0.03786534859981025
208156472656002,0.01991354965554018
208201507135881,0.0027469205874563426
208217315863442,0.005822416296761811
208230863528684,0.01991354965554018
208283314508376,0.00345650858665458
208373850794289,0.005822416296761811
208611751440694,0.008643629270343477
208632894113034,0.03786534859981025
208661846065675,-0.009049480095865736
208706960144210,0.00345650858665458
208839644178623,-0.012950976627727222
208849169352504,0.02061475292724824
208894948692046,0.0025147376307259116
208995719616969,-0.008463421030326754
209072991211592,0.0027469205874563426
209114237970493,0.005822416296761811
209138109162977,0.03786534859981025
209374349417962,0.005822416296761811
209398857985561,-0.012950976627727222
209756088786849,0.03786534859981025
210004706971224,0.005822416296761811
210069178260288,0.0027469205874563426
210463929371547,0.03786534859981025
210465335404416,0.03786534859981025
210516949400061,0.03786534859981025
210522476490349,0.03786534859981025
210629817338432,0.03786534859981025
210991462392397,0.03786534859981025
211140711706667,0.03786534859981025
211295976155929,0.0027469205874563426
211407803686756,0.0011585054766655707
211499937091945,0.02061475292724824
211590771013236,0.05770239976616258
211797830943338,0.00345650858665458
211868319629690,0.03786534859981025
212286593780320,0.03786534859981025
212335951089404,0.005822416296761811
212359210428973,0.00345650858665458
212573777024616,0.005822416296761811
212588199869931,0.00345650858665458
212630756802255,0.005822416296761811
212715262640930,0.005822416296761811
212918508874439,-0.01889259274045069
212977385322722,0.00345650858665458
213101881351856,-0.008463421030326754
213124442448250,0.0011585054766655707
213155150086388,0.0025147376307259116
213192533946200,0.008643629270343477
213208340176149,-0.012950976627727222
213235369519183,0.00345650858665458
213236844242319,-0.008463421030326754
213331178818392,0.005822416296761811
213349118036031,0.005822416296761811
213462433260983,0.0025147376307259116
213490880032905,0.005822416296761811
213629717562327,0.01991354965554018
213890514179890,0.0027469205874563426
213927386834390,0.03786534859981025
213970775833980,0.03786534859981025
214525450661521,0.0027469205874563426
214537856349442,0.0011585054766655707
214580471264559,0.00345650858665458
214608178073133,0.05770239976616258
214626633779891,0.03786534859981025
214718903327919,-0.008463421030326754
214741760751120,0.03786534859981025
214742606508973,0.03786534859981025
214815396948475,0.008643629270343477
214824492607522,0.02061475292724824
214919223070503,0.0011585054766655707
214920506192940,0.03786534859981025
214990236586547,0.03786534859981025
215092488895240,-0.008463421030326754
215413123942023,0.005822416296761811
215550863075811,0.02061475292724824
215562733869522,0.03786534859981025
215645051309996,-0.009049480095865736
215685918849616,-0.01889259274045069
215776386515910,0.00345650858665458
215798249882287,0.005822416296761811
215864386572015,-0.01889259274045069
215867180259153,0.02061475292724824
215879740784576,0.01991354965554018
216143634063286,0.00345650858665458
216188503886687,-0.01889259274045069
216273537877886,0.03786534859981025
216361572479715,-0.009049480095865736
216385239543507,0.00345650858665458
216429057873604,0.005822416296761811
216477866474585,0.0011585054766655707
216496028089886,0.02061475292724824
216545368536971,-0.009049480095865736
216554728321139,0.0025147376307259116
216826437510779,0.05770239976616258
216881828038146,-0.012950976627727222
216885186720544,0.02061475292724824
217087643646402,0.02061475292724824
217235468274178,0.05770239976616258
217245011780127,0.008643629270343477
217274233545599,0.005822416296761811
217277067349148,0.0027469205874563426
217374139228294,0.03786534859981025
217417184316879,0.01991354965554018
217516047981029,-0.01889259274045069
217641917333340,0.03786534859981025
217682667837055,0.005822416296761811
217783154279216,0.005822416296761811
217869737728023,0.00345650858665458
217974836952127,0.05770239976616258
218060537163835,0.00345650858665458
218069087495573,0.02061475292724824
218087575672262,-0.01889259274045069
218288726166563,0.03786534859981025
218467466723115,0.0011585054766655707
218514845341453,0.00345650858665458
218889800369144,0.005822416296761811
219065055793150,0.01991354965554018
219289587894359,0.01991354965554018
219432927150383,0.0025147376307259116
219546115414796,0.03786534859981025
219626549476043,0.005822416296761811
219670696325073,0.03786534859981025
219820037295230,0.02061475292724824
219920256408182,0.0027469205874563426
220125735471942,0.03786534859981025
220133816607243,0.03786534859981025
220138751199696,-0.008463421030326754
220272398836685,-0.01889259274045069
220585278700996,-0.008463421030326754
220656341027182,0.0025147376307259116
220675156134839,-0.009049480095865736
220705800927095,0.03786534859981025
220732636744901,0.01991354965554018
220764657729757,0.02061475292724824
220786490302742,0.03786534859981025
220839809106545,0.02061475292724824
220967770931886,0.0027469205874563426
221054566297739,0.0025147376307259116
221105044452540,-0.012950976627727222
221414298770311,0.00345650858665458
221435998675567,0.03786534859981025
221450453947350,0.02061475292724824
221459716340118,0.03786534859981025
221499228776005,0.03786534859981025
221648085631332,0.00345650858665458
221677164926276,0.03786534859981025
221936857866892,0.008643629270343477
221972753085993,-0.01889259274045069
222312799756509,0.005822416296761811
222340128185234,0.005822416296761811
222363166634578,0.01991354965554018
222434064907901,-0.01889259274045069
222503203663012,0.03786534859981025
222506262191193,0.03786534859981025
222686229891024,-0.012950976627727222
222690800322214,0.03786534859981025
222726344779931,0.0011585054766655707
222759424742819,0.0011585054766655707
222836931647198,0.00345650858665458
222911975893260,-0.008463421030326754
223038319076073,0.00345650858665458
223091722352012,0.00345650858665458
223092578644750,0.0027469205874563426
223349638490707,0.03786534859981025
223555751970975,0.00345650858665458
223574371527274,-0.01889259274045069
223580265422335,-0.008463421030326754
223583915745610,-0.009049480095865736
223725631868177,-0.0008677813304967255
223896993818396,0.00345650858665458
224157984085149,0.03786534859981025
224168963060410,0.03786534859981025
224379213048008,0.02061475292724824
224446252527110,0.02061475292724824
224625134937410,0.0027469205874563426
224726400883037,0.005822416296761811
224785681040185,-0.009049480095865736
224924584651725,0.00345650858665458
224944196188602,0.01991354965554018
224967847317305,0.02061475292724824
225071168209981,0.00345650858665458
225193567899707,0.02061475292724824
225327220533995,-0.012950976627727222
225348730806166,0.0011585054766655707
225445056521866,0.0027469205874563426
225603725708750,0.008643629270343477
225627462860909,0.00345650858665458
225647898250534,0.02061475292724824
225700576989048,0.02061475292724824
225852146365268,0.02061475292724824
225886641249898,0.0027469205874563426
225890208073301,-0.00804313491982006
225927205735785,0.02061475292724824
225928783089682,0.02061475292724824
225950839895348,0.00345650858665458
225989315201494,0.03786534859981025
225990138262107,0.0011585054766655707
226043324470337,0.008643629270343477
226211086291457,0.02061475292724824
226442293427903,0.03786534859981025
226454235423020,-0.01889259274045069
226479481135377,0.008643629270343477
226561380026334,0.03786534859981025
226619545554591,-0.0008677813304967255
226684679854718,0.02061475292724824
226696851061637,0.005822416296761811
226721573417409,0.03786534859981025
226797631892088,-0.009049480095865736
226836511614723,0.005822416296761811
227038015727063,0.05770239976616258
227118363413555,0.0025147376307259116
227155204593128,0.02061475292724824
227315835050470,0.005822416296761811
227418228646009,0.005822416296761811
227489380897240,-0.01889259274045069
227498427409731,0.03786534859981025
227619423520325,0.02061475292724824
227696505217549,0.005822416296761811
227797703171728,0.03786534859981025
227823595829373,0.008643629270343477
227863831614408,0.01991354965554018
227893104644055,0.02061475292724824
227939764543732,0.005822416296761811
227946454629027,-0.009049480095865736
228176744991707,0.0027469205874563426
228221155027483,0.005822416296761811
228242983822015,0.005822416296761811
228271347429811,0.008643629270343477
228313132843940,0.005822416296761811
228633936708726,-0.009049480095865736
228755825764127,0.02061475292724824
228760116606885,-0.008463421030326754
228932435522843,0.02061475292724824
228979325541945,0.0025147376307259116
229122726210360,0.02061475292724824
229177862503619,0.03786534859981025
229408434568855,-0.01889259274045069
229489756010420,0.02061475292724824
229498137325741,0.03786534859981025
229530135277392,0.0025147376307259116
229755401595915,0.00345650858665458
229756920428943,0.03786534859981025
229766603474306,-0.012950976627727222
229844485949139,0.0011585054766655707
229971938193995,0.02061475292724824
230094575888656,0.00345650858665458
230148732147853,0.005822416296761811
230404099404235,-0.01889259274045069
230514194491857,0.005822416296761811
230823210253109,-0.008463421030326754
230941828482534,0.03786534859981025
231058944509861,0.00345650858665458
231070086715751,0.005822416296761811
231080845353616,0.03786534859981025
231157230315109,-0.008463421030326754
231239159491928,0.02061475292724824
231320324933583,0.02061475292724824
231329126187581,0.03786534859981025
231360605242366,0.03786534859981025
231395848729199,0.0027469205874563426
231574626945253,-0.00804313491982006
231594606485869,0.005822416296761811
231630093951941,0.02061475292724824
231682027662660,0.00345650858665458
231742782865803,0.005822416296761811
231744558605713,-0.012950976627727222
231903116515667,0.0025147376307259116
232221603761429,0.0027469205874563426
232293900631196,0.008643629270343477
232337232737743,0.02061475292724824
232542031863036,0.005822416296761811
232643343597284,0.008643629270343477
232900551522276,0.0027469205874563426
232925954207597,-0.009049480095865736
232973103503653,-0.01889259274045069
232999829619926,0.02061475292724824
233065069382841,-0.00804313491982006
233077853862693,0.02061475292724824
233178993358812,0.02061475292724824
233182540777858,0.01991354965554018
233383153405343,0.03786534859981025
233542442555838,0.03786534859981025
233603311531090,0.0027469205874563426
233692453704544,0.005822416296761811
233711459313654,0.01991354965554018
233734572173703,0.03786534859981025
233757668580924,0.005822416296761811
233795642661162,0.0027469205874563426
233803777267054,0.03786534859981025
233912083700604,0.0025147376307259116
233919830437569,0.005822416296761811
233950557264556,0.00345650858665458
234032627092416,0.0025147376307259116
234095477953271,0.01991354965554018
234492848534654,0.03786534859981025
234510306832857,0.03786534859981025
234592071008764,0.008643629270343477
234605401484709,0.02061475292724824
234622465035017,0.02061475292724824
234649803809926,0.03786534859981025
234813707960016,0.03786534859981025
235030484434692,0.008643629270343477
235096052488924,0.008643629270343477
235257438492893,-0.009049480095865736
235392656828971,0.03786534859981025
235417835452754,0.005822416296761811
235472257724057,0.00345650858665458
235512327130464,-0.008463421030326754
235539927718524,0.03786534859981025
235590794341662,-0.0008677813304967255
235622030712152,-0.012950976627727222
235627130903047,0.02061475292724824
236035347171339,0.02061475292724824
236227283746966,0.03786534859981025
236306745831323,0.00345650858665458
236377993236385,0.03786534859981025
236399433997509,0.03786534859981025
236606589502154,-0.008463421030326754
236716477392087,-0.012950976627727222
236736047927002,0.005822416296761811
236749804783559,0.0025147376307259116
236896570000629,0.03786534859981025
237087986828394,-0.012950976627727222
237278524128389,-0.01889259274045069
237284627733157,0.03786534859981025
237297185163901,0.008643629270343477
237300165927656,0.005822416296761811
237524618826456,-0.009049480095865736
237682355056515,0.0027469205874563426
237697386156943,0.03786534859981025
237715891341319,0.0027469205874563426
237753328512171,0.03786534859981025
237928487401281,0.00345650858665458
238090312839498,0.0027469205874563426
238200344240848,0.03786534859981025
238240698527267,0.05770239976616258
238416057991978,-0.009049480095865736
238502484589247,-0.009049480095865736
238855574151634,-0.00804313491982006
238902665928055,0.008643629270343477
239148993084472,0.00345650858665458
239171034887123,0.00345650858665458
239190288121081,0.03786534859981025
239297160577259,-0.009049480095865736
239352868912997,0.005822416296761811
239588604257690,0.0025147376307259116
239673982891983,0.02061475292724824
239706175148528,-0.0008677813304967255
239852912462638,0.03786534859981025
239871348374537,0.008643629270343477
240320638267367,0.03786534859981025
240382412816801,-0.009049480095865736
240432143608460,0.03786534859981025
240471409844738,0.02061475292724824
240489593360032,0.0025147376307259116
240490083680411,0.03786534859981025
240493464651244,0.01991354965554018
240517819235363,-0.009049480095865736
240586845942917,0.008643629270343477
240636278501005,0.05770239976616258
240775464027310,0.03786534859981025
240971991102200,0.0025147376307259116
241246938375977,0.005822416296761811
241462849765241,0.03786534859981025
241619041670970,0.005822416296761811
241829810052545,0.05770239976616258
241861512197102,0.02061475292724824
241909001119280,0.03786534859981025
242261139945326,0.0027469205874563426
242329939876797,0.005822416296761811
242371226437915,0.02061475292724824
242371880591990,0.008643629270343477
242406312605110,-0.0008677813304967255
242414134009858,0.005822416296761811
242461282631035,0.0025147376307259116
242511380293788,0.00345650858665458
242512799471622,0.03786534859981025
242522860992899,0.01991354965554018
242612211841010,0.03786534859981025
242614905740039,-0.008463421030326754
242662653241470,0.03786534859981025
242702960285315,0.03786534859981025
242711281131014,-0.01889259274045069
242734206834418,0.005822416296761811
242769879502727,-0.00804313491982006
242775108143777,0.02061475292724824
242861293129744,0.005822416296761811
242976321497484,-0.01889259274045069
243058454297448,-0.012950976627727222
243121147595295,0.03786534859981025
243132636113533,0.0025147376307259116
243313105405485,0.0027469205874563426
243431767773433,0.05770239976616258
243470884749831,0.008643629270343477
243492195116622,-0.008463421030326754
243570433853324,0.005822416296761811
243573019058145,0.00345650858665458
243591471606763,0.0025147376307259116
243625966246475,0.03786534859981025
243711583123936,0.02061475292724824
243969926050099,0.02061475292724824
243976912128633,0.0027469205874563426
244557555544119,0.02061475292724824
245221152865318,-0.01889259274045069
245637462662802,-0.012950976627727222
245647435289076,0.00345650858665458
245761175803680,0.0025147376307259116
245801055424255,0.03786534859981025
245871375236533,0.02061475292724824
245940248759680,0.005822416296761811
246009299751837,0.005822416296761811
246067741730027,0.03786534859981025
246114879238165,-0.012950976627727222
246152190570471,0.0027469205874563426
246230850602250,0.03786534859981025
246252078866332,0.03786534859981025
246338629370797,0.0011585054766655707
246533814289904,0.005822416296761811
246732930388974,0.02061475292724824
246856072197124,0.005822416296761811
246955615942631,0.03786534859981025
247114761279566,0.01991354965554018
247232642017494,0.00345650858665458
247258750081040,0.03786534859981025
247288384410249,-0.01889259274045069
247316806694150,0.008643629270343477
247342516133910,0.005822416296761811
247523697279378,0.005822416296761811
247856927477142,0.0027469205874563426
247973285655640,0.03786534859981025
248009943491535,0.005822416296761811
248026461387288,0.005822416296761811
248118307603517,0.02061475292724824
248123653626734,-0.009049480095865736
248210350016250,0.02061475292724824
248437912549978,0.00345650858665458
248484272570950,0.005822416296761811
248500808370505,-0.009049480095865736
248507460512447,0.0027469205874563426
248510757987365,0.005822416296761811
248784925792308,0.0025147376307259116
248854239988291,0.05770239976616258
248986139630276,0.005822416296761811
249145961254347,0.005822416296761811
249181568955667,0.03786534859981025
249253623633894,0.0025147376307259116
249304081615753,0.03786534859981025
249414905660722,0.0027469205874563426
249554414184542,-0.00804313491982006
249610696800721,-0.01889259274045069
249769251448580,0.02061475292724824
249821281061092,0.0011585054766655707
249893105113952,0.0011585054766655707
249913496618827,0.0027469205874563426
250040181522452,-0.008463421030326754
250044165306499,-0.012950976627727222
250099917074037,0.02061475292724824
250132155967906,0.02061475292724824
250246354274410,0.02061475292724824
250259804798192,0.00345650858665458
250311496858571,0.005822416296761811
250605382700787,0.00345650858665458
250610225331033,0.005822416296761811
250630430657763,-0.008463421030326754
250720344272450,0.02061475292724824
250884283903974,-0.01889259274045069
250926688054338,0.02061475292724824
251005889798299,0.03786534859981025
251352036283083,0.02061475292724824
251489566763974,0.03786534859981025
251503202732938,0.02061475292724824
251557333170642,0.0027469205874563426
251964981895311,0.0027469205874563426
252301938860812,0.03786534859981025
252467812850929,0.005822416296761811
252872801441127,0.008643629270343477
253056852195289,0.005822416296761811
253135636471754,-0.008463421030326754
253245334995850,0.005822416296761811
253288524381906,0.0027469205874563426
253358435481514,0.005822416296761811
253450727554160,-0.0008677813304967255
253803324183158,0.005822416296761811
253952621053618,0.02061475292724824
254241346315572,0.03786534859981025
254379928190444,-0.009049480095865736
254436640984387,0.0027469205874563426
254452344890500,0.0025147376307259116
254554288254123,0.0011585054766655707
254570946518395,0.02061475292724824
254573591620109,-0.01889259274045069
254589406153946,0.03786534859981025
254777192288756,0.005822416296761811
254862655809153,0.02061475292724824
254996225991927,0.03786534859981025
255000743755999,0.005822416296761811
255099190979607,0.02061475292724824
255197970505033,0.005822416296761811
255362374278820,0.03786534859981025
255537420255320,-0.0008677813304967255
255550243710339,0.005822416296761811
255625968866809,0.01991354965554018
255907160603402,0.008643629270343477
255909048362976,0.02061475292724824
255909101743737,0.03786534859981025
256149284181517,0.01991354965554018
256220855246967,0.02061475292724824
256271561554695,0.00345650858665458
256595491080588,-0.01889259274045069
256676538322039,0.005822416296761811
256740873777171,0.0011585054766655707
256764885447653,-0.0008677813304967255
256794254390188,0.02061475292724824
256850933266700,-0.012950976627727222
256853669259127,0.0011585054766655707
256925427628828,0.02061475292724824
256998626429781,0.02061475292724824
257014898162162,0.02061475292724824
257138288397608,0.0011585054766655707
257161463373437,0.02061475292724824
257163222790675,0.03786534859981025
257589061091375,0.005822416296761811
257612139683906,-0.008463421030326754
257613772806664,0.02061475292724824
257642855383436,0.03786534859981025
257652338789338,0.00345650858665458
257936570133028,0.03786534859981025
257952045125488,0.008643629270343477
257989288395537,0.03786534859981025
258010404590209,0.03786534859981025
258017876337396,0.03786534859981025
258019616606963,0.005822416296761811
258033432329233,0.005822416296761811
258137351538853,-0.008463421030326754
258224374683932,0.02061475292724824
258295959070280,0.00345650858665458
258301027523634,0.03786534859981025
258328169839604,0.02061475292724824
258398206858279,-0.008463421030326754
258588066658306,0.03786534859981025
258648912283417,0.03786534859981025
258723735380771,0.008643629270343477
258775075566058,0.03786534859981025
258906486636132,0.03786534859981025
258962726413277,0.02061475292724824
258964234513456,0.02061475292724824
259225594075877,0.005822416296761811
259271869553144,0.0011585054766655707
259393652335166,0.00345650858665458
259531677574845,0.03786534859981025
259663432277214,0.03786534859981025
259722833592589,-0.01889259274045069
259793453923638,-0.01889259274045069
259923697000098,-0.00804313491982006
260363134432295,0.0011585054766655707
260535185339407,-0.01889259274045069
260759150426570,0.02061475292724824
260919871343056,0.03786534859981025
260955184870923,0.00345650858665458
261038671724774,0.02061475292724824
261123773550998,-0.01889259274045069
261130822587290,0.01991354965554018
261142226483060,0.05770239976616258
261162012317538,0.02061475292724824
261262770061861,-0.01889259274045069
261319936519381,0.0011585054766655707
261347650560619,0.03786534859981025
261379759229666,0.01991354965554018
261405670728452,-0.0008677813304967255
261424505041012,0.005822416296761811
261437383742857,0.008643629270343477
261565858390252,0.005822416296761811
261592228397821,0.008643629270343477
261686086433883,0.00345650858665458
261739415336763,0.03786534859981025
261823710150369,0.005822416296761811
261985828028462,0.03786534859981025
262003910036575,0.0025147376307259116
262076555543609,0.03786534859981025
262205786513186,0.005822416296761811
262646804294850,0.01991354965554018
262837910242600,0.08088636411035213
262839123975955,0.0025147376307259116
262918765436200,0.00345650858665458
262943738598361,0.0025147376307259116
262971944003716,0.03786534859981025
262990028891641,0.005822416296761811
263000659110271,0.02061475292724824
263118660995533,0.0027469205874563426
263345877458078,-0.008463421030326754
263375841310463,0.02061475292724824
263392468867237,0.005822416296761811
263516966393962,0.03786534859981025
263594824296431,0.03786534859981025
263800786110200,0.02061475292724824
263938134668895,-0.01889259274045069
263963232869559,0.0025147376307259116
263964685705690,0.03786534859981025
264012359271446,0.03786534859981025
264053947066473,0.03786534859981025
264172780291632,0.02061475292724824
264360772154401,0.05770239976616258
264535212073572,0.0025147376307259116
264837050164278,0.005822416296761811
264847286422141,-0.0008677813304967255
264903016733010,0.005822416296761811
265012382185854,0.02061475292724824
265047583126012,0.00345650858665458
265127476885555,-0.012950976627727222
265192363897801,0.005822416296761811
265287563709696,0.03786534859981025
265399766737684,0.03786534859981025
265520204304909,0.02061475292724824
265704754199212,0.00345650858665458
266028631803129,0.0025147376307259116
266065469885975,-0.0008677813304967255
266082742268048,-0.012950976627727222
266205783332876,0.02061475292724824
266251739174405,0.02061475292724824
266312525233491,-0.009049480095865736
266468636820850,-0.009049480095865736
266584685077723,0.00345650858665458
266668107368795,0.0027469205874563426
266783578959943,0.0025147376307259116
266872652592006,0.03786534859981025
266981808367306,0.00345650858665458
267197997307436,0.03786534859981025
267232418291266,0.005822416296761811
267292003099953,0.00345650858665458
267299097435824,-0.012950976627727222
267395921688784,0.00345650858665458
267409503287550,0.02061475292724824
267420498780575,0.01991354965554018
267531970687785,0.0027469205874563426
267978314001215,0.005822416296761811
268083622152236,0.03786534859981025
268530356492066,0.005822416296761811
268567470505980,0.02061475292724824
268796765029808,0.0027469205874563426
268820259706070,0.0027469205874563426
268860029922393,0.03786534859981025
268868185620419,0.005822416296761811
268872168283860,0.00345650858665458
269159564292939,0.0027469205874563426
269228394039332,0.02061475292724824
269283901533897,0.01991354965554018
269439782022773,0.02061475292724824
269628347331456,-0.009049480095865736
270303709288591,0.02061475292724824
270388690904394,0.0027469205874563426
270464011990863,0.0027469205874563426
270597596308378,0.03786534859981025
270626678767707,0.00345650858665458
270694730581945,0.00345650858665458
270744611446650,0.01991354965554018
270825290582371,0.008643629270343477
270950929929821,0.02061475292724824
270965815632173,0.01991354965554018
271009763054262,0.03786534859981025
271060970406398,-0.01889259274045069
271083612539388,0.02061475292724824
271248349081569,0.005822416296761811
271380985536909,0.00345650858665458
271445413712012,0.005822416296761811
271490005348332,0.005822416296761811
271545839221337,0.0027469205874563426
271550254761639,0.03786534859981025
271837386129952,0.005822416296761811
271863676733300,0.0011585054766655707
271980840353057,0.008643629270343477
271991000775243,0.03786534859981025
272069589615886,0.0011585054766655707
272152105696336,0.03786534859981025
272261608552382,0.0027469205874563426
272372192907551,0.008643629270343477
272394396281408,0.02061475292724824
272474660971538,0.03786534859981025
272521022938905,0.01991354965554018
272585357974472,0.02061475292724824
272743477279521,0.0011585054766655707
272780578492044,0.02061475292724824
272944233065051,0.02061475292724824
272978447391262,0.03786534859981025
273147568020627,0.02061475292724824
273210764169129,0.03786534859981025
273225422663331,0.03786534859981025
273296986673338,0.02061475292724824
273425872609997,0.03786534859981025
273560951204066,0.03786534859981025
273573212042755,0.008643629270343477
273633991335114,0.0025147376307259116
273718577962614,0.03786534859981025
273738098513162,0.005822416296761811
273739309540766,0.005822416296761811
273870118704885,0.02061475292724824
274059938317740,-0.012950976627727222
274075713909269,0.005822416296761811
274077103844540,0.03786534859981025
274142076512906,0.03786534859981025
274257636228928,0.0027469205874563426
274294188006762,0.005822416296761811
274357438773304,0.005822416296761811
274375536378503,0.02061475292724824
274649188172684,0.005822416296761811
274706527257841,0.03786534859981025
274753112643835,0.00345650858665458
274817312440618,0.005822416296761811
274875034798182,-0.009049480095865736
274880750150031,0.0025147376307259116
274890377889937,0.03786534859981025
274969834246390,0.008643629270343477
275072429722901,0.008643629270343477
275119043556769,0.03786534859981025
275151296631557,-0.012950976627727222
275258458830366,0.03786534859981025
275378685351465,0.03786534859981025
275491149993689,0.03786534859981025
275515167175859,-0.012950976627727222
275647235607015,0.03786534859981025
275664192808043,0.005822416296761811
275926704250445,0.005822416296761811
276135888070810,0.02061475292724824
276156840835286,0.008643629270343477
276201728464948,0.005822416296761811
276544849775738,0.03786534859981025
276557436881830,0.005822416296761811
276558690705279,0.00345650858665458
276721846289378,0.0027469205874563426
276748653582874,0.005822416296761811
276802478926279,0.008643629270343477
276828263802456,0.00345650858665458
276880224577193,0.005822416296761811
277417962840256,0.0011585054766655707
277426993160849,0.0025147376307259116
277524449957730,0.005822416296761811
277571482694104,0.02061475292724824
277692488431065,0.005822416296761811
277703422238349,0.03786534859981025
277704720683831,0.03786534859981025
277753453962891,0.0027469205874563426
277771169659235,0.02061475292724824
277773242493096,0.03786534859981025
277856157534661,0.02061475292724824
277992341304870,0.02061475292724824
278023435100478,-0.01889259274045069
278097465566869,0.0027469205874563426
278201155723394,0.0025147376307259116
278585908281763,0.005822416296761811
278588316198970,0.02061475292724824
278705231006832,-0.008463421030326754
278723050144937,-0.01889259274045069
278762458267193,0.00345650858665458
278811724102870,0.00345650858665458
278828910313076,0.03786534859981025
279299146125608,-0.012950976627727222
279436900417691,0.03786534859981025
279465443879787,0.0027469205874563426
279536808953361,0.005822416296761811
279709468026253,0.0011585054766655707
279719497959825,-0.01889259274045069
279847518011841,0.00345650858665458
279872832391647,-0.0008677813304967255
279921622393690,0.03786534859981025
279956010579014,0.005822416296761811
280012311234725,0.01991354965554018
280048824234224,0.03786534859981025
280057384964157,0.0027469205874563426
280126238311582,0.03786534859981025
280158728685679,0.0027469205874563426
280236223876035,0.005822416296761811
280249022606936,0.005822416296761811
280285312465851,0.005822416296761811
280405675172418,0.08088636411035213
280461703655641,0.005822416296761811
280534814402786,0.005822416296761811
280577791023143,0.03786534859981025
280897218701764,0.00345650858665458
281054287599458,0.05770239976616258
281132937796589,0.03786534859981025
281165380540758,0.00345650858665458
281220082101072,-0.012950976627727222
281468256139268,0.00345650858665458
