item_key,elasticity
122255998472,-2.5981454709823186
142060233120,-1.691616241662297
273254869476,-0.9901313829650793
334741852012,-3.6135890304108322
360969770608,-2.540096894918985
361263665728,-2.540096894918985
426445230223,-1.691616241662297
451781451022,-1.691616241662297
454322348784,-2.028774224846301
534895545168,-2.5981454709823186
543973061810,-1.2811720973618845
557508304121,-2.028774224846301
590882946133,-2.028774224846301
642947446522,-0.9901313829650793
645553196889,-2.540096894918985
699237237377,-1.691616241662297
895469897618,-1.691616241662297
911302539935,-1.691616241662297
1006543042866,-2.395599773685927
1229038828612,-1.691616241662297
1229733485661,-2.395599773685927
1273773874044,-2.540096894918985
1277502153005,-2.540096894918985
1340596856000,-2.3769170352824074
1590287234780,-1.691616241662297
1652426723209,-1.691616241662297
1687354230478,-2.395599773685927
1790164797872,-1.691616241662297
1907487694394,-2.5981454709823186
1981198122793,-2.395599773685927
2126790419932,-2.540096894918985
2169278488511,-2.5981454709823186
2364532345270,-2.395599773685927
2448318672390,-2.395599773685927
2506340415430,-2.5981454709823186
2529791781737,-2.540096894918985
2684475193179,-2.5981454709823186
2692801778218,-3.0628139815571505
2741204919379,-2.3769170352824074
2750802669707,-1.691616241662297
2751905588963,-2.5981454709823186
2753991183399,-1.799825280303553
2875774016995,-2.540096894918985
2924787753430,-1.691616241662297
3049965247312,-1.799825280303553
3084842360059,-1.799825280303553
3330130587640,-2.5981454709823186
3346253103357,-1.691616241662297
3446605697875,-2.8566053724308422
3513842662384,-3.6135890304108322
3816565082458,-3.6135890304108322
3820923259118,-3.6135890304108322
3972844844530,-1.2811720973618845
4043159244195,-2.322482865073635
4328357489459,-2.468565795281229
4380301400697,-1.691616241662297
4452667886887,-3.6135890304108322
4472639882936,-1.691616241662297
4549763103345,-1.691616241662297
4679187658941,-2.540096894918985
4693255693835,-1.691616241662297
4715332377835,-2.5981454709823186
4743687304473,-1.691616241662297
4832112483124,-2.540096894918985
4961607342274,-2.540096894918985
4978580709168,-1.691616241662297
5181723277294,-3.0628139815571505
5267034007337,-3.6135890304108322
5277700535289,-0.9901313829650793
5308256192807,-2.3769170352824074
5389974816115,-2.395599773685927
5579587713952,-2.5981454709823186
5614264906504,-2.3769170352824074
5625838419693,-2.5981454709823186
5754263826447,-1.691616241662297
5778731767475,-3.0628139815571505
5793872763501,-2.322482865073635
5801730803460,-2.5981454709823186
5909553899614,-2.540096894918985
5944804569421,-3.6135890304108322
6049504758961,-1.691616241662297
6150512912727,-2.540096894918985
6158912997251,-2.540096894918985
6289412508835,-3.9504772778306565
6349578084904,-3.6135890304108322
6420794234615,-3.6135890304108322
6517680099937,-3.6135890304108322
6530784700875,-2.8566053724308422
6572744456707,-2.3769170352824074
6604891549977,-1.691616241662297
6710010110942,-2.5981454709823186
6970258212725,-1.691616241662297
7061948800396,-1.691616241662297
7192183069053,-1.691616241662297
7207872307743,-1.799825280303553
7452747415115,-1.691616241662297
7456238216778,-1.691616241662297
7631969095401,-2.028774224846301
7776043214770,-2.395599773685927
7964550379609,-2.540096894918985
7965829486053,-3.0628139815571505
8035684664898,-3.6135890304108322
8116231202775,-1.691616241662297
8168205591115,-1.691616241662297
8199572265134,-2.028774224846301
8217810429632,-2.395599773685927
8403177563876,-2.5981454709823186
8646325084420,-2.3769170352824074
8720923924658,-2.5981454709823186
8737365162565,-1.2811720973618845
8779253678836,-2.395599773685927
8824703451007,-1.691616241662297
8867215005342,-2.395599773685927
9035724444596,-2.540096894918985
9054193971115,-2.540096894918985
9152089347230,-1.691616241662297
9156501146421,-2.028774224846301
9290500962350,-1.691616241662297
9307597220092,-2.540096894918985
9335220395163,-1.691616241662297
9349944311551,-3.6135890304108322
9426780568730,-2.322482865073635
9754680907209,-2.5981454709823186
9822031278890,-2.5981454709823186
9896369941436,-2.322482865073635
9976658223379,-2.540096894918985
10027987783534,-2.8566053724308422
10198739923178,-3.0628139815571505
10212811239854,-2.540096894918985
10266685099075,-1.691616241662297
10401867728135,-3.6135890304108322
10409053305256,-2.395599773685927
10442439962273,-2.028774224846301
10474797981763,-2.540096894918985
10554422722157,-2.3769170352824074
10650991296578,-2.322482865073635
11124418330921,-1.799825280303553
11277799495980,-2.540096894918985
11333613691141,-2.322482865073635
11421541905593,-1.2811720973618845
11622131674632,-2.3769170352824074
11648531682475,-2.5981454709823186
11661834942388,-2.540096894918985
11773514884839,-2.2447704601593523
11780460949620,-2.028774224846301
11876842683335,-2.5981454709823186
12266273821396,-2.540096894918985
12309687413535,-2.8566053724308422
12467345107467,-1.691616241662297
12595411590119,-2.5981454709823186
12675735903954,-2.540096894918985
12734110588883,-2.395599773685927
12745890047571,-1.691616241662297
12821788349845,-1.691616241662297
12865511057039,-2.540096894918985
13072220999894,-1.691616241662297
13208746089764,-2.5981454709823186
13301754709408,-2.322482865073635
13383592903260,-2.5981454709823186
13427382096726,-2.540096894918985
13483984028640,-3.6135890304108322
13597494729200,-2.540096894918985
13609939244188,-3.6135890304108322
13641551748529,-2.8566053724308422
13642823440295,-2.540096894918985
13847264421741,-1.691616241662297
14083923976935,-2.028774224846301
14105250346680,-1.691616241662297
14211309028732,-3.6135890304108322
14229101123243,-2.322482865073635
14345875489892,-2.540096894918985
14406034957098,-1.691616241662297
14474957739656,-2.540096894918985
14522640794199,-2.540096894918985
14599650877349,-3.6135890304108322
14633544863110,-2.5981454709823186
14648772981767,-3.6135890304108322
14656811748682,-2.395599773685927
14774595337577,-2.5981454709823186
14775619364317,-2.3769170352824074
14805117551035,-1.799825280303553
14824962784938,-2.8566053724308422
14911552136420,-3.0628139815571505
15053342263752,-3.6135890304108322
15165833107518,-1.691616241662297
15295529865018,-2.395599773685927
15561296169109,-1.691616241662297
15569645492278,-1.2811720973618845
15576933097427,-3.6135890304108322
15639633395989,-3.0628139815571505
15649807261442,-2.540096894918985
15714562288993,-3.6135890304108322
15837031295463,-2.8566053724308422
15881820827069,-2.028774224846301
15994284408992,-1.691616241662297
16115971239550,-2.540096894918985
16159173553950,-3.6135890304108322
16171300688109,-1.691616241662297
16231189998382,-1.691616241662297
16250704289599,-1.691616241662297
16348241051244,-2.028774224846301
16360407820271,-3.6135890304108322
16439374755079,-2.322482865073635
16542008127127,-1.691616241662297
16544353549018,-1.691616241662297
16604882329173,-1.691616241662297
16898003074607,-3.9504772778306565
16930829613172,-2.5981454709823186
16931086748242,-2.5981454709823186
17206497755234,-3.0628139815571505
17523182172627,-2.322482865073635
17550675910044,-2.540096894918985
17580398168827,-0.9901313829650793
17634832502279,-2.5981454709823186
17687954925970,-1.2811720973618845
17806419222069,-2.395599773685927
18272996248354,-2.395599773685927
18313283074949,-1.691616241662297
18475717764783,-2.3769170352824074
18576869194296,-1.691616241662297
18621149725882,-3.0628139815571505
18677085046420,-2.540096894918985
18741211550485,-2.540096894918985
18804571705221,-1.691616241662297
19042780093137,-2.2447704601593523
19154029221227,-2.3769170352824074
19177146037826,-0.9901313829650793
19363133668809,-2.395599773685927
19590392185187,-2.395599773685927
19683788972433,-1.691616241662297
19821460454327,-2.5981454709823186
19969750099210,-2.3769170352824074
19985901878296,-2.540096894918985
20111063597257,-1.691616241662297
20156795639868,-2.5981454709823186
20203126596892,-2.8566053724308422
20211508201120,-2.5981454709823186
20213550319203,-3.6135890304108322
20391616588838,-2.322482865073635
20395642409368,-2.540096894918985
20450760825508,-2.3769170352824074
20541695289010,-2.540096894918985
21024902605759,-1.691616241662297
21145435249874,-2.395599773685927
21156867239205,-2.395599773685927
21189088502515,-3.0628139815571505
21196726093250,-3.6135890304108322
21230624892838,-2.322482865073635
21233630506135,-2.3769170352824074
21309867490367,-2.540096894918985
21715013908376,-1.691616241662297
21754041549290,-2.322482865073635
21783064050137,-1.691616241662297
21928381241718,-3.6135890304108322
22101454483004,-1.691616241662297
22174055374512,-2.540096894918985
22231392240245,-2.540096894918985
22243884870493,-2.540096894918985
22433115452758,-3.6135890304108322
22449162167039,-1.2811720973618845
22618264637715,-1.691616241662297
22714784894013,-3.0628139815571505
22725415658226,-1.691616241662297
22748602509332,-2.540096894918985
22966777129050,-2.028774224846301
23373539363200,-1.691616241662297
23381471573131,-2.5981454709823186
23498656666750,-1.691616241662297
23523211570592,-2.540096894918985
23554596919959,-2.5981454709823186
23565244127617,-0.9901313829650793
23713484529550,-1.691616241662297
24127156604567,-2.5981454709823186
24186154879473,-2.5981454709823186
24267608991147,-3.6135890304108322
24269905596168,-3.6135890304108322
24335138052163,-2.5981454709823186
24515197776598,-2.3769170352824074
24538507165411,-2.2447704601593523
24639616613003,-1.799825280303553
24655879112660,-2.2447704601593523
24748145453672,-2.395599773685927
24811068671471,-2.540096894918985
24848015186727,-2.540096894918985
24941311350710,-2.5981454709823186
24958752762868,-2.395599773685927
24982330489325,-2.8566053724308422
25025038358477,-1.691616241662297
25038272605281,-2.5981454709823186
25079766780223,-1.691616241662297
25129641449325,-2.395599773685927
25173515715306,-3.0628139815571505
25221759641450,-2.3769170352824074
25271973043404,-3.0628139815571505
25295960929925,-2.540096894918985
25434384862029,-2.540096894918985
25604358630496,-2.540096894918985
25648895772245,-2.5981454709823186
25664002860836,-1.691616241662297
25678600232435,-2.468565795281229
25733592903066,-1.691616241662297
25872685387946,-2.3769170352824074
25942644156793,-1.691616241662297
26000448704660,-1.691616241662297
26502200758607,-2.5981454709823186
26550714087691,-3.9504772778306565
26594116268187,-1.691616241662297
26801050195300,-2.8566053724308422
26806251186457,-1.691616241662297
26835187883703,-2.322482865073635
26976207812148,-2.5981454709823186
27099545577493,-1.691616241662297
27137446130807,-2.468565795281229
27198946181573,-2.5981454709823186
27344638592727,-2.540096894918985
27452252955267,-3.6135890304108322
27458540919948,-2.5981454709823186
27515654540897,-2.2447704601593523
27552224576233,-2.540096894918985
27681940073549,-2.395599773685927
27861206603297,-1.799825280303553
27885921918473,-1.691616241662297
27937459349205,-2.395599773685927
27962583418740,-2.395599773685927
27974902818301,-1.691616241662297
28097991010860,-1.691616241662297
28193404316663,-2.540096894918985
28206605692982,-2.540096894918985
28280283219498,-0.9901313829650793
28428714014044,-2.395599773685927
28462803328424,-2.5981454709823186
28707565336372,-2.540096894918985
28967904551963,-2.540096894918985
29094876613235,-2.540096894918985
29109340491656,-2.3769170352824074
29123456843228,-1.691616241662297
29135378338092,-1.691616241662297
29141408660208,-3.0628139815571505
29329528510500,-2.322482865073635
29511614844557,-2.028774224846301
29519971173724,-2.8566053724308422
29632189006816,-3.0628139815571505
29667941991313,-1.691616241662297
29771676227908,-2.395599773685927
29901652691680,-2.028774224846301
30110280326357,-2.3769170352824074
30131571320250,-2.395599773685927
30511698560905,-2.540096894918985
30562534139578,-3.0628139815571505
30631881667929,-2.322482865073635
30727313486772,-2.540096894918985
30731839541830,-2.3769170352824074
30983981944508,-2.5981454709823186
30997706451775,-2.5981454709823186
31034087961670,-1.799825280303553
31244706081814,-2.5981454709823186
31251903269047,-2.2447704601593523
31278168652882,-2.540096894918985
31406911096061,-2.3769170352824074
31517729663529,-3.0628139815571505
31520729178616,-1.691616241662297
31646513567522,-1.691616241662297
31675756772132,-0.9901313829650793
31682799002197,-1.799825280303553
31752054035642,-2.540096894918985
31771997540804,-3.6135890304108322
31827848594342,-2.2447704601593523
31887932412934,-2.5981454709823186
31981261312386,-1.691616241662297
32018599878976,-1.691616241662297
32018647795219,-3.0628139815571505
32172457577866,-3.6135890304108322
32237120709977,-3.6135890304108322
32288152001464,-2.2447704601593523
32382618840958,-2.3769170352824074
32424587532770,-2.322482865073635
32493817078725,-3.0628139815571505
32525160440118,-2.540096894918985
32631259087756,-2.5981454709823186
32636123687386,-1.691616241662297
32672076735193,-3.0628139815571505
32705686740924,-1.691616241662297
32910464048464,-0.9901313829650793
32927863889723,-3.0628139815571505
32938462930463,-1.691616241662297
32942630197982,-2.395599773685927
33009929417484,-2.5981454709823186
33041722021847,-2.540096894918985
33198598833507,-1.691616241662297
33337140820305,-2.5981454709823186
33565202660085,-3.0628139815571505
33593026383617,-2.540096894918985
33620717974906,-2.540096894918985
33708154773722,-1.691616241662297
33709011353822,-1.691616241662297
33807976559097,-2.5981454709823186
33893219830739,-2.5981454709823186
33941675236958,-2.540096894918985
34044781987531,-2.3769170352824074
34123469560813,-1.691616241662297
34169175962718,-3.6135890304108322
34364862921053,-3.6135890304108322
34428630810671,-1.691616241662297
34464922734439,-2.8566053724308422
34558027787791,-3.0628139815571505
34911945874003,-1.691616241662297
34961363998209,-2.028774224846301
34961724224362,-3.6135890304108322
35055339711515,-1.691616241662297
35155334886347,-1.691616241662297
35195278987371,-2.322482865073635
35212616943506,-2.3769170352824074
35454264111269,-1.691616241662297
35464969594305,-1.691616241662297
35594903146681,-3.0628139815571505
35660587534859,-3.0628139815571505
35724202108659,-1.691616241662297
35733888643667,-1.691616241662297
35890796918750,-1.691616241662297
35944253820213,-2.5981454709823186
36215242736625,-1.691616241662297
36403133233064,-1.691616241662297
36403782243263,-2.3769170352824074
36547654754278,-2.2447704601593523
36595292286795,-1.691616241662297
36659127796283,-2.395599773685927
36767930387710,-3.6135890304108322
36771429737417,-0.9901313829650793
36864094785780,-2.3769170352824074
36956534894794,-2.540096894918985
36987641848295,-2.3769170352824074
37104745196472,-2.8566053724308422
37112700789956,-2.5981454709823186
37143918336671,-1.691616241662297
37362592886047,-1.691616241662297
37854730444689,-1.799825280303553
37867283809724,-3.6135890304108322
37997311246047,-2.3769170352824074
38000748078213,-2.540096894918985
38005967066548,-3.0628139815571505
38069159201644,-3.0628139815571505
38479189594316,-2.540096894918985
38625914245024,-3.6135890304108322
38633499172406,-1.691616241662297
38730259217897,-3.0628139815571505
38894203764772,-2.8566053724308422
39047664696141,-3.6135890304108322
39155425859914,-2.540096894918985
39305700925823,-1.691616241662297
39598805417307,-2.5981454709823186
39744478462399,-1.691616241662297
40063326901032,-1.799825280303553
40128861782820,-1.691616241662297
40191920267644,-1.691616241662297
40279004976610,-3.9504772778306565
40481189652638,-1.691616241662297
40556897138991,-1.691616241662297
40566415692810,-1.691616241662297
40600078796222,-2.540096894918985
40672812083094,-2.2447704601593523
40684613646650,-2.540096894918985
40833296424528,-2.540096894918985
40875842004488,-2.5981454709823186
40898643840062,-2.5981454709823186
40935613417180,-2.540096894918985
40959991306151,-1.691616241662297
41153576659142,-2.540096894918985
41182371972941,-2.395599773685927
41216960885423,-3.0628139815571505
41222129535492,-2.540096894918985
41468131528818,-2.2447704601593523
41529978105243,-2.395599773685927
41583393454508,-1.691616241662297
41651284231986,-2.5981454709823186
41916326130177,-2.5981454709823186
41992615911459,-2.2447704601593523
42006612731974,-2.5981454709823186
42059717960577,-2.5981454709823186
42204163905483,-2.322482865073635
42267357251180,-1.691616241662297
42284205704420,-2.5981454709823186
42288558148727,-1.691616241662297
42546890156722,-2.540096894918985
42584710114148,-1.691616241662297
42586219457424,-2.5981454709823186
42641730943000,-1.691616241662297
42654719757498,-2.540096894918985
42804983606192,-1.799825280303553
42943190041438,-2.028774224846301
43106900719148,-1.691616241662297
43324848523831,-2.540096894918985
43344458523403,-2.3769170352824074
43519991060918,-0.9901313829650793
43549303682526,-2.540096894918985
43637292906987,-4.374500345171729
43674745588476,-2.5981454709823186
43690124958978,-2.540096894918985
43720651635128,-2.395599773685927
43798073661796,-2.540096894918985
43865037252039,-1.799825280303553
44060377317847,-3.6135890304108322
44062329049750,-0.9901313829650793
44133907263927,-1.691616241662297
44167137423862,-1.799825280303553
44199333801954,-2.5981454709823186
44216003341475,-1.2811720973618845
44363282697362,-2.5981454709823186
44439782548607,-2.540096894918985
44475004154543,-3.9504772778306565
44522822228140,-2.540096894918985
44549732324463,-3.9504772778306565
44571462757542,-2.540096894918985
44583541347019,-3.6135890304108322
44787598902132,-2.395599773685927
44996476451352,-1.691616241662297
45044637819727,-2.5981454709823186
45054147071404,-1.691616241662297
45217598374563,-0.9901313829650793
45356800943202,-2.8566053724308422
45438484890708,-3.6135890304108322
45476353918145,-2.8566053724308422
45577530652969,-1.691616241662297
45934250448403,-2.2447704601593523
46102348697759,-2.8566053724308422
46250552755941,-1.691616241662297
46426830365169,-2.2447704601593523
46431391174730,-1.799825280303553
46441330592114,-2.540096894918985
46448263298935,-3.0628139815571505
46642755396793,-2.540096894918985
46761333501059,-1.691616241662297
46765612717759,-2.5981454709823186
46777765603668,-2.2447704601593523
46794960939830,-1.799825280303553
46842188366232,-2.5981454709823186
46873396716712,-2.540096894918985
46946689727403,-2.468565795281229
47086614178719,-3.0628139815571505
47142631976598,-2.322482865073635
47145293803802,-1.2811720973618845
47156455395224,-2.3769170352824074
47251855029268,-1.691616241662297
47267081206564,-2.540096894918985
47359064340687,-2.2447704601593523
47403474043109,-2.028774224846301
47690842332954,-2.3769170352824074
48124353206546,-3.6135890304108322
48260592856413,-1.691616241662297
48352262271583,-2.2447704601593523
48437024390578,-2.5981454709823186
48497653266604,-2.540096894918985
48595052312988,-2.322482865073635
48698321559027,-2.3769170352824074
48776171451544,-0.9901313829650793
48800168481821,-2.540096894918985
48950551112240,-2.028774224846301
49013960154823,-1.691616241662297
49107850541863,-2.395599773685927
49109475813092,-2.395599773685927
49114704921544,-2.468565795281229
49140321549626,-2.540096894918985
49181536255241,-2.5981454709823186
49187826093122,-3.6135890304108322
49245174912811,-2.540096894918985
49341166783391,-2.5981454709823186
49383605419546,-2.395599773685927
49457979933089,-3.6135890304108322
49501021970924,-2.540096894918985
49714357540234,-2.2447704601593523
49960448854087,-2.395599773685927
49986436413086,-1.691616241662297
50063570730067,-2.540096894918985
50327313240902,-0.9901313829650793
50393910363123,-0.9901313829650793
50447404444104,-2.028774224846301
50547313277125,-2.028774224846301
50643552316946,-1.799825280303553
50706340620530,-2.322482865073635
50825738244324,-2.2447704601593523
50890244369172,-1.691616241662297
51046354192406,-1.691616241662297
51126360439840,-2.5981454709823186
51150197298052,-0.9901313829650793
51229022352495,-2.5981454709823186
51256625512600,-2.5981454709823186
51406337094445,-2.540096894918985
51441865290601,-2.322482865073635
51465179973999,-1.691616241662297
51545828020585,-2.395599773685927
51551799611615,-3.6135890304108322
51744188180156,-1.691616241662297
51827604855538,-3.0628139815571505
51898525271825,-2.540096894918985
52016360048029,-2.5981454709823186
52232213878874,-1.691616241662297
52261297703691,-1.2811720973618845
52510706281744,-2.2447704601593523
52638967279442,-2.540096894918985
52712150734365,-1.799825280303553
52826002028388,-2.540096894918985
52988329541978,-1.691616241662297
53126794783964,-1.691616241662297
53156434769451,-3.6135890304108322
53284012500024,-2.540096894918985
53358227044877,-1.2811720973618845
53366157692523,-1.691616241662297
53382320506301,-2.5981454709823186
53563211882629,-1.691616241662297
53587843475486,-2.540096894918985
53732969485070,-2.395599773685927
53904991682149,-2.540096894918985
53981581275563,-2.028774224846301
54055016258798,-1.691616241662297
54310057022074,-2.322482865073635
54358093789905,-2.540096894918985
54367664865911,-2.8566053724308422
54439897230883,-0.9901313829650793
54466660826687,-2.028774224846301
54558559475619,-0.9901313829650793
54615407893408,-2.322482865073635
54685906404449,-2.395599773685927
54800057659950,-2.5981454709823186
54820617361654,-2.540096894918985
54837722206931,-0.9901313829650793
55038264446398,-1.691616241662297
55142464566505,-1.691616241662297
55228681689292,-2.3769170352824074
55282382078485,-2.540096894918985
55393597474959,-2.3769170352824074
55410631456666,-1.691616241662297
55518082143573,-1.691616241662297
55518652638001,-1.691616241662297
55673198659595,-2.468565795281229
55779649136852,-2.5981454709823186
55796538055475,-2.028774224846301
55802229332412,-2.540096894918985
55817732494820,-2.5981454709823186
55951543650339,-1.799825280303553
55952455697067,-2.540096894918985
56051696191068,-2.3769170352824074
56219533706964,-2.028774224846301
56325754744231,-2.5981454709823186
56353128510433,-2.540096894918985
56361419055999,-1.2811720973618845
56398026815632,-2.395599773685927
56645226421296,-3.6135890304108322
56661139092806,-2.540096894918985
56690148099175,-1.691616241662297
56786944202282,-2.540096894918985
56928548582812,-2.322482865073635
56966270799965,-2.028774224846301
56991918349387,-2.5981454709823186
57225539264373,-2.028774224846301
57265754521481,-2.395599773685927
57280719065297,-1.691616241662297
57319318179578,-2.540096894918985
57320463452985,-1.691616241662297
57703827841647,-2.540096894918985
57707319359243,-1.691616241662297
57766393859093,-3.6135890304108322
57775096181989,-2.5981454709823186
57899093304771,-2.540096894918985
58107939431732,-2.5981454709823186
58236295175808,-2.5981454709823186
58637775259389,-2.5981454709823186
58657527146165,-1.691616241662297
58701697198341,-2.540096894918985
59047026246082,-2.5981454709823186
59066903197386,-0.9901313829650793
59284532457853,-1.691616241662297
59389610774465,-1.691616241662297
59779842897829,-2.322482865073635
59843286805388,-3.6135890304108322
60216053946774,-2.5981454709823186
60235818270298,-2.8566053724308422
60263837768118,-2.5981454709823186
60263892137242,-3.0628139815571505
60319288606144,-2.2447704601593523
60338064849324,-2.5981454709823186
60472749612210,-2.540096894918985
60504050944717,-2.3769170352824074
60674045987693,-2.395599773685927
60702270952686,-2.540096894918985
60762587057768,-1.691616241662297
60922376383976,-2.8566053724308422
61069857099955,-2.8566053724308422
61074835782675,-2.322482865073635
61237554349502,-3.6135890304108322
61240627085683,-1.691616241662297
61368320526081,-1.799825280303553
61422062172047,-2.3769170352824074
61960587202712,-2.395599773685927
61982182618072,-1.799825280303553
62027153462597,-2.2447704601593523
62119429706493,-1.691616241662297
62195201599553,-2.5981454709823186
62204176550621,-2.322482865073635
62226629119787,-2.8566053724308422
62272276824336,-2.395599773685927
62283380424214,-2.540096894918985
62318183048111,-2.540096894918985
62359493943940,-1.691616241662297
62493537978617,-2.468565795281229
62596620076406,-3.0628139815571505
62600223046173,-2.028774224846301
62641842882092,-2.322482865073635
62682373559631,-1.691616241662297
62722614329713,-2.540096894918985
62918974306117,-1.691616241662297
63291511255262,-2.028774224846301
63870914434942,-1.691616241662297
63952081215237,-1.691616241662297
64016425988463,-1.799825280303553
64099032985395,-2.5981454709823186
64118821141443,-3.0628139815571505
64241488184524,-2.540096894918985
64241910380653,-0.9901313829650793
64266339186502,-3.6135890304108322
64593616287948,-2.3769170352824074
64614404164602,-2.5981454709823186
65104272162301,-2.5981454709823186
65137796015865,-2.540096894918985
65373933621535,-2.5981454709823186
65394400347680,-2.540096894918985
65474739756752,-1.799825280303553
65565909622485,-3.6135890304108322
65599309032884,-2.395599773685927
65684840589930,-3.6135890304108322
65850976463126,-2.540096894918985
65857614826349,-1.691616241662297
65936712978107,-3.6135890304108322
65945353505635,-3.6135890304108322
65962467953128,-2.322482865073635
65999645242324,-1.691616241662297
66003517992621,-2.540096894918985
66023766104592,-2.540096894918985
66045885877090,-2.028774224846301
66100790324411,-2.5981454709823186
66155785620546,-3.6135890304108322
66158588449473,-2.5981454709823186
66236478610215,-2.2447704601593523
66262057777514,-1.691616241662297
66386044581230,-2.322482865073635
66432804385191,-2.540096894918985
66469825280307,-2.540096894918985
66629321797248,-2.5981454709823186
66638276848471,-3.6135890304108322
66705111923267,-2.5981454709823186
66804388550568,-1.691616241662297
66963783882478,-2.8566053724308422
67098512815459,-1.691616241662297
67122851515807,-2.540096894918985
67151673463120,-1.691616241662297
67170936393932,-2.5981454709823186
67198057284672,-2.5981454709823186
67351262357493,-2.5981454709823186
67394684900296,-3.0628139815571505
67959300837559,-3.6135890304108322
67976616944208,-2.540096894918985
68042752144878,-2.540096894918985
68074929708569,-2.028774224846301
68124382292701,-2.028774224846301
68139231104510,-2.395599773685927
68174885944419,-1.691616241662297
68212563307589,-2.395599773685927
68240387769197,-2.5981454709823186
68297149207901,-2.540096894918985
68415573481528,-2.395599773685927
68541895495838,-3.6135890304108322
68666392103769,-1.691616241662297
68704763249715,-1.691616241662297
68721651252160,-2.540096894918985
68840047325230,-1.691616241662297
68862443314051,-1.691616241662297
68894025073638,-1.691616241662297
68993858578946,-2.5981454709823186
69020140231167,-3.6135890304108322
69044176735228,-1.799825280303553
69118228593780,-2.5981454709823186
69176282043018,-3.0628139815571505
69348195402969,-2.540096894918985
69450844745155,-1.691616241662297
69487097278008,-1.691616241662297
69541946784774,-2.540096894918985
69551473248154,-2.322482865073635
69606673556880,-3.9504772778306565
69672932586954,-1.691616241662297
69752173648326,-1.691616241662297
69855384315502,-1.691616241662297
69884542024343,-2.8566053724308422
69931834506887,-2.540096894918985
70056929876266,-2.5981454709823186
70121275023858,-2.395599773685927
70198104319828,-2.028774224846301
70275679345672,-1.799825280303553
70293862356744,-2.395599773685927
70495565794174,-2.540096894918985
70540604025119,-2.3769170352824074
70624817732049,-0.9901313829650793
70738468299744,-2.322482865073635
70744329537147,-1.691616241662297
70775308640469,-2.540096894918985
70864460352855,-3.6135890304108322
70986883527835,-2.468565795281229
71117618882083,-3.0628139815571505
71259049007190,-2.395599773685927
71383178344508,-2.5981454709823186
71394436989244,-2.395599773685927
71449952896676,-2.3769170352824074
71473086851371,-2.395599773685927
71488185050378,-2.540096894918985
71492571660026,-2.5981454709823186
71530925460636,-1.691616241662297
71616981912448,-2.540096894918985
71639128058520,-2.395599773685927
71940907335782,-2.395599773685927
72133658163406,-1.691616241662297
72171059527105,-2.5981454709823186
72317381267478,-2.3769170352824074
72336261947888,-1.691616241662297
72384683958615,-1.691616241662297
72393310507176,-1.691616241662297
72436020820021,-1.691616241662297
72454974121228,-2.540096894918985
72506311069101,-2.540096894918985
72531265585541,-2.468565795281229
72729373682437,-2.028774224846301
72794310517952,-1.799825280303553
72994134262312,-3.6135890304108322
73340617427227,-2.8566053724308422
73346149704601,-2.540096894918985
73389095824965,-3.9504772778306565
73556625452359,-2.3769170352824074
73579963076183,-2.5981454709823186
73591042629309,-2.540096894918985
73662191637457,-2.540096894918985
73833989798234,-1.691616241662297
73877508086397,-3.0628139815571505
73970184888758,-2.5981454709823186
74090974976292,-3.6135890304108322
74093444053626,-2.028774224846301
74230017226216,-1.691616241662297
74262144851365,-2.395599773685927
74293528028291,-3.6135890304108322
74307890965866,-2.5981454709823186
74462021394914,-2.2447704601593523
74490891612373,-1.691616241662297
74674819571011,-2.2447704601593523
74762970089425,-1.691616241662297
74791779574524,-2.028774224846301
75130432947061,-2.5981454709823186
75230675080537,-2.3769170352824074
75274040893114,-1.691616241662297
75368200341386,-2.028774224846301
75451714656360,-2.395599773685927
75474282171847,-2.540096894918985
75531136691970,-2.540096894918985
75670733679828,-1.691616241662297
75847922263723,-2.3769170352824074
75983897562172,-2.5981454709823186
76046447602898,-1.691616241662297
76099117186198,-1.691616241662297
76242631360708,-2.540096894918985
76246641018198,-2.540096894918985
76251561769083,-2.322482865073635
76259323823003,-2.5981454709823186
76416007806028,-3.6135890304108322
76830606155097,-2.5981454709823186
76926321591939,-2.5981454709823186
77046398695997,-2.028774224846301
77414523683868,-1.691616241662297
77424188398058,-3.6135890304108322
77441030447438,-1.691616241662297
77529115828212,-1.691616241662297
77832014614514,-2.468565795281229
77938182410849,-1.691616241662297
78049232604093,-2.540096894918985
78191777393020,-2.322482865073635
78247410979667,-2.5981454709823186
78433456398897,-3.6135890304108322
78596267942434,-3.6135890304108322
78600605929477,-2.8566053724308422
78876662581754,-1.691616241662297
79143072351141,-2.540096894918985
79186781194493,-1.691616241662297
79318768156379,-2.322482865073635
79611493384041,-1.691616241662297
79739355800798,-1.691616241662297
79747927473613,-2.540096894918985
79748064182968,-3.0628139815571505
79899000940625,-2.5981454709823186
79935966435733,-2.540096894918985
79971319141371,-1.691616241662297
80026176673917,-2.468565795281229
80544347167810,-2.395599773685927
80556418166017,-3.6135890304108322
80583469295800,-2.5981454709823186
80683970075711,-2.5981454709823186
80897223187467,-2.468565795281229
80916840867803,-3.6135890304108322
81054484480398,-3.0628139815571505
81173200805986,-2.028774224846301
81230409205904,-2.8566053724308422
81258746185207,-2.028774224846301
81261836926950,-2.8566053724308422
81282191504302,-2.395599773685927
81404086970392,-2.540096894918985
81623003875689,-1.691616241662297
81708851723990,-2.3769170352824074
81911532385768,-3.0628139815571505
81948744962960,-2.028774224846301
81968746297433,-0.9901313829650793
82068978211116,-2.5981454709823186
82090712322259,-3.6135890304108322
82137393023375,-2.8566053724308422
82219759002345,-2.540096894918985
82327153923829,-2.5981454709823186
82501599420782,-2.5981454709823186
82702311673446,-1.691616241662297
82718533711970,-2.5981454709823186
82739463347853,-2.540096894918985
82812074749458,-1.691616241662297
82894169698233,-2.2447704601593523
83169146490136,-1.691616241662297
83209366763861,-1.691616241662297
83359054340279,-2.395599773685927
83424203388773,-2.468565795281229
83466702200453,-2.395599773685927
83518560254144,-3.6135890304108322
83553484797853,-0.9901313829650793
83728724602855,-3.6135890304108322
83991728815376,-2.540096894918985
84386843204830,-2.540096894918985
84459324266368,-2.3769170352824074
84473842647330,-2.5981454709823186
84510535024257,-1.691616241662297
84547806104902,-1.691616241662297
84560365002131,-2.2447704601593523
84599651114557,-2.8566053724308422
84752201688373,-2.322482865073635
84882162529545,-2.540096894918985
84890945821922,-2.5981454709823186
84901225785357,-2.2447704601593523
84940183729311,-3.0628139815571505
85044611492193,-2.5981454709823186
85072271713330,-2.5981454709823186
85080458905101,-0.9901313829650793
85088531917620,-1.2811720973618845
85162714817286,-3.9504772778306565
85165392221618,-1.691616241662297
85169587768654,-2.322482865073635
85283376495454,-1.691616241662297
85515579781024,-1.691616241662297
85522058722469,-2.395599773685927
85593091490251,-1.691616241662297
85695867419009,-2.8566053724308422
85706326611759,-2.540096894918985
85708036858082,-2.8566053724308422
85744651051408,-2.540096894918985
85966687449844,-2.540096894918985
86091171839110,-1.2811720973618845
86280948371024,-1.2811720973618845
86400813931110,-2.5981454709823186
86600654978059,-3.6135890304108322
86975271317503,-2.540096894918985
87000202965261,-3.6135890304108322
87036057140991,-2.5981454709823186
87099689906646,-2.3769170352824074
87209272836396,-1.799825280303553
87254336263050,-2.3769170352824074
87270855197935,-2.5981454709823186
87292325353972,-1.691616241662297
87353603854685,-2.3769170352824074
87570392715049,-1.691616241662297
87637359303839,-3.6135890304108322
87646998994284,-2.5981454709823186
87698455416731,-3.6135890304108322
87754582392444,-2.540096894918985
87775537183461,-2.395599773685927
87796177263399,-2.8566053724308422
87985107028440,-2.028774224846301
88099626246875,-2.395599773685927
88108775564255,-2.322482865073635
88110511814492,-1.691616241662297
88146979395293,-1.691616241662297
88156396939327,-2.395599773685927
88312664236724,-2.5981454709823186
88371779780049,-2.540096894918985
88376531051105,-2.322482865073635
88435353288051,-1.691616241662297
88774802059863,-1.799825280303553
88972676751840,-2.322482865073635
89043435225095,-1.691616241662297
89056401284942,-2.3769170352824074
89068536348604,-3.6135890304108322
89073329847717,-2.540096894918985
89081474512986,-2.540096894918985
89118162559272,-1.691616241662297
89211912696946,-1.691616241662297
89252417507470,-1.691616241662297
89431323371907,-2.540096894918985
89582543222124,-2.5981454709823186
89820723102017,-2.2447704601593523
89823611356418,-2.395599773685927
90048139260908,-2.322482865073635
90057580089231,-2.028774224846301
90256954270469,-2.3769170352824074
90272218980542,-2.3769170352824074
90442034354421,-2.5981454709823186
90845012230305,-1.691616241662297
90890827946134,-1.691616241662297
91020015850556,-1.691616241662297
91051175391806,-1.691616241662297
91174151505474,-2.540096894918985
91294708145317,-0.9901313829650793
91299721681760,-2.5981454709823186
91360256477750,-2.540096894918985
91370847446393,-1.691616241662297
91581053104955,-2.540096894918985
91750688281545,-0.9901313829650793
91810059617138,-2.540096894918985
91934562403356,-2.028774224846301
92069241350986,-3.0628139815571505
92177699394480,-3.6135890304108322
92187568872275,-2.8566053724308422
92210237353486,-2.3769170352824074
92314099786343,-1.691616241662297
92362458236482,-2.5981454709823186
92400554356182,-2.3769170352824074
92410086183971,-2.395599773685927
92939468416662,-2.322482865073635
92960557687824,-3.0628139815571505
93112569826627,-3.0628139815571505
93361062414786,-2.8566053724308422
93410440190322,-2.395599773685927
93480855150846,-1.691616241662297
93554363593336,-1.691616241662297
93572075045051,-1.691616241662297
93577339085789,-2.3769170352824074
93607199908949,-2.028774224846301
93741921172549,-1.691616241662297
93830965110654,-2.395599773685927
93842940931286,-2.540096894918985
93997008677540,-2.540096894918985
94010605595852,-2.3769170352824074
94109723872378,-1.691616241662297
94294509514732,-1.799825280303553
94343378859485,-2.540096894918985
94602911892908,-1.691616241662297
94621478814073,-2.395599773685927
94793582244142,-2.5981454709823186
94794758286384,-3.6135890304108322
94809334238164,-3.6135890304108322
95034233363370,-3.6135890304108322
95097044498689,-1.691616241662297
95151998364850,-2.3769170352824074
95154830964779,-2.395599773685927
95162581235824,-3.6135890304108322
95334949964655,-2.322482865073635
95366027264730,-2.540096894918985
95587365311525,-2.540096894918985
95617978859999,-2.5981454709823186
95723669065208,-2.028774224846301
96097526991612,-2.322482865073635
96200885890989,-3.0628139815571505
96309368996617,-1.691616241662297
96360082205695,-2.395599773685927
96366059243422,-2.8566053724308422
96367442504332,-2.028774224846301
96443802082787,-1.2811720973618845
96527253454010,-2.540096894918985
96629520669002,-2.540096894918985
96743843166951,-2.540096894918985
96768364356294,-2.322482865073635
96849750554294,-0.9901313829650793
97047154850474,-1.799825280303553
97151487063608,-2.5981454709823186
97299695205915,-3.6135890304108322
97313971736967,-2.028774224846301
97434529522957,-3.6135890304108322
97447041664339,-2.322482865073635
97571958941270,-2.395599773685927
97669030207761,-2.5981454709823186
98082800321313,-2.540096894918985
98173396268504,-2.5981454709823186
98251097986159,-2.5981454709823186
98295016796129,-2.395599773685927
98322623449997,-2.540096894918985
98459753204418,-2.540096894918985
98634858795640,-2.540096894918985
98960665162845,-2.3769170352824074
99173985444052,-2.540096894918985
99214079897632,-1.691616241662297
99245076841237,-2.028774224846301
99247860005355,-2.028774224846301
99325402682200,-2.540096894918985
99433709637628,-2.395599773685927
99451003871940,-2.028774224846301
99556213514853,-1.691616241662297
99585779467094,-2.540096894918985
99610488146116,-3.6135890304108322
99634639693704,-3.6135890304108322
99665487616143,-3.9504772778306565
99879268999436,-2.8566053724308422
99909834285523,-2.8566053724308422
99982610367897,-2.468565795281229
100016000214397,-1.691616241662297
100068556655179,-2.5981454709823186
100183508781375,-2.322482865073635
100321728296922,-2.3769170352824074
100335077785399,-2.540096894918985
100448132893064,-2.5981454709823186
100470301555470,-1.2811720973618845
100474918892742,-2.468565795281229
100546018070703,-3.6135890304108322
100585877291720,-3.6135890304108322
100640917612463,-2.540096894918985
100645067672704,-3.9504772778306565
100679798534570,-0.9901313829650793
100700589048911,-2.028774224846301
100752064043005,-2.395599773685927
100786110151411,-2.540096894918985
100933312427938,-1.691616241662297
101029640343332,-1.691616241662297
101153579975722,-2.468565795281229
101410289455612,-1.691616241662297
101540004679971,-2.540096894918985
101594685646838,-1.691616241662297
101610859166342,-2.540096894918985
101789859706221,-1.691616241662297
102093726952994,-2.028774224846301
102104125242641,-2.5981454709823186
102238300124357,-1.691616241662297
102392472073863,-2.540096894918985
102396839820635,-2.395599773685927
102409272102279,-2.5981454709823186
102471488739350,-2.540096894918985
102487465356648,-2.5981454709823186
102617015425173,-2.540096894918985
102727193111178,-2.322482865073635
102727950197378,-2.8566053724308422
102805799477781,-1.691616241662297
102880454353849,-2.3769170352824074
102906254427916,-1.691616241662297
102910190149634,-1.691616241662297
102920676336119,-2.5981454709823186
102966511094370,-1.691616241662297
102999431535289,-0.9901313829650793
103108233154081,-1.691616241662297
103374827140597,-2.540096894918985
103430505949823,-2.540096894918985
103461948683851,-1.691616241662297
103577708573449,-0.9901313829650793
103598027996997,-2.322482865073635
103599874648533,-2.540096894918985
103658142217492,-2.540096894918985
103667549386433,-2.540096894918985
103720818945523,-1.691616241662297
103759016930222,-1.691616241662297
103778170769269,-2.5981454709823186
103861477961503,-2.028774224846301
103882222464025,-2.540096894918985
104108848631157,-1.691616241662297
104207181788078,-2.395599773685927
104482473648757,-2.2447704601593523
104485945295907,-1.691616241662297
104658229113950,-3.0628139815571505
104851821179869,-2.028774224846301
105025125926033,-1.691616241662297
105187647955746,-1.691616241662297
105273146992084,-2.5981454709823186
105506207644552,-2.5981454709823186
105520755498770,-2.8566053724308422
105527682427636,-2.395599773685927
105669045906523,-2.5981454709823186
105822927435087,-2.322482865073635
105830838244302,-1.691616241662297
105891435544106,-1.799825280303553
105964021871934,-2.540096894918985
105972511823341,-1.691616241662297
105991734579042,-2.2447704601593523
106129980382001,-2.5981454709823186
106266744563234,-2.395599773685927
106298526077769,-2.540096894918985
106414168954961,-3.0628139815571505
106431737938019,-2.540096894918985
106527189114009,-2.540096894918985
106575019702418,-2.5981454709823186
106784211493378,-3.6135890304108322
107005005391762,-3.9504772778306565
107097129792418,-3.0628139815571505
107181211609098,-2.3769170352824074
107242999527368,-3.0628139815571505
107287824426750,-2.322482865073635
107316178067892,-2.540096894918985
107577203039115,-2.540096894918985
107639802732469,-1.691616241662297
107725809596623,-3.6135890304108322
107923572022567,-1.691616241662297
108132995902648,-2.540096894918985
108157232932239,-2.322482865073635
108213988466089,-2.5981454709823186
108247035791092,-2.540096894918985
108388089981467,-2.540096894918985
108747527703335,-3.6135890304108322
108796554289879,-1.691616241662297
108943076297895,-1.2811720973618845
109015547350542,-1.691616241662297
109131366060791,-2.5981454709823186
109204743731930,-3.0628139815571505
109324818115866,-2.5981454709823186
109395440343169,-1.691616241662297
109619350348257,-2.322482865073635
109907397386514,-3.6135890304108322
109999215338205,-2.5981454709823186
110005563379591,-2.540096894918985
110170417989407,-2.8566053724308422
110347582246292,-1.691616241662297
110432679644198,-2.5981454709823186
110447921252290,-0.9901313829650793
110545856062435,-2.5981454709823186
110579645087042,-2.395599773685927
110756937505068,-2.8566053724308422
110851126543555,-0.9901313829650793
110976807888012,-1.691616241662297
110988534578813,-2.3769170352824074
111117774228229,-2.540096894918985
111220684665545,-0.9901313829650793
111468949671615,-3.9504772778306565
111474396429431,-3.6135890304108322
111563095810201,-2.468565795281229
111573568413296,-1.691616241662297
111664015930350,-1.691616241662297
111722517234505,-2.3769170352824074
111807267155783,-2.540096894918985
111847217797966,-2.395599773685927
112000929120886,-2.8566053724308422
112051669067364,-2.2447704601593523
112155131770400,-2.540096894918985
112186534043649,-1.799825280303553
112245055715538,-2.3769170352824074
112253108033658,-2.2447704601593523
112399705566121,-2.2447704601593523
112435888111447,-1.691616241662297
112547867341951,-2.3769170352824074
112618974590311,-2.540096894918985
112871975359481,-2.540096894918985
112946585208988,-2.5981454709823186
112973979210668,-2.540096894918985
113194346280461,-2.8566053724308422
113318600886674,-1.799825280303553
113327108860561,-2.468565795281229
113479005255177,-1.691616241662297
113572203404663,-1.691616241662297
113586006834701,-2.5981454709823186
113662258078494,-1.691616241662297
113677906767156,-2.3769170352824074
113694964607092,-3.0628139815571505
113795368523161,-1.691616241662297
113895476085976,-2.540096894918985
113923162755512,-1.691616241662297
114004594017798,-2.540096894918985
114104560800537,-3.6135890304108322
114171158221113,-2.395599773685927
114304946566751,-2.8566053724308422
114611545348544,-2.395599773685927
114658803584489,-1.691616241662297
114700152093721,-3.0628139815571505
114765381993943,-1.691616241662297
114834045059328,-1.691616241662297
114870748347904,-2.540096894918985
114903631991043,-2.322482865073635
114945943341760,-2.5981454709823186
115260611693891,-1.691616241662297
115449384244932,-0.9901313829650793
115958875229919,-2.3769170352824074
116188110392604,-1.799825280303553
116206602098255,-2.540096894918985
116268581725119,-1.691616241662297
116402891405540,-1.691616241662297
116718894531331,-2.028774224846301
116775162581637,-2.5981454709823186
116829500773451,-2.5981454709823186
116834764943427,-1.691616241662297
116899666698525,-2.395599773685927
116938011901513,-2.322482865073635
117060631087130,-2.322482865073635
117250171936267,-2.395599773685927
117288928023538,-2.5981454709823186
117533541246094,-1.691616241662297
117602322761558,-1.2811720973618845
117678961274856,-2.5981454709823186
117694410843783,-3.6135890304108322
117699114456879,-2.540096894918985
117706734692371,-2.322482865073635
117946788276358,-1.691616241662297
118009898234949,-2.5981454709823186
118057852007251,-1.691616241662297
118078547957023,-1.691616241662297
118259676634338,-3.6135890304108322
118355562373466,-1.2811720973618845
118363529402010,-2.3769170352824074
118401117569635,-2.322482865073635
118525901276922,-1.691616241662297
118844786741628,-1.691616241662297
119015485745674,-1.691616241662297
119185163646777,-2.028774224846301
119192712739075,-2.5981454709823186
119289572909965,-2.540096894918985
119319620159603,-2.5981454709823186
119375879681148,-2.5981454709823186
119382024009201,-1.691616241662297
119519453253503,-0.9901313829650793
119524586494145,-2.5981454709823186
119595840607821,-1.691616241662297
119747276107263,-2.540096894918985
119760420344052,-1.691616241662297
119872961667588,-2.5981454709823186
119918308738011,-1.2811720973618845
120133492142003,-2.3769170352824074
120207588454947,-2.5981454709823186
120477143185454,-2.3769170352824074
120606266757622,-2.5981454709823186
120893065801777,-2.540096894918985
120900996104832,-2.2447704601593523
120928302664015,-3.6135890304108322
121049428596057,-2.322482865073635
121206761802439,-1.2811720973618845
121428580718411,-2.3769170352824074
121547331632278,-1.691616241662297
121787959012280,-2.540096894918985
121826755472233,-3.9504772778306565
121878870513465,-4.374500345171729
121905646946712,-2.3769170352824074
121969510437752,-3.0628139815571505
122040131064446,-2.540096894918985
122224109464650,-2.540096894918985
122380304553961,-3.0628139815571505
122475302905408,-1.691616241662297
122543595655247,-2.2447704601593523
122551537412102,-2.5981454709823186
122852719934137,-2.540096894918985
122889785603104,-2.5981454709823186
122929759741911,-1.691616241662297
123013376650500,-2.8566053724308422
123113641272934,-2.028774224846301
123161978891113,-2.5981454709823186
123411424219231,-2.322482865073635
123427119511815,-3.0628139815571505
123481372932072,-3.6135890304108322
123559996720490,-2.028774224846301
123693257177821,-2.5981454709823186
123937112140141,-1.691616241662297
124062376725626,-2.5981454709823186
124116990988804,-2.5981454709823186
124141373397367,-3.6135890304108322
124280407591088,-0.9901313829650793
124281856096453,-2.5981454709823186
124402410281464,-1.2811720973618845
124510953890378,-1.799825280303553
124582217392881,-2.5981454709823186
124586113338973,-2.8566053724308422
124642321577516,-2.540096894918985
124649577165259,-2.540096894918985
124802961670129,-2.395599773685927
124819198998691,-1.691616241662297
125060840586745,-2.540096894918985
125076691950229,-1.691616241662297
125244387600531,-2.3769170352824074
125283944665626,-0.9901313829650793
125636880853906,-2.322482865073635
125891986033232,-2.3769170352824074
125901440864420,-2.395599773685927
125941064751487,-3.0628139815571505
126022164154440,-1.691616241662297
126044928905370,-2.5981454709823186
126261550152648,-2.3769170352824074
126317734155557,-2.395599773685927
126322356521234,-2.3769170352824074
126360286357117,-2.3769170352824074
126511756763533,-2.540096894918985
126726639276166,-2.540096894918985
126930231096770,-2.540096894918985
126993200358482,-1.691616241662297
127101815778873,-1.691616241662297
127162316112436,-1.691616241662297
127226683695048,-2.5981454709823186
127312939507118,-2.322482865073635
127314305136754,-2.395599773685927
127346631066336,-2.540096894918985
127380775126475,-2.028774224846301
127461378591476,-2.3769170352824074
127461917686186,-2.028774224846301
127596371303372,-2.540096894918985
127764241568821,-2.395599773685927
127777160633575,-1.799825280303553
127850902057803,-2.395599773685927
127879118863815,-1.691616241662297
127923727173915,-2.5981454709823186
127985423490653,-2.5981454709823186
128038317083629,-1.799825280303553
128061602317303,-0.9901313829650793
128204013573976,-2.028774224846301
128242659669068,-2.395599773685927
128429051120383,-2.028774224846301
128470261991695,-3.9504772778306565
128655685982284,-1.691616241662297
128711411305954,-3.0628139815571505
128820719966683,-2.540096894918985
128859652484625,-2.395599773685927
128898247034327,-1.2811720973618845
129067321627519,-2.540096894918985
129068428783864,-1.691616241662297
129254574685831,-1.691616241662297
129323200930102,-2.322482865073635
129453765785840,-1.691616241662297
129526214805069,-3.0628139815571505
129532752091524,-2.322482865073635
129587578531656,-2.540096894918985
129590844484357,-2.3769170352824074
129638703659909,-1.691616241662297
129912296005453,-2.322482865073635
129959175860102,-2.5981454709823186
129975854488603,-1.691616241662297
130131600557226,-2.395599773685927
130236603469531,-2.5981454709823186
130287756272114,-2.540096894918985
130627768604100,-1.691616241662297
130746555786740,-2.5981454709823186
130898365313300,-2.5981454709823186
130955008505274,-1.691616241662297
131081767051163,-1.691616241662297
131146178193176,-1.691616241662297
131154744200637,-3.6135890304108322
131162706052469,-2.8566053724308422
131198316747758,-2.540096894918985
131234663609498,-0.9901313829650793
131356342332379,-3.6135890304108322
131517135981832,-3.9504772778306565
131529750018561,-1.691616241662297
131556934411716,-2.5981454709823186
131576277853809,-2.3769170352824074
131602457882676,-1.691616241662297
131609155817558,-2.5981454709823186
131660168656219,-2.2447704601593523
131717246601692,-2.540096894918985
131991043960473,-2.2447704601593523
132210081603828,-4.374500345171729
132281789094564,-2.2447704601593523
132316689046262,-1.2811720973618845
132365330506715,-2.5981454709823186
132680984361893,-1.691616241662297
132895667653808,-2.540096894918985
132913580259634,-1.691616241662297
133036595670461,-3.6135890304108322
133064349676525,-1.691616241662297
133076703628186,-2.322482865073635
133078728743426,-1.691616241662297
133206106144486,-3.6135890304108322
133218152272279,-2.395599773685927
133541290940495,-2.3769170352824074
133600203054161,-2.395599773685927
133845148149944,-2.395599773685927
134014102661023,-2.322482865073635
134053093749415,-3.6135890304108322
134115173819504,-1.691616241662297
134122578578115,-2.5981454709823186
134140742384912,-2.540096894918985
134395939956654,-2.028774224846301
134464046095856,-2.540096894918985
134597567580599,-2.395599773685927
134674695152201,-1.691616241662297
134781519064154,-2.5981454709823186
134864707958357,-2.5981454709823186
134922841310048,-1.691616241662297
134935338982707,-3.6135890304108322
134987318220552,-1.799825280303553
135042233434209,-1.691616241662297
135066092798744,-2.8566053724308422
135261253154338,-2.395599773685927
135290922204695,-1.691616241662297
135461258129202,-1.799825280303553
135548881433591,-2.540096894918985
135628754575249,-2.3769170352824074
135660498433893,-2.540096894918985
135775442082647,-2.395599773685927
135793771261175,-3.0628139815571505
135975807930039,-0.9901313829650793
136010395820656,-2.3769170352824074
136135695068570,-1.691616241662297
136216916021391,-2.395599773685927
136246885926710,-3.9504772778306565
136253818607329,-2.395599773685927
136269344147858,-2.028774224846301
136311904466398,-2.540096894918985
136371036773462,-1.691616241662297
136462908604177,-2.540096894918985
136512858263053,-0.9901313829650793
136622375050618,-2.3769170352824074
136629676211245,-0.9901313829650793
136705391598504,-0.9901313829650793
136951361910511,-3.0628139815571505
136993418152042,-2.395599773685927
136996818779807,-2.322482865073635
137008259620447,-2.395599773685927
137137194171175,-1.2811720973618845
137181740983392,-2.540096894918985
137270235801456,-1.2811720973618845
137298974105668,-2.5981454709823186
137321571965101,-2.5981454709823186
137400351860514,-2.540096894918985
137543761455778,-2.5981454709823186
137647149437838,-2.5981454709823186
137670141548109,-2.322482865073635
137782625351794,-3.6135890304108322
137830294373012,-2.2447704601593523
138139058371006,-1.691616241662297
138147000828833,-2.8566053724308422
138175895973043,-2.540096894918985
138237921089737,-2.395599773685927
138251605120553,-2.3769170352824074
138606058420414,-2.322482865073635
138618918511338,-0.9901313829650793
138680029547674,-1.799825280303553
138680823021309,-2.395599773685927
138912347055899,-2.2447704601593523
138994088712555,-2.2447704601593523
139084040896288,-2.540096894918985
139144004332886,-2.540096894918985
139212957436739,-1.691616241662297
139234706790725,-1.691616241662297
139237670308749,-2.5981454709823186
139378202270203,-3.0628139815571505
139520140321192,-2.028774224846301
139539153390586,-2.2447704601593523
139748002290729,-2.468565795281229
139804381910073,-2.395599773685927
139947091850913,-2.395599773685927
139976088621728,-2.540096894918985
140303403909626,-3.6135890304108322
140489210318294,-2.540096894918985
140613692202773,-2.2447704601593523
140675761544268,-2.540096894918985
140844300320391,-1.691616241662297
140969050031134,-2.322482865073635
141059530244911,-2.395599773685927
141177280712351,-2.5981454709823186
141224110778088,-2.540096894918985
141326516676938,-2.028774224846301
141358622657470,-2.5981454709823186
141435091031650,-2.3769170352824074
141618289257410,-3.0628139815571505
141862584470081,-2.028774224846301
141921903687490,-1.691616241662297
141927045270088,-1.2811720973618845
141928413518827,-2.540096894918985
141941320202658,-1.691616241662297
142127558526445,-2.5981454709823186
142138348538928,-2.540096894918985
142168834747644,-1.691616241662297
142191663257104,-2.322482865073635
142230662306530,-1.691616241662297
142234879977212,-2.8566053724308422
142344771025695,-2.3769170352824074
142441836666160,-2.540096894918985
142592701137903,-2.540096894918985
142619398948326,-2.3769170352824074
142646028004761,-3.0628139815571505
142668732147934,-2.540096894918985
142769133626834,-1.2811720973618845
142886730862045,-2.2447704601593523
143131487019171,-1.691616241662297
143256925152761,-2.5981454709823186
143465991346429,-0.9901313829650793
143528086016454,-1.691616241662297
143666165041881,-1.691616241662297
143721118688556,-2.322482865073635
143741540463341,-3.6135890304108322
143961987527232,-1.691616241662297
144036013847392,-3.6135890304108322
144069589630517,-1.691616241662297
144106125993072,-1.691616241662297
144124457068391,-2.3769170352824074
144183749955062,-1.691616241662297
144192246497840,-3.6135890304108322
144334511572898,-2.540096894918985
144350243266246,-1.691616241662297
144363600209620,-1.691616241662297
144438684982677,-3.6135890304108322
144458699460193,-1.691616241662297
144474008915289,-1.691616241662297
144650869493366,-1.799825280303553
144703683962405,-2.028774224846301
144915620026937,-2.395599773685927
145000066122276,-2.5981454709823186
145009688375028,-2.2447704601593523
145092394774507,-2.540096894918985
145228210304844,-3.6135890304108322
145319941798826,-2.5981454709823186
145367153790963,-1.2811720973618845
145419359983749,-3.6135890304108322
145474936923934,-2.395599773685927
145676217892234,-2.540096894918985
145743846904794,-3.6135890304108322
145820477308432,-2.395599773685927
145972690446459,-2.3769170352824074
146010429619167,-2.395599773685927
146082959673925,-1.691616241662297
146141963455053,-2.5981454709823186
146196465431803,-2.028774224846301
146496165903876,-2.322482865073635
146608882091595,-2.5981454709823186
146689327018554,-2.395599773685927
146985817368160,-2.540096894918985
147178582471814,-1.691616241662297
147263628994422,-1.691616241662297
147312511114898,-2.3769170352824074
147316561673388,-3.6135890304108322
147390711426063,-0.9901313829650793
147467237707047,-2.5981454709823186
147607246875787,-2.395599773685927
147679592560369,-0.9901313829650793
147837742883496,-2.5981454709823186
148024290503356,-2.322482865073635
148119842951397,-2.540096894918985
148248664671124,-1.2811720973618845
148428489105386,-0.9901313829650793
148556599396082,-2.395599773685927
148567268114659,-2.540096894918985
148639007552078,-2.540096894918985
148907049945338,-2.3769170352824074
148956341940345,-2.540096894918985
149004134357731,-3.6135890304108322
149141937763339,-3.6135890304108322
149332083559257,-1.691616241662297
149480826985848,-3.9504772778306565
149677329867588,-1.691616241662297
149692468392726,-1.691616241662297
149831547610060,-1.691616241662297
150117619622128,-2.5981454709823186
150133429909479,-2.395599773685927
150157855352247,-2.3769170352824074
150245366176864,-0.9901313829650793
150314171622217,-2.540096894918985
150341394396280,-2.5981454709823186
150387270467161,-1.691616241662297
150559803859725,-2.5981454709823186
150716726977205,-1.691616241662297
150799781586484,-1.691616241662297
150969302386654,-3.0628139815571505
150991726941898,-1.691616241662297
151065114844954,-2.5981454709823186
151190528447321,-3.6135890304108322
151379319875160,-2.5981454709823186
151443097296597,-2.5981454709823186
151463912930970,-3.6135890304108322
151491430810144,-2.028774224846301
151635580626326,-3.6135890304108322
151701075985508,-2.5981454709823186
151728918589035,-2.5981454709823186
151763444736875,-1.691616241662297
151883133047129,-3.6135890304108322
151941392254286,-2.028774224846301
151961589363745,-2.028774224846301
151962763295018,-3.0628139815571505
151983822903626,-2.540096894918985
152012202811219,-0.9901313829650793
152016039266836,-2.5981454709823186
152035978072451,-2.5981454709823186
152269016824516,-1.691616241662297
152335340614948,-1.691616241662297
152468673446988,-2.540096894918985
152666532337595,-2.395599773685927
152749160344984,-2.322482865073635
152949795943586,-2.5981454709823186
153128214620857,-2.395599773685927
153137508706961,-1.691616241662297
153439219468645,-2.5981454709823186
153665633199645,-2.322482865073635
153812972840062,-2.540096894918985
154269060790351,-2.468565795281229
154299401950874,-1.2811720973618845
154346269170606,-3.0628139815571505
154557098233143,-2.3769170352824074
154633886297033,-3.0628139815571505
154875957500860,-2.540096894918985
154928563530175,-2.540096894918985
154956643745352,-1.691616241662297
155335976186971,-2.2447704601593523
155518100026048,-2.5981454709823186
155541362292937,-2.8566053724308422
155578785127935,-1.691616241662297
155578817996563,-2.540096894918985
155622570891853,-1.799825280303553
155809351028928,-2.540096894918985
155821864804768,-2.5981454709823186
155875696900726,-1.691616241662297
155894540080930,-3.6135890304108322
156242751634684,-2.5981454709823186
156379683656804,-2.540096894918985
156391148918816,-1.691616241662297
156675618118815,-2.3769170352824074
156685668260635,-1.691616241662297
156886762040006,-1.691616241662297
156995084198890,-2.028774224846301
157001007195424,-3.0628139815571505
157112913790574,-2.540096894918985
157141896324457,-1.691616241662297
157165866233028,-2.028774224846301
157210796918355,-1.691616241662297
157365228095806,-1.691616241662297
157473709748251,-2.5981454709823186
157511128456123,-0.9901313829650793
157624208137887,-2.322482865073635
157741570084238,-2.5981454709823186
157776210596023,-2.5981454709823186
157845072419409,-2.395599773685927
157942711191560,-2.322482865073635
158263835831735,-2.540096894918985
158272687220920,-1.691616241662297
158331507661001,-1.691616241662297
158352657748411,-1.691616241662297
158368061989307,-2.322482865073635
158517748687998,-2.322482865073635
158534256914913,-1.691616241662297
158589254053538,-2.395599773685927
158619931262250,-1.691616241662297
158863447221099,-1.691616241662297
158864986705753,-2.028774224846301
158913760047265,-3.6135890304108322
158929177295243,-2.540096894918985
159138380923629,-2.540096894918985
159734430007289,-2.540096894918985
159783266443916,-2.5981454709823186
159873254216576,-2.540096894918985
159984119783390,-2.540096894918985
160045354495644,-1.691616241662297
160069753483773,-2.8566053724308422
160283821680658,-1.691616241662297
160593684266953,-2.395599773685927
160637976361942,-3.6135890304108322
160670946389472,-1.691616241662297
161078459152874,-2.8566053724308422
161226417550950,-2.468565795281229
161301389174781,-2.028774224846301
161385304850931,-2.3769170352824074
161462368988377,-2.5981454709823186
161517735644275,-3.0628139815571505
161592285385643,-2.395599773685927
161639561864038,-2.5981454709823186
161905429633569,-1.691616241662297
161992002723668,-2.468565795281229
162106022825496,-0.9901313829650793
162375374443135,-3.6135890304108322
162400933634819,-2.540096894918985
162459332260281,-3.0628139815571505
162625708324343,-1.691616241662297
162758218306117,-2.2447704601593523
162793803195499,-2.540096894918985
162828198243371,-2.5981454709823186
162889571446273,-2.5981454709823186
163031907957193,-3.6135890304108322
163032588387671,-2.2447704601593523
163122429797666,-1.2811720973618845
163155022955176,-3.6135890304108322
163291541413366,-2.540096894918985
163308424686284,-1.691616241662297
163333177729970,-2.8566053724308422
163355943876416,-2.3769170352824074
163539680269906,-2.395599773685927
163556792315622,-2.540096894918985
163595612906408,-2.3769170352824074
163684869132783,-2.5981454709823186
163817869712448,-2.028774224846301
163958653834781,-2.028774224846301
164188104473231,-2.8566053724308422
164250038439455,-0.9901313829650793
164360339911879,-2.322482865073635
164501932483970,-3.6135890304108322
164597265773193,-3.6135890304108322
164623619383395,-2.540096894918985
164708256253600,-3.9504772778306565
164817957189186,-2.5981454709823186
164830725371119,-1.691616241662297
164896065537764,-2.322482865073635
164916783937305,-2.540096894918985
164939445935648,-1.691616241662297
165163373686908,-2.5981454709823186
165349084371644,-2.2447704601593523
165483616105820,-0.9901313829650793
165617354488181,-1.691616241662297
165617980367623,-2.5981454709823186
165826600550650,-2.540096894918985
165960908868904,-1.691616241662297
165971823173449,-2.540096894918985
166064183242809,-2.468565795281229
166066258026901,-2.8566053724308422
166089175275020,-3.0628139815571505
166122491071574,-2.8566053724308422
166463616086505,-1.691616241662297
166606012599388,-2.540096894918985
166923102168881,-2.2447704601593523
166993346607397,-2.540096894918985
167060822011021,-2.8566053724308422
167206045526979,-1.691616241662297
167211492608660,-2.028774224846301
167243736235459,-2.2447704601593523
167371302384959,-2.540096894918985
167375412749657,-3.0628139815571505
167640288361930,-1.2811720973618845
167701712171507,-2.395599773685927
167715185653147,-1.691616241662297
167757059991088,-2.540096894918985
167917846804557,-2.395599773685927
167994020781091,-2.3769170352824074
168130736529890,-2.540096894918985
168483686197533,-2.5981454709823186
168504070998794,-0.9901313829650793
168696113057303,-1.691616241662297
168843174919580,-3.6135890304108322
168858521721618,-2.540096894918985
168976034494270,-2.540096894918985
168979433659179,-2.028774224846301
169019908170621,-1.691616241662297
169042858419721,-2.028774224846301
169076467441036,-0.9901313829650793
169099351572753,-2.8566053724308422
169278023694598,-2.322482865073635
169335597486064,-2.3769170352824074
169371153871141,-2.540096894918985
169415468809329,-2.540096894918985
169483564623682,-2.8566053724308422
169521578144415,-2.395599773685927
169603327314690,-1.691616241662297
169620424858224,-1.691616241662297
169656204509465,-1.691616241662297
169676827049308,-2.028774224846301
169678079626407,-2.5981454709823186
169682504248479,-2.5981454709823186
169725593088889,-2.468565795281229
169883588651725,-2.395599773685927
170043872779977,-1.691616241662297
170191633267278,-2.028774224846301
170248428817467,-2.5981454709823186
170347069799225,-3.6135890304108322
170429158734717,-2.395599773685927
170480972491957,-1.2811720973618845
170591746620577,-2.540096894918985
170692986810487,-1.799825280303553
170791776869294,-2.5981454709823186
170979477285949,-2.2447704601593523
171045469818684,-2.5981454709823186
171290798608593,-2.322482865073635
171511240790524,-1.691616241662297
171526647937477,-2.540096894918985
171544397274614,-2.028774224846301
171547641991926,-2.5981454709823186
171746468529115,-3.6135890304108322
172020917575580,-2.540096894918985
172132762873636,-2.395599773685927
172365997099202,-2.3769170352824074
172371109644420,-2.540096894918985
172387483105216,-2.8566053724308422
172391955301011,-2.540096894918985
172434730983905,-2.5981454709823186
172461422597650,-2.5981454709823186
172506877879971,-2.5981454709823186
172821801369637,-3.6135890304108322
172969960437177,-2.5981454709823186
172983785370020,-2.395599773685927
173013166080805,-1.799825280303553
173098439216288,-2.540096894918985
173156703372281,-2.5981454709823186
173316929343488,-2.3769170352824074
173444240504022,-2.5981454709823186
173456256999506,-2.028774224846301
173604836117848,-2.540096894918985
173714228456334,-2.3769170352824074
173724210060708,-2.395599773685927
173734620177747,-2.5981454709823186
173739185850889,-1.691616241662297
173846112276332,-1.799825280303553
173854412004402,-2.5981454709823186
174223993968068,-2.540096894918985
174260911976036,-2.5981454709823186
174341395145466,-3.6135890304108322
174374517675993,-2.540096894918985
174553241483844,-2.5981454709823186
174807192245230,-2.322482865073635
175054179951091,-2.540096894918985
175078134472797,-2.540096894918985
175102939199867,-1.691616241662297
175131193104788,-2.540096894918985
175490616354469,-1.691616241662297
175515468883505,-2.322482865073635
175554366747657,-3.6135890304108322
175631811483722,-3.6135890304108322
175720588601107,-1.691616241662297
175724148418930,-1.691616241662297
175785907971746,-1.691616241662297
175810198675214,-1.691616241662297
175898350840501,-2.468565795281229
176003381057305,-2.395599773685927
176132596745584,-2.3769170352824074
176153839340680,-2.5981454709823186
176307230301619,-2.5981454709823186
176482782374953,-2.395599773685927
176509918973389,-2.395599773685927
176748794498897,-1.691616241662297
176799387526875,-2.5981454709823186
177047162181797,-1.2811720973618845
177055167327312,-1.2811720973618845
177330963118986,-0.9901313829650793
177406634339834,-1.691616241662297
177447767752658,-1.691616241662297
177518602623961,-2.3769170352824074
177656164031957,-1.691616241662297
177662358469232,-2.468565795281229
177708628251511,-2.395599773685927
177867612436569,-2.3769170352824074
178117027160469,-2.5981454709823186
178333144519320,-3.6135890304108322
178364018583973,-1.691616241662297
178437723670607,-2.322482865073635
178868111044736,-3.6135890304108322
179037489861671,-2.3769170352824074
179334972050955,-3.0628139815571505
179342565079311,-2.3769170352824074
179604293431171,-2.322482865073635
179726595227046,-2.5981454709823186
179836808142187,-2.2447704601593523
180006139133982,-2.540096894918985
180536637683325,-2.5981454709823186
180552486045461,-2.540096894918985
180572836253711,-2.3769170352824074
180621280061822,-2.395599773685927
180637755967801,-2.540096894918985
180727366268840,-2.540096894918985
180901917521217,-1.691616241662297
180908258498040,-2.468565795281229
180991616172640,-2.395599773685927
180994058599559,-1.691616241662297
181072202049958,-2.540096894918985
181082020650029,-3.6135890304108322
181145253015277,-1.691616241662297
181211557047295,-2.5981454709823186
181308534947453,-1.691616241662297
181356748675895,-2.540096894918985
181399470032847,-2.540096894918985
181467433815612,-1.691616241662297
181688688290343,-2.5981454709823186
181810306917010,-2.5981454709823186
181852348505479,-0.9901313829650793
181877539523521,-1.2811720973618845
182012862144805,-2.468565795281229
182046393780247,-2.540096894918985
182231273221449,-3.6135890304108322
182289480746373,-1.691616241662297
182417549537517,-2.028774224846301
182428253384412,-2.395599773685927
182497410284537,-2.540096894918985
182748938251870,-2.028774224846301
182878123210123,-0.9901313829650793
182952651036105,-0.9901313829650793
183191291000302,-2.322482865073635
183309109136638,-2.540096894918985
183315263393486,-2.5981454709823186
183343538453397,-2.540096894918985
183471219906923,-1.799825280303553
183492674076483,-2.028774224846301
183579959725112,-1.691616241662297
183748661506931,-2.028774224846301
183841006549861,-1.691616241662297
183905624379747,-2.8566053724308422
184008341107497,-3.6135890304108322
184200676726515,-1.691616241662297
184385756986967,-1.799825280303553
184617785246291,-2.540096894918985
184722388011805,-3.6135890304108322
184856968203951,-2.3769170352824074
184864807626489,-3.6135890304108322
184957863446508,-2.395599773685927
184970899271917,-1.691616241662297
184992540849594,-2.5981454709823186
185056872053854,-1.691616241662297
185218561834644,-2.322482865073635
185359936082702,-2.468565795281229
185484905849582,-2.5981454709823186
185604738908520,-2.8566053724308422
185771717659464,-2.322482865073635
185796937137461,-1.691616241662297
186043018712948,-2.540096894918985
186084745019701,-2.540096894918985
186221111560443,-2.540096894918985
186232854086709,-2.395599773685927
186269055761533,-2.2447704601593523
186419994568911,-2.5981454709823186
186571909572816,-1.691616241662297
186866701099719,-2.540096894918985
186883852703201,-3.6135890304108322
186923342224717,-1.2811720973618845
186968422450697,-2.2447704601593523
187207929058311,-1.691616241662297
187444696818720,-2.8566053724308422
187447339356792,-2.5981454709823186
187484679935373,-1.691616241662297
187694308606153,-2.3769170352824074
187756321272960,-0.9901313829650793
187848719635605,-1.691616241662297
187897061913990,-2.395599773685927
187933000919936,-2.395599773685927
187990528223809,-2.540096894918985
188159160453275,-3.0628139815571505
188268432019601,-2.8566053724308422
188315425664831,-2.540096894918985
188389372642279,-2.5981454709823186
188542076809615,-1.691616241662297
188544898865953,-2.540096894918985
188916647794524,-2.3769170352824074
188920573492944,-2.395599773685927
189114531728579,-2.540096894918985
189307292817273,-3.6135890304108322
189356557754335,-1.691616241662297
189405017544285,-3.0628139815571505
189500099499806,-3.6135890304108322
189612115644481,-1.691616241662297
189664911968792,-2.8566053724308422
189767072617513,-2.5981454709823186
189773979590190,-2.395599773685927
189809863106036,-2.540096894918985
189853662339611,-1.691616241662297
189901990951973,-2.322482865073635
189931768323602,-3.6135890304108322
189967841011290,-2.5981454709823186
190012131450742,-2.5981454709823186
190123407789367,-2.540096894918985
190167593289463,-2.540096894918985
190298623725928,-2.5981454709823186
190506328384878,-1.691616241662297
190694642778381,-3.6135890304108322
190779782002100,-2.395599773685927
190788792757573,-2.395599773685927
190796626810129,-3.0628139815571505
190829409202652,-3.6135890304108322
190907462373673,-2.540096894918985
190989813656910,-2.540096894918985
191064112064008,-1.691616241662297
191262954272410,-2.5981454709823186
191583886188344,-2.028774224846301
191901280879268,-2.322482865073635
192012842275360,-2.2447704601593523
192252758064061,-2.5981454709823186
192282872200392,-1.691616241662297
192475192170706,-1.691616241662297
192566668265526,-2.540096894918985
192612737488877,-2.3769170352824074
192648796533630,-3.6135890304108322
192771647393988,-2.540096894918985
192860619495930,-3.0628139815571505
192895494803839,-2.540096894918985
192899391003457,-2.3769170352824074
193110271702219,-2.540096894918985
193227665354791,-2.322482865073635
193232956864901,-2.395599773685927
193304607250034,-1.691616241662297
193468879883265,-2.5981454709823186
193489921268303,-2.5981454709823186
193855765271761,-2.3769170352824074
193965148837658,-2.2447704601593523
194014066381830,-2.5981454709823186
194095416145785,-1.691616241662297
194230480230899,-0.9901313829650793
194355141137816,-2.3769170352824074
194513254478283,-1.691616241662297
194594640821912,-2.540096894918985
194782613058463,-1.691616241662297
194881873659112,-2.540096894918985
194961385665304,-3.6135890304108322
194987319095359,-2.468565795281229
195147325417342,-2.8566053724308422
195233601609031,-1.691616241662297
195282308951590,-1.691616241662297
195300073118248,-3.0628139815571505
195343614806418,-1.799825280303553
195370403261705,-3.6135890304108322
195371453783357,-1.691616241662297
195454374096296,-2.540096894918985
195476361675897,-2.2447704601593523
195727149279034,-2.8566053724308422
195894737682644,-2.395599773685927
195947062260022,-2.540096894918985
196003804146735,-0.9901313829650793
196052038069516,-2.5981454709823186
196076137853709,-1.691616241662297
196145403809982,-2.2447704601593523
196197258119184,-2.540096894918985
196219027062169,-3.6135890304108322
196247256503948,-3.9504772778306565
196272372272344,-1.691616241662297
196358134409527,-2.540096894918985
196503536376650,-0.9901313829650793
196576874469888,-2.5981454709823186
196589274934364,-3.0628139815571505
196679799687689,-1.691616241662297
196787699681162,-2.395599773685927
196836486289552,-1.691616241662297
196888098010322,-1.691616241662297
197049000930149,-3.6135890304108322
197197079475794,-2.540096894918985
197309312386423,-2.540096894918985
197426926724419,-2.5981454709823186
197611772632475,-1.691616241662297
197621118429957,-2.2447704601593523
197771244903869,-2.5981454709823186
198110483536946,-2.3769170352824074
198130842253074,-3.6135890304108322
198577425872056,-2.3769170352824074
198630700742511,-2.028774224846301
198650608581953,-3.0628139815571505
198754831073628,-2.5981454709823186
198969780683138,-3.6135890304108322
198989234815505,-2.540096894918985
199098460565909,-2.3769170352824074
199341609203861,-2.395599773685927
199357876650801,-1.691616241662297
199504662069309,-2.395599773685927
199550362855281,-1.691616241662297
199590086439241,-2.8566053724308422
199899960281388,-1.691616241662297
199910853145970,-2.395599773685927
199914487744867,-2.395599773685927
199951061463503,-2.540096894918985
200065475773939,-2.3769170352824074
200286906464690,-3.6135890304108322
200303504394085,-1.691616241662297
200383840093964,-2.468565795281229
200394963658209,-2.3769170352824074
200407220843751,-2.395599773685927
200434321298723,-1.691616241662297
200434777183622,-2.322482865073635
200452301047428,-2.540096894918985
200499243215408,-2.395599773685927
200531207041942,-3.6135890304108322
200551845884943,-1.691616241662297
200831613914288,-0.9901313829650793
200878676616649,-2.5981454709823186
200966160233429,-2.540096894918985
201121983432016,-2.540096894918985
201359009283394,-2.540096894918985
201395881801089,-1.691616241662297
201439146154301,-1.691616241662297
201545469908891,-2.395599773685927
201762283033909,-3.6135890304108322
201789241400226,-1.2811720973618845
201903148075959,-3.6135890304108322
201947197838358,-2.322482865073635
202082781094974,-2.540096894918985
202286836886376,-3.6135890304108322
202358566063158,-1.691616241662297
202373258973648,-2.028774224846301
202412304949177,-2.395599773685927
202498930410110,-2.3769170352824074
202569340456637,-0.9901313829650793
202578540560897,-1.691616241662297
202926279592062,-2.540096894918985
202959285352840,-1.691616241662297
203068863568630,-3.6135890304108322
203116466308448,-2.5981454709823186
203118947140292,-1.691616241662297
203225434729566,-1.691616241662297
203295642736114,-2.5981454709823186
203326185571847,-2.5981454709823186
203489001739870,-2.540096894918985
203632289765211,-1.691616241662297
203750956869687,-0.9901313829650793
203770607017814,-3.6135890304108322
203821998149337,-1.691616241662297
203830366559470,-3.6135890304108322
204056159428048,-2.322482865073635
204187827089283,-3.6135890304108322
204309622985760,-2.540096894918985
204342988700328,-0.9901313829650793
204722968424737,-1.691616241662297
204781168697788,-2.5981454709823186
204784549381122,-2.3769170352824074
204805912778231,-2.3769170352824074
204891732223647,-2.5981454709823186
204897880874897,-3.6135890304108322
205005268225614,-2.5981454709823186
205185961952845,-1.2811720973618845
205232443436921,-1.691616241662297
205422071711431,-2.540096894918985
205440921661025,-2.468565795281229
205569649120227,-2.028774224846301
205802306768866,-1.691616241662297
205806395416651,-1.691616241662297
205902542998855,-3.0628139815571505
206066363785645,-2.3769170352824074
206092909074210,-1.691616241662297
206231826739039,-3.0628139815571505
206301543900786,-2.395599773685927
206460238654396,-2.322482865073635
206469256249904,-2.540096894918985
206494889865216,-2.540096894918985
206588702623159,-2.322482865073635
206871238538442,-3.6135890304108322
206999846838170,-2.540096894918985
207172975140146,-2.028774224846301
207191349090000,-2.540096894918985
207253220378593,-2.395599773685927
207352272480883,-2.5981454709823186
207601935502170,-1.691616241662297
207857783001199,-1.691616241662297
207923167266989,-1.691616241662297
207958797786121,-2.395599773685927
207973439231826,-2.540096894918985
207995429454412,-2.5981454709823186
208133973481650,-1.691616241662297
208156472656002,-2.028774224846301
208201507135881,-3.6135890304108322
208217315863442,-2.540096894918985
208230863528684,-2.028774224846301
208283314508376,-2.395599773685927
208373850794289,-2.540096894918985
208611751440694,-2.3769170352824074
208632894113034,-1.691616241662297
208661846065675,-0.9901313829650793
208706960144210,-2.395599773685927
208839644178623,-2.8566053724308422
208849169352504,-2.5981454709823186
208894948692046,-2.322482865073635
208995719616969,-3.0628139815571505
209072991211592,-3.6135890304108322
209114237970493,-2.540096894918985
209138109162977,-1.691616241662297
209374349417962,-2.540096894918985
209398857985561,-2.8566053724308422
209756088786849,-1.691616241662297
210004706971224,-2.540096894918985
210069178260288,-3.6135890304108322
210463929371547,-1.691616241662297
210465335404416,-1.691616241662297
210516949400061,-1.691616241662297
210522476490349,-1.691616241662297
210629817338432,-1.691616241662297
210991462392397,-1.691616241662297
211140711706667,-1.691616241662297
211295976155929,-3.6135890304108322
211407803686756,-1.799825280303553
211499937091945,-2.5981454709823186
211590771013236,-2.468565795281229
211797830943338,-2.395599773685927
211868319629690,-1.691616241662297
212286593780320,-1.691616241662297
212335951089404,-2.540096894918985
212359210428973,-2.395599773685927
212573777024616,-2.540096894918985
212588199869931,-2.395599773685927
212630756802255,-2.540096894918985
212715262640930,-2.540096894918985
212918508874439,-2.2447704601593523
212977385322722,-2.395599773685927
213101881351856,-3.0628139815571505
213124442448250,-1.799825280303553
213155150086388,-2.322482865073635
213192533946200,-2.3769170352824074
213208340176149,-2.8566053724308422
213235369519183,-2.395599773685927
213236844242319,-3.0628139815571505
213331178818392,-2.540096894918985
213349118036031,-2.540096894918985
213462433260983,-2.322482865073635
213490880032905,-2.540096894918985
213629717562327,-2.028774224846301
213890514179890,-3.6135890304108322
213927386834390,-1.691616241662297
213970775833980,-1.691616241662297
214525450661521,-3.6135890304108322
214537856349442,-1.799825280303553
214580471264559,-2.395599773685927
214608178073133,-2.468565795281229
214626633779891,-1.691616241662297
214718903327919,-3.0628139815571505
214741760751120,-1.691616241662297
214742606508973,-1.691616241662297
214815396948475,-2.3769170352824074
214824492607522,-2.5981454709823186
214919223070503,-1.799825280303553
214920506192940,-1.691616241662297
214990236586547,-1.691616241662297
215092488895240,-3.0628139815571505
215413123942023,-2.540096894918985
215550863075811,-2.5981454709823186
215562733869522,-1.691616241662297
215645051309996,-0.9901313829650793
215685918849616,-2.2447704601593523
215776386515910,-2.395599773685927
215798249882287,-2.540096894918985
215864386572015,-2.2447704601593523
215867180259153,-2.5981454709823186
215879740784576,-2.028774224846301
216143634063286,-2.395599773685927
216188503886687,-2.2447704601593523
216273537877886,-1.691616241662297
216361572479715,-0.9901313829650793
216385239543507,-2.395599773685927
216429057873604,-2.540096894918985
216477866474585,-1.799825280303553
216496028089886,-2.5981454709823186
216545368536971,-0.9901313829650793
216554728321139,-2.322482865073635
216826437510779,-2.468565795281229
216881828038146,-2.8566053724308422
216885186720544,-2.5981454709823186
217087643646402,-2.5981454709823186
217235468274178,-2.468565795281229
217245011780127,-2.3769170352824074
217274233545599,-2.540096894918985
217277067349148,-3.6135890304108322
217374139228294,-1.691616241662297
217417184316879,-2.028774224846301
217516047981029,-2.2447704601593523
217641917333340,-1.691616241662297
217682667837055,-2.540096894918985
217783154279216,-2.540096894918985
217869737728023,-2.395599773685927
217974836952127,-2.468565795281229
218060537163835,-2.395599773685927
218069087495573,-2.5981454709823186
218087575672262,-2.2447704601593523
218288726166563,-1.691616241662297
218467466723115,-1.799825280303553
218514845341453,-2.395599773685927
218889800369144,-2.540096894918985
219065055793150,-2.028774224846301
219289587894359,-2.028774224846301
219432927150383,-2.322482865073635
219546115414796,-1.691616241662297
219626549476043,-2.540096894918985
219670696325073,-1.691616241662297
219820037295230,-2.5981454709823186
219920256408182,-3.6135890304108322
220125735471942,-1.691616241662297
220133816607243,-1.691616241662297
220138751199696,-3.0628139815571505
220272398836685,-2.2447704601593523
220585278700996,-3.0628139815571505
220656341027182,-2.322482865073635
220675156134839,-0.9901313829650793
220705800927095,-1.691616241662297
220732636744901,-2.028774224846301
220764657729757,-2.5981454709823186
220786490302742,-1.691616241662297
220839809106545,-2.5981454709823186
220967770931886,-3.6135890304108322
221054566297739,-2.322482865073635
221105044452540,-2.8566053724308422
221414298770311,-2.395599773685927
221435998675567,-1.691616241662297
221450453947350,-2.5981454709823186
221459716340118,-1.691616241662297
221499228776005,-1.691616241662297
221648085631332,-2.395599773685927
221677164926276,-1.691616241662297
221936857866892,-2.3769170352824074
221972753085993,-2.2447704601593523
222312799756509,-2.540096894918985
222340128185234,-2.540096894918985
222363166634578,-2.028774224846301
222434064907901,-2.2447704601593523
222503203663012,-1.691616241662297
222506262191193,-1.691616241662297
222686229891024,-2.8566053724308422
222690800322214,-1.691616241662297
222726344779931,-1.799825280303553
222759424742819,-1.799825280303553
222836931647198,-2.395599773685927
222911975893260,-3.0628139815571505
223038319076073,-2.395599773685927
223091722352012,-2.395599773685927
223092578644750,-3.6135890304108322
223349638490707,-1.691616241662297
223555751970975,-2.395599773685927
223574371527274,-2.2447704601593523
223580265422335,-3.0628139815571505
223583915745610,-0.9901313829650793
223725631868177,-1.2811720973618845
223896993818396,-2.395599773685927
224157984085149,-1.691616241662297
224168963060410,-1.691616241662297
224379213048008,-2.5981454709823186
224446252527110,-2.5981454709823186
224625134937410,-3.6135890304108322
224726400883037,-2.540096894918985
224785681040185,-0.9901313829650793
224924584651725,-2.395599773685927
224944196188602,-2.028774224846301
224967847317305,-2.5981454709823186
225071168209981,-2.395599773685927
225193567899707,-2.5981454709823186
225327220533995,-2.8566053724308422
225348730806166,-1.799825280303553
225445056521866,-3.6135890304108322
225603725708750,-2.3769170352824074
225627462860909,-2.395599773685927
225647898250534,-2.5981454709823186
225700576989048,-2.5981454709823186
225852146365268,-2.5981454709823186
225886641249898,-3.6135890304108322
225890208073301,-3.9504772778306565
225927205735785,-2.5981454709823186
225928783089682,-2.5981454709823186
225950839895348,-2.395599773685927
225989315201494,-1.691616241662297
225990138262107,-1.799825280303553
226043324470337,-2.3769170352824074
226211086291457,-2.5981454709823186
226442293427903,-1.691616241662297
226454235423020,-2.2447704601593523
226479481135377,-2.3769170352824074
226561380026334,-1.691616241662297
226619545554591,-1.2811720973618845
226684679854718,-2.5981454709823186
226696851061637,-2.540096894918985
226721573417409,-1.691616241662297
226797631892088,-0.9901313829650793
226836511614723,-2.540096894918985
227038015727063,-2.468565795281229
227118363413555,-2.322482865073635
227155204593128,-2.5981454709823186
227315835050470,-2.540096894918985
227418228646009,-2.540096894918985
227489380897240,-2.2447704601593523
227498427409731,-1.691616241662297
227619423520325,-2.5981454709823186
227696505217549,-2.540096894918985
227797703171728,-1.691616241662297
227823595829373,-2.3769170352824074
227863831614408,-2.028774224846301
227893104644055,-2.5981454709823186
227939764543732,-2.540096894918985
227946454629027,-0.9901313829650793
228176744991707,-3.6135890304108322
228221155027483,-2.540096894918985
228242983822015,-2.540096894918985
228271347429811,-2.3769170352824074
228313132843940,-2.540096894918985
228633936708726,-0.9901313829650793
228755825764127,-2.5981454709823186
228760116606885,-3.0628139815571505
228932435522843,-2.5981454709823186
228979325541945,-2.322482865073635
229122726210360,-2.5981454709823186
229177862503619,-1.691616241662297
229408434568855,-2.2447704601593523
229489756010420,-2.5981454709823186
229498137325741,-1.691616241662297
229530135277392,-2.322482865073635
229755401595915,-2.395599773685927
229756920428943,-1.691616241662297
229766603474306,-2.8566053724308422
229844485949139,-1.799825280303553
229971938193995,-2.5981454709823186
230094575888656,-2.395599773685927
230148732147853,-2.540096894918985
230404099404235,-2.2447704601593523
230514194491857,-2.540096894918985
230823210253109,-3.0628139815571505
230941828482534,-1.691616241662297
231058944509861,-2.395599773685927
231070086715751,-2.540096894918985
231080845353616,-1.691616241662297
231157230315109,-3.0628139815571505
231239159491928,-2.5981454709823186
231320324933583,-2.5981454709823186
231329126187581,-1.691616241662297
231360605242366,-1.691616241662297
231395848729199,-3.6135890304108322
231574626945253,-3.9504772778306565
231594606485869,-2.540096894918985
231630093951941,-2.5981454709823186
231682027662660,-2.395599773685927
231742782865803,-2.540096894918985
231744558605713,-2.8566053724308422
231903116515667,-2.322482865073635
232221603761429,-3.6135890304108322
232293900631196,-2.3769170352824074
232337232737743,-2.5981454709823186
232542031863036,-2.540096894918985
232643343597284,-2.3769170352824074
232900551522276,-3.6135890304108322
232925954207597,-0.9901313829650793
232973103503653,-2.2447704601593523
232999829619926,-2.5981454709823186
233065069382841,-3.9504772778306565
233077853862693,-2.5981454709823186
233178993358812,-2.5981454709823186
233182540777858,-2.028774224846301
233383153405343,-1.691616241662297
233542442555838,-1.691616241662297
233603311531090,-3.6135890304108322
233692453704544,-2.540096894918985
233711459313654,-2.028774224846301
233734572173703,-1.691616241662297
233757668580924,-2.540096894918985
233795642661162,-3.6135890304108322
233803777267054,-1.691616241662297
233912083700604,-2.322482865073635
233919830437569,-2.540096894918985
233950557264556,-2.395599773685927
234032627092416,-2.322482865073635
234095477953271,-2.028774224846301
234492848534654,-1.691616241662297
234510306832857,-1.691616241662297
234592071008764,-2.3769170352824074
234605401484709,-2.5981454709823186
234622465035017,-2.5981454709823186
234649803809926,-1.691616241662297
234813707960016,-1.691616241662297
235030484434692,-2.3769170352824074
235096052488924,-2.3769170352824074
235257438492893,-0.9901313829650793
235392656828971,-1.691616241662297
235417835452754,-2.540096894918985
235472257724057,-2.395599773685927
235512327130464,-3.0628139815571505
235539927718524,-1.691616241662297
235590794341662,-1.2811720973618845
235622030712152,-2.8566053724308422
235627130903047,-2.5981454709823186
236035347171339,-2.5981454709823186
236227283746966,-1.691616241662297
236306745831323,-2.395599773685927
236377993236385,-1.691616241662297
236399433997509,-1.691616241662297
236606589502154,-3.0628139815571505
236716477392087,-2.8566053724308422
236736047927002,-2.540096894918985
236749804783559,-2.322482865073635
236896570000629,-1.691616241662297
237087986828394,-2.8566053724308422
237278524128389,-2.2447704601593523
237284627733157,-1.691616241662297
237297185163901,-2.3769170352824074
237300165927656,-2.540096894918985
237524618826456,-0.9901313829650793
237682355056515,-3.6135890304108322
237697386156943,-1.691616241662297
237715891341319,-3.6135890304108322
237753328512171,-1.691616241662297
237928487401281,-2.395599773685927
238090312839498,-3.6135890304108322
238200344240848,-1.691616241662297
238240698527267,-2.468565795281229
238416057991978,-0.9901313829650793
238502484589247,-0.9901313829650793
238855574151634,-3.9504772778306565
238902665928055,-2.3769170352824074
239148993084472,-2.395599773685927
239171034887123,-2.395599773685927
239190288121081,-1.691616241662297
239297160577259,-0.9901313829650793
239352868912997,-2.540096894918985
239588604257690,-2.322482865073635
239673982891983,-2.5981454709823186
239706175148528,-1.2811720973618845
239852912462638,-1.691616241662297
239871348374537,-2.3769170352824074
240320638267367,-1.691616241662297
240382412816801,-0.9901313829650793
240432143608460,-1.691616241662297
240471409844738,-2.5981454709823186
240489593360032,-2.322482865073635
240490083680411,-1.691616241662297
240493464651244,-2.028774224846301
240517819235363,-0.9901313829650793
240586845942917,-2.3769170352824074
240636278501005,-2.468565795281229
240775464027310,-1.691616241662297
240971991102200,-2.322482865073635
241246938375977,-2.540096894918985
241462849765241,-1.691616241662297
241619041670970,-2.540096894918985
241829810052545,-2.468565795281229
241861512197102,-2.5981454709823186
241909001119280,-1.691616241662297
242261139945326,-3.6135890304108322
242329939876797,-2.540096894918985
242371226437915,-2.5981454709823186
242371880591990,-2.3769170352824074
242406312605110,-1.2811720973618845
242414134009858,-2.540096894918985
242461282631035,-2.322482865073635
242511380293788,-2.395599773685927
242512799471622,-1.691616241662297
242522860992899,-2.028774224846301
242612211841010,-1.691616241662297
242614905740039,-3.0628139815571505
242662653241470,-1.691616241662297
242702960285315,-1.691616241662297
242711281131014,-2.2447704601593523
242734206834418,-2.540096894918985
242769879502727,-3.9504772778306565
242775108143777,-2.5981454709823186
242861293129744,-2.540096894918985
242976321497484,-2.2447704601593523
243058454297448,-2.8566053724308422
243121147595295,-1.691616241662297
243132636113533,-2.322482865073635
243313105405485,-3.6135890304108322
243431767773433,-2.468565795281229
243470884749831,-2.3769170352824074
243492195116622,-3.0628139815571505
243570433853324,-2.540096894918985
243573019058145,-2.395599773685927
243591471606763,-2.322482865073635
243625966246475,-1.691616241662297
243711583123936,-2.5981454709823186
243969926050099,-2.5981454709823186
243976912128633,-3.6135890304108322
244557555544119,-2.5981454709823186
245221152865318,-2.2447704601593523
245637462662802,-2.8566053724308422
245647435289076,-2.395599773685927
245761175803680,-2.322482865073635
245801055424255,-1.691616241662297
245871375236533,-2.5981454709823186
245940248759680,-2.540096894918985
246009299751837,-2.540096894918985
246067741730027,-1.691616241662297
246114879238165,-2.8566053724308422
246152190570471,-3.6135890304108322
246230850602250,-1.691616241662297
246252078866332,-1.691616241662297
246338629370797,-1.799825280303553
246533814289904,-2.540096894918985
246732930388974,-2.5981454709823186
246856072197124,-2.540096894918985
246955615942631,-1.691616241662297
247114761279566,-2.028774224846301
247232642017494,-2.395599773685927
247258750081040,-1.691616241662297
247288384410249,-2.2447704601593523
247316806694150,-2.3769170352824074
247342516133910,-2.540096894918985
247523697279378,-2.540096894918985
247856927477142,-3.6135890304108322
247973285655640,-1.691616241662297
248009943491535,-2.540096894918985
248026461387288,-2.540096894918985
248118307603517,-2.5981454709823186
248123653626734,-0.9901313829650793
248210350016250,-2.5981454709823186
248437912549978,-2.395599773685927
248484272570950,-2.540096894918985
248500808370505,-0.9901313829650793
248507460512447,-3.6135890304108322
248510757987365,-2.540096894918985
248784925792308,-2.322482865073635
248854239988291,-2.468565795281229
248986139630276,-2.540096894918985
249145961254347,-2.540096894918985
249181568955667,-1.691616241662297
249253623633894,-2.322482865073635
249304081615753,-1.691616241662297
249414905660722,-3.6135890304108322
249554414184542,-3.9504772778306565
249610696800721,-2.2447704601593523
249769251448580,-2.5981454709823186
249821281061092,-1.799825280303553
249893105113952,-1.799825280303553
249913496618827,-3.6135890304108322
250040181522452,-3.0628139815571505
250044165306499,-2.8566053724308422
250099917074037,-2.5981454709823186
250132155967906,-2.5981454709823186
250246354274410,-2.5981454709823186
250259804798192,-2.395599773685927
250311496858571,-2.540096894918985
250605382700787,-2.395599773685927
250610225331033,-2.540096894918985
250630430657763,-3.0628139815571505
250720344272450,-2.5981454709823186
250884283903974,-2.2447704601593523
250926688054338,-2.5981454709823186
251005889798299,-1.691616241662297
251352036283083,-2.5981454709823186
251489566763974,-1.691616241662297
251503202732938,-2.5981454709823186
251557333170642,-3.6135890304108322
251964981895311,-3.6135890304108322
252301938860812,-1.691616241662297
252467812850929,-2.540096894918985
252872801441127,-2.3769170352824074
253056852195289,-2.540096894918985
253135636471754,-3.0628139815571505
253245334995850,-2.540096894918985
253288524381906,-3.6135890304108322
253358435481514,-2.540096894918985
253450727554160,-1.2811720973618845
253803324183158,-2.540096894918985
253952621053618,-2.5981454709823186
254241346315572,-1.691616241662297
254379928190444,-0.9901313829650793
254436640984387,-3.6135890304108322
254452344890500,-2.322482865073635
254554288254123,-1.799825280303553
254570946518395,-2.5981454709823186
254573591620109,-2.2447704601593523
254589406153946,-1.691616241662297
254777192288756,-2.540096894918985
254862655809153,-2.5981454709823186
254996225991927,-1.691616241662297
255000743755999,-2.540096894918985
255099190979607,-2.5981454709823186
255197970505033,-2.540096894918985
255362374278820,-1.691616241662297
255537420255320,-1.2811720973618845
255550243710339,-2.540096894918985
255625968866809,-2.028774224846301
255907160603402,-2.3769170352824074
255909048362976,-2.5981454709823186
255909101743737,-1.691616241662297
256149284181517,-2.028774224846301
256220855246967,-2.5981454709823186
256271561554695,-2.395599773685927
256595491080588,-2.2447704601593523
256676538322039,-2.540096894918985
256740873777171,-1.799825280303553
256764885447653,-1.2811720973618845
256794254390188,-2.5981454709823186
256850933266700,-2.8566053724308422
256853669259127,-1.799825280303553
256925427628828,-2.5981454709823186
256998626429781,-2.5981454709823186
257014898162162,-2.5981454709823186
257138288397608,-1.799825280303553
257161463373437,-2.5981454709823186
257163222790675,-1.691616241662297
257589061091375,-2.540096894918985
257612139683906,-3.0628139815571505
257613772806664,-2.5981454709823186
257642855383436,-1.691616241662297
257652338789338,-2.395599773685927
257936570133028,-1.691616241662297
257952045125488,-2.3769170352824074
257989288395537,-1.691616241662297
258010404590209,-1.691616241662297
258017876337396,-1.691616241662297
258019616606963,-2.540096894918985
258033432329233,-2.540096894918985
258137351538853,-3.0628139815571505
258224374683932,-2.5981454709823186
258295959070280,-2.395599773685927
258301027523634,-1.691616241662297
258328169839604,-2.5981454709823186
258398206858279,-3.0628139815571505
258588066658306,-1.691616241662297
258648912283417,-1.691616241662297
258723735380771,-2.3769170352824074
258775075566058,-1.691616241662297
258906486636132,-1.691616241662297
258962726413277,-2.5981454709823186
258964234513456,-2.5981454709823186
259225594075877,-2.540096894918985
259271869553144,-1.799825280303553
259393652335166,-2.395599773685927
259531677574845,-1.691616241662297
259663432277214,-1.691616241662297
259722833592589,-2.2447704601593523
259793453923638,-2.2447704601593523
259923697000098,-3.9504772778306565
260363134432295,-1.799825280303553
260535185339407,-2.2447704601593523
260759150426570,-2.5981454709823186
260919871343056,-1.691616241662297
260955184870923,-2.395599773685927
261038671724774,-2.5981454709823186
261123773550998,-2.2447704601593523
261130822587290,-2.028774224846301
261142226483060,-2.468565795281229
261162012317538,-2.5981454709823186
261262770061861,-2.2447704601593523
261319936519381,-1.799825280303553
261347650560619,-1.691616241662297
261379759229666,-2.028774224846301
261405670728452,-1.2811720973618845
261424505041012,-2.540096894918985
261437383742857,-2.3769170352824074
261565858390252,-2.540096894918985
261592228397821,-2.3769170352824074
261686086433883,-2.395599773685927
261739415336763,-1.691616241662297
261823710150369,-2.540096894918985
261985828028462,-1.691616241662297
262003910036575,-2.322482865073635
262076555543609,-1.691616241662297
262205786513186,-2.540096894918985
262646804294850,-2.028774224846301
262837910242600,-4.374500345171729
262839123975955,-2.322482865073635
262918765436200,-2.395599773685927
262943738598361,-2.322482865073635
262971944003716,-1.691616241662297
262990028891641,-2.540096894918985
263000659110271,-2.5981454709823186
263118660995533,-3.6135890304108322
263345877458078,-3.0628139815571505
263375841310463,-2.5981454709823186
263392468867237,-2.540096894918985
263516966393962,-1.691616241662297
263594824296431,-1.691616241662297
263800786110200,-2.5981454709823186
263938134668895,-2.2447704601593523
263963232869559,-2.322482865073635
263964685705690,-1.691616241662297
264012359271446,-1.691616241662297
264053947066473,-1.691616241662297
264172780291632,-2.5981454709823186
264360772154401,-2.468565795281229
264535212073572,-2.322482865073635
264837050164278,-2.540096894918985
264847286422141,-1.2811720973618845
264903016733010,-2.540096894918985
265012382185854,-2.5981454709823186
265047583126012,-2.395599773685927
265127476885555,-2.8566053724308422
265192363897801,-2.540096894918985
265287563709696,-1.691616241662297
265399766737684,-1.691616241662297
265520204304909,-2.5981454709823186
265704754199212,-2.395599773685927
266028631803129,-2.322482865073635
266065469885975,-1.2811720973618845
266082742268048,-2.8566053724308422
266205783332876,-2.5981454709823186
266251739174405,-2.5981454709823186
266312525233491,-0.9901313829650793
266468636820850,-0.9901313829650793
266584685077723,-2.395599773685927
266668107368795,-3.6135890304108322
266783578959943,-2.322482865073635
266872652592006,-1.691616241662297
266981808367306,-2.395599773685927
267197997307436,-1.691616241662297
267232418291266,-2.540096894918985
267292003099953,-2.395599773685927
267299097435824,-2.8566053724308422
267395921688784,-2.395599773685927
267409503287550,-2.5981454709823186
267420498780575,-2.028774224846301
267531970687785,-3.6135890304108322
267978314001215,-2.540096894918985
268083622152236,-1.691616241662297
268530356492066,-2.540096894918985
268567470505980,-2.5981454709823186
268796765029808,-3.6135890304108322
268820259706070,-3.6135890304108322
268860029922393,-1.691616241662297
268868185620419,-2.540096894918985
268872168283860,-2.395599773685927
269159564292939,-3.6135890304108322
269228394039332,-2.5981454709823186
269283901533897,-2.028774224846301
269439782022773,-2.5981454709823186
269628347331456,-0.9901313829650793
270303709288591,-2.5981454709823186
270388690904394,-3.6135890304108322
270464011990863,-3.6135890304108322
270597596308378,-1.691616241662297
270626678767707,-2.395599773685927
270694730581945,-2.395599773685927
270744611446650,-2.028774224846301
270825290582371,-2.3769170352824074
270950929929821,-2.5981454709823186
270965815632173,-2.028774224846301
271009763054262,-1.691616241662297
271060970406398,-2.2447704601593523
271083612539388,-2.5981454709823186
271248349081569,-2.540096894918985
271380985536909,-2.395599773685927
271445413712012,-2.540096894918985
271490005348332,-2.540096894918985
271545839221337,-3.6135890304108322
271550254761639,-1.691616241662297
271837386129952,-2.540096894918985
271863676733300,-1.799825280303553
271980840353057,-2.3769170352824074
271991000775243,-1.691616241662297
272069589615886,-1.799825280303553
272152105696336,-1.691616241662297
272261608552382,-3.6135890304108322
272372192907551,-2.3769170352824074
272394396281408,-2.5981454709823186
272474660971538,-1.691616241662297
272521022938905,-2.028774224846301
272585357974472,-2.5981454709823186
272743477279521,-1.799825280303553
272780578492044,-2.5981454709823186
272944233065051,-2.5981454709823186
272978447391262,-1.691616241662297
273147568020627,-2.5981454709823186
273210764169129,-1.691616241662297
273225422663331,-1.691616241662297
273296986673338,-2.5981454709823186
273425872609997,-1.691616241662297
273560951204066,-1.691616241662297
273573212042755,-2.3769170352824074
273633991335114,-2.322482865073635
273718577962614,-1.691616241662297
273738098513162,-2.540096894918985
273739309540766,-2.540096894918985
273870118704885,-2.5981454709823186
274059938317740,-2.8566053724308422
274075713909269,-2.540096894918985
274077103844540,-1.691616241662297
274142076512906,-1.691616241662297
274257636228928,-3.6135890304108322
274294188006762,-2.540096894918985
274357438773304,-2.540096894918985
274375536378503,-2.5981454709823186
274649188172684,-2.540096894918985
274706527257841,-1.691616241662297
274753112643835,-2.395599773685927
274817312440618,-2.540096894918985
274875034798182,-0.9901313829650793
274880750150031,-2.322482865073635
274890377889937,-1.691616241662297
274969834246390,-2.3769170352824074
275072429722901,-2.3769170352824074
275119043556769,-1.691616241662297
275151296631557,-2.8566053724308422
275258458830366,-1.691616241662297
275378685351465,-1.691616241662297
275491149993689,-1.691616241662297
275515167175859,-2.8566053724308422
275647235607015,-1.691616241662297
275664192808043,-2.540096894918985
275926704250445,-2.540096894918985
276135888070810,-2.5981454709823186
276156840835286,-2.3769170352824074
276201728464948,-2.540096894918985
276544849775738,-1.691616241662297
276557436881830,-2.540096894918985
276558690705279,-2.395599773685927
276721846289378,-3.6135890304108322
276748653582874,-2.540096894918985
276802478926279,-2.3769170352824074
276828263802456,-2.395599773685927
276880224577193,-2.540096894918985
277417962840256,-1.799825280303553
277426993160849,-2.322482865073635
277524449957730,-2.540096894918985
277571482694104,-2.5981454709823186
277692488431065,-2.540096894918985
277703422238349,-1.691616241662297
277704720683831,-1.691616241662297
277753453962891,-3.6135890304108322
277771169659235,-2.5981454709823186
277773242493096,-1.691616241662297
277856157534661,-2.5981454709823186
277992341304870,-2.5981454709823186
278023435100478,-2.2447704601593523
278097465566869,-3.6135890304108322
278201155723394,-2.322482865073635
278585908281763,-2.540096894918985
278588316198970,-2.5981454709823186
278705231006832,-3.0628139815571505
278723050144937,-2.2447704601593523
278762458267193,-2.395599773685927
278811724102870,-2.395599773685927
278828910313076,-1.691616241662297
279299146125608,-2.8566053724308422
279436900417691,-1.691616241662297
279465443879787,-3.6135890304108322
279536808953361,-2.540096894918985
279709468026253,-1.799825280303553
279719497959825,-2.2447704601593523
279847518011841,-2.395599773685927
279872832391647,-1.2811720973618845
279921622393690,-1.691616241662297
279956010579014,-2.540096894918985
280012311234725,-2.028774224846301
280048824234224,-1.691616241662297
280057384964157,-3.6135890304108322
280126238311582,-1.691616241662297
280158728685679,-3.6135890304108322
280236223876035,-2.540096894918985
280249022606936,-2.540096894918985
280285312465851,-2.540096894918985
280405675172418,-4.374500345171729
280461703655641,-2.540096894918985
280534814402786,-2.540096894918985
280577791023143,-1.691616241662297
280897218701764,-2.395599773685927
281054287599458,-2.468565795281229
281132937796589,-1.691616241662297
281165380540758,-2.395599773685927
281220082101072,-2.8566053724308422
281468256139268,-2.395599773685927
