item_key,elasticity,n_obs,se,elasticity_clipped
122255998472,-2.277371354876947,654,0.0600373091429332,-2.277371354876947
142060233120,-2.3892137749768927,160,0.0262838272188546,-2.3892137749768927
273254869476,-1.6155126319306996,701,0.0687563201086147,-1.6155126319306996
334741852012,-4.475208096699544,837,0.1419958164752356,-4.475208096699544
360969770608,-2.210093609307567,502,0.0653429038617137,-2.210093609307567
361263665728,-2.456598413112136,937,0.0653429038617137,-2.456598413112136
426445230223,-1.6431998312850997,694,0.0262838272188546,-1.6431998312850997
451781451022,-1.3491933775495881,631,0.0262838272188546,-1.3491933775495881
454322348784,-2.13554769056596,827,0.0765432789165805,-2.13554769056596
534895545168,-2.67219931945909,764,0.0600373091429332,-2.67219931945909
543973061810,-1.5221486024284916,636,0.0452023071381502,-1.5221486024284916
557508304121,-2.0695752864869323,306,0.0765432789165805,-2.0695752864869323
590882946133,-2.0388635315609682,577,0.0765432789165805,-2.0388635315609682
642947446522,-0.5700794086717409,788,0.0687563201086147,-0.5700794086717409
645553196889,-3.013229510505899,495,0.0653429038617137,-3.013229510505899
699237237377,-2.018191121471238,267,0.0262838272188546,-2.018191121471238
895469897618,-1.3432018407115667,872,0.0262838272188546,-1.3432018407115667
911302539935,-2.6862547936628416,187,0.0262838272188546,-2.6862547936628416
1006543042866,-2.0439055118533913,792,0.0489823470743429,-2.0439055118533913
1229038828612,-2.713623656998801,361,0.0262838272188546,-2.713623656998801
1229733485661,-2.5669265051773795,525,0.0489823470743429,-2.5669265051773795
1273773874044,-2.305838303891183,126,0.0653429038617137,-2.305838303891183
1277502153005,-2.5474006356119716,724,0.0653429038617137,-2.5474006356119716
1340596856000,-2.5109344393603883,280,0.0826456231190062,-2.5109344393603883
1590287234780,-2.0581433920947805,188,0.0262838272188546,-2.0581433920947805
1652426723209,-2.5866732889081554,525,0.0262838272188546,-2.5866732889081554
1687354230478,-2.09623682169965,585,0.0489823470743429,-2.09623682169965
1790164797872,-1.4767665075145089,213,0.0262838272188546,-1.4767665075145089
1907487694394,-2.826207469202125,922,0.0600373091429332,-2.826207469202125
1981198122793,-2.244220490786596,765,0.0489823470743429,-2.244220490786596
2126790419932,-2.478202867352245,913,0.0653429038617137,-2.478202867352245
2169278488511,-2.9453738563464844,928,0.0600373091429332,-2.9453738563464844
2364532345270,-2.3583045087484193,800,0.0489823470743429,-2.3583045087484193
2448318672390,-2.3711606193264556,886,0.0489823470743429,-2.3711606193264556
2506340415430,-2.546137177741932,768,0.0600373091429332,-2.546137177741932
2529791781737,-2.356304477239104,822,0.0653429038617137,-2.356304477239104
2684475193179,-2.0025129501264924,757,0.0600373091429332,-2.0025129501264924
2692801778218,-2.954243725657888,799,0.1010329955898673,-2.954243725657888
2741204919379,-1.6818158890805353,689,0.0826456231190062,-1.6818158890805353
2750802669707,-2.029757161833092,340,0.0262838272188546,-2.029757161833092
2751905588963,-1.6756669357965017,346,0.0600373091429332,-1.6756669357965017
2753991183399,-2.022598317731428,591,0.0672170763845647,-2.022598317731428
2875774016995,-2.4154819105389924,983,0.0653429038617137,-2.4154819105389924
2924787753430,-2.202011544285542,158,0.0262838272188546,-2.202011544285542
3049965247312,-1.417388779837715,1002,0.0672170763845647,-1.417388779837715
3084842360059,-1.3638792362299514,1029,0.0672170763845647,-1.3638792362299514
3330130587640,-2.7078613936429656,712,0.0600373091429332,-2.7078613936429656
3346253103357,-3.053597589240131,265,0.0262838272188546,-3.053597589240131
3446605697875,-2.559439467822441,248,0.1781219332485197,-2.559439467822441
3513842662384,-3.390152764763166,897,0.1419958164752356,-3.390152764763166
3816565082458,-3.223168803158405,801,0.1419958164752356,-3.223168803158405
3820923259118,-3.248006077877815,753,0.1419958164752356,-3.248006077877815
3972844844530,-1.8751385987312275,868,0.0452023071381502,-1.8751385987312275
4043159244195,-2.4128076154796885,316,0.0589460608531652,-2.4128076154796885
4328357489459,-3.406980698020587,276,0.1062563664002187,-3.406980698020587
4380301400697,-1.8999540035508178,522,0.0262838272188546,-1.8999540035508178
4452667886887,-2.7793897794440046,786,0.1419958164752356,-2.7793897794440046
4472639882936,-1.4954048308659345,250,0.0262838272188546,-1.4954048308659345
4549763103345,-1.7312497728405492,62,0.0262838272188546,-1.7312497728405492
4679187658941,-2.7432274094641236,706,0.0653429038617137,-2.7432274094641236
4693255693835,-2.656271159914001,328,0.0262838272188546,-2.656271159914001
4715332377835,-2.4970921389082754,402,0.0600373091429332,-2.4970921389082754
4743687304473,-2.560980484307546,490,0.0262838272188546,-2.560980484307546
4832112483124,-1.9645561097170277,408,0.0653429038617137,-1.9645561097170277
4961607342274,-2.771356672272537,819,0.0653429038617137,-2.771356672272537
4978580709168,-1.3470862975795792,106,0.0262838272188546,-1.3470862975795792
5181723277294,-3.253077926229082,498,0.1010329955898673,-3.253077926229082
5267034007337,-3.2636400641789014,376,0.1419958164752356,-3.2636400641789014
5277700535289,-0.928215458749731,207,0.0687563201086147,-0.928215458749731
5308256192807,-0.7299772854719895,967,0.0826456231190062,-0.7299772854719895
5389974816115,-3.1759749067030114,801,0.0489823470743429,-3.1759749067030114
5579587713952,-2.411307567107726,381,0.0600373091429332,-2.411307567107726
5614264906504,-2.557981211436033,204,0.0826456231190062,-2.557981211436033
5625838419693,-1.5127114422926016,483,0.0600373091429332,-1.5127114422926016
5754263826447,-2.555929314710812,396,0.0262838272188546,-2.555929314710812
5778731767475,-2.9687374644564244,752,0.1010329955898673,-2.9687374644564244
5793872763501,-2.1594628873431585,808,0.0589460608531652,-2.1594628873431585
5801730803460,-2.266902280028336,352,0.0600373091429332,-2.266902280028336
5909553899614,-2.612922515781097,256,0.0653429038617137,-2.612922515781097
5944804569421,-3.31854142293675,348,0.1419958164752356,-3.31854142293675
6049504758961,-1.7675568364307108,276,0.0262838272188546,-1.7675568364307108
6150512912727,-2.6612629920027393,997,0.0653429038617137,-2.6612629920027393
6158912997251,-2.8081089947696003,1006,0.0653429038617137,-2.8081089947696003
6289412508835,-4.280132154456614,434,0.2412374540535765,-4.280132154456614
6349578084904,-3.092975833998366,823,0.1419958164752356,-3.092975833998366
6420794234615,-2.6852141501053675,793,0.1419958164752356,-2.6852141501053675
6517680099937,-3.1828460282640143,830,0.1419958164752356,-3.1828460282640143
6530784700875,-2.6358807680919893,762,0.1781219332485197,-2.6358807680919893
6572744456707,-2.7555178368100997,783,0.0826456231190062,-2.7555178368100997
6604891549977,-1.4311378099713912,122,0.0262838272188546,-1.4311378099713912
6710010110942,-1.9798722139751592,765,0.0600373091429332,-1.9798722139751592
6970258212725,-1.3490423316160578,848,0.0262838272188546,-1.3490423316160578
7061948800396,-2.5689424224521726,481,0.0262838272188546,-2.5689424224521726
7192183069053,-1.5778604164381573,244,0.0262838272188546,-1.5778604164381573
7207872307743,-2.4017805954836,917,0.0672170763845647,-2.4017805954836
7452747415115,-3.3011786930058094,365,0.0262838272188546,-3.3011786930058094
7456238216778,-2.2120449899258796,357,0.0262838272188546,-2.2120449899258796
7631969095401,-1.633116151776172,276,0.0765432789165805,-1.633116151776172
7776043214770,-2.348303239570465,742,0.0489823470743429,-2.348303239570465
7964550379609,-2.3988949576411884,994,0.0653429038617137,-2.3988949576411884
7965829486053,-2.9559737151047742,630,0.1010329955898673,-2.9559737151047742
8035684664898,-2.7207432453671743,814,0.1419958164752356,-2.7207432453671743
8116231202775,-1.7312176711815364,537,0.0262838272188546,-1.7312176711815364
8168205591115,-2.4759864833667007,347,0.0262838272188546,-2.4759864833667007
8199572265134,-1.7539375478508903,312,0.0765432789165805,-1.7539375478508903
8217810429632,-2.670031544899264,572,0.0489823470743429,-2.670031544899264
8403177563876,-1.60437485257949,807,0.0600373091429332,-1.60437485257949
8646325084420,-2.7200211200944224,713,0.0826456231190062,-2.7200211200944224
8720923924658,-2.7393877286110087,920,0.0600373091429332,-2.7393877286110087
8737365162565,-1.532387486676321,858,0.0452023071381502,-1.532387486676321
8779253678836,-2.8881171829256083,767,0.0489823470743429,-2.8881171829256083
8824703451007,-1.6368569674312625,657,0.0262838272188546,-1.6368569674312625
8867215005342,-2.9038276228693873,901,0.0489823470743429,-2.9038276228693873
9035724444596,-2.975591366898257,1006,0.0653429038617137,-2.975591366898257
9054193971115,-1.9493079572486096,989,0.0653429038617137,-1.9493079572486096
9152089347230,-2.1480217005279836,471,0.0262838272188546,-2.1480217005279836
9156501146421,-1.845249237863203,804,0.0765432789165805,-1.845249237863203
9290500962350,-1.837589445171941,191,0.0262838272188546,-1.837589445171941
9307597220092,-2.759435642536759,537,0.0653429038617137,-2.759435642536759
9335220395163,-1.7734694183596793,861,0.0262838272188546,-1.7734694183596793
9349944311551,-3.456146519935805,817,0.1419958164752356,-3.456146519935805
9426780568730,-2.231901821842197,699,0.0589460608531652,-2.231901821842197
9754680907209,-2.3956541869759147,709,0.0600373091429332,-2.3956541869759147
9822031278890,-2.136035527645874,813,0.0600373091429332,-2.136035527645874
9896369941436,-1.342035955983486,565,0.0589460608531652,-1.342035955983486
9976658223379,-2.733844735377245,962,0.0653429038617137,-2.733844735377245
10027987783534,-3.55224506418102,158,0.1781219332485197,-3.55224506418102
10198739923178,-3.5765542357462117,933,0.1010329955898673,-3.5765542357462117
10212811239854,-2.235344217017019,740,0.0653429038617137,-2.235344217017019
10266685099075,-1.8290998862405852,562,0.0262838272188546,-1.8290998862405852
10401867728135,-3.0576849429733235,837,0.1419958164752356,-3.0576849429733235
10409053305256,-2.007487344091718,1070,0.0489823470743429,-2.007487344091718
10442439962273,-1.8046771306628044,163,0.0765432789165805,-1.8046771306628044
10474797981763,-2.1981162675053967,603,0.0653429038617137,-2.1981162675053967
10554422722157,-2.9398374267615353,548,0.0826456231190062,-2.9398374267615353
10650991296578,-2.3600002214703686,816,0.0589460608531652,-2.3600002214703686
11124418330921,-1.9414475594693226,817,0.0672170763845647,-1.9414475594693226
11277799495980,-3.2574034042877966,671,0.0653429038617137,-3.2574034042877966
11333613691141,-2.3142312688166142,791,0.0589460608531652,-2.3142312688166142
11421541905593,-1.4746561746357898,530,0.0452023071381502,-1.4746561746357898
11622131674632,-2.1393288586992747,669,0.0826456231190062,-2.1393288586992747
11648531682475,-2.628640382827365,687,0.0600373091429332,-2.628640382827365
11661834942388,-2.4703564141195566,1002,0.0653429038617137,-2.4703564141195566
11773514884839,-2.203241412353438,881,0.043389653520373,-2.203241412353438
11780460949620,-1.9157581668482049,300,0.0765432789165805,-1.9157581668482049
11876842683335,-2.16857612793383,795,0.0600373091429332,-2.16857612793383
12266273821396,-2.7459457360598027,1006,0.0653429038617137,-2.7459457360598027
12309687413535,-2.737392680938712,90,0.1781219332485197,-2.737392680938712
12467345107467,-1.5935398146264776,92,0.0262838272188546,-1.5935398146264776
12595411590119,-1.4324558432035426,702,0.0600373091429332,-1.4324558432035426
12675735903954,-1.8928186628422734,696,0.0653429038617137,-1.8928186628422734
12734110588883,-1.6185558967299862,504,0.0489823470743429,-1.6185558967299862
12745890047571,-1.8745378814450602,342,0.0262838272188546,-1.8745378814450602
12821788349845,-1.683367410051484,303,0.0262838272188546,-1.683367410051484
12865511057039,-2.4620436902859133,276,0.0653429038617137,-2.4620436902859133
13072220999894,-2.428742570685008,252,0.0262838272188546,-2.428742570685008
13208746089764,-2.767816382712568,934,0.0600373091429332,-2.767816382712568
13301754709408,-2.1538336469225627,839,0.0589460608531652,-2.1538336469225627
13383592903260,-2.4506724903023094,868,0.0600373091429332,-2.4506724903023094
13427382096726,-2.5882505918496292,759,0.0653429038617137,-2.5882505918496292
13483984028640,-3.816910671138558,694,0.1419958164752356,-3.816910671138558
13597494729200,-1.8376165525206969,798,0.0653429038617137,-1.8376165525206969
13609939244188,-3.399374182275884,819,0.1419958164752356,-3.399374182275884
13641551748529,-2.8622855448393154,281,0.1781219332485197,-2.8622855448393154
13642823440295,-2.5653135641174085,267,0.0653429038617137,-2.5653135641174085
13847264421741,-1.368129318156479,526,0.0262838272188546,-1.368129318156479
14083923976935,-2.1814230928637,676,0.0765432789165805,-2.1814230928637
14105250346680,-1.9730310794391324,477,0.0262838272188546,-1.9730310794391324
14211309028732,-3.353545884331153,276,0.1419958164752356,-3.353545884331153
14229101123243,-2.928107899885931,343,0.0589460608531652,-2.928107899885931
14345875489892,-2.0953839754813335,508,0.0653429038617137,-2.0953839754813335
14406034957098,-1.8868543314627295,982,0.0262838272188546,-1.8868543314627295
14474957739656,-2.053218952251093,311,0.0653429038617137,-2.053218952251093
14522640794199,-2.3855965015287843,986,0.0653429038617137,-2.3855965015287843
14599650877349,-3.6366449929569082,741,0.1419958164752356,-3.6366449929569082
14633544863110,-2.053527915476147,934,0.0600373091429332,-2.053527915476147
14648772981767,-2.76471910411618,822,0.1419958164752356,-2.76471910411618
14656811748682,-3.18400304869445,514,0.0489823470743429,-3.18400304869445
14774595337577,-2.328706022240681,869,0.0600373091429332,-2.328706022240681
14775619364317,-1.7458338153806987,732,0.0826456231190062,-1.7458338153806987
14805117551035,-1.7349250526077133,658,0.0672170763845647,-1.7349250526077133
14824962784938,-2.7095827096279415,761,0.1781219332485197,-2.7095827096279415
14911552136420,-3.242612024823982,614,0.1010329955898673,-3.242612024823982
15053342263752,-3.672541658133704,798,0.1419958164752356,-3.672541658133704
15165833107518,-1.2803697204015432,238,0.0262838272188546,-1.2803697204015432
15295529865018,-2.666834541769338,904,0.0489823470743429,-2.666834541769338
15561296169109,-2.112238684188991,642,0.0262838272188546,-2.112238684188991
15569645492278,-1.3421873458785367,461,0.0452023071381502,-1.3421873458785367
15576933097427,-3.167466960384376,510,0.1419958164752356,-3.167466960384376
15639633395989,-3.8379873260141064,647,0.1010329955898673,-3.8379873260141064
15649807261442,-1.8930227840590874,522,0.0653429038617137,-1.8930227840590874
15714562288993,-3.6029816253714824,807,0.1419958164752356,-3.6029816253714824
15837031295463,-3.067308296711182,856,0.1781219332485197,-3.067308296711182
15881820827069,-2.403295228199741,310,0.0765432789165805,-2.403295228199741
15994284408992,-1.9741787030240818,355,0.0262838272188546,-1.9741787030240818
16115971239550,-2.6024043892437674,706,0.0653429038617137,-2.6024043892437674
16159173553950,-3.9740102079031083,802,0.1419958164752356,-3.9740102079031083
16171300688109,-1.462430667368861,856,0.0262838272188546,-1.462430667368861
16231189998382,-2.0395599804449493,365,0.0262838272188546,-2.0395599804449493
16250704289599,-2.632696956384329,311,0.0262838272188546,-2.632696956384329
16348241051244,-1.9676216070926726,401,0.0765432789165805,-1.9676216070926726
16360407820271,-4.268450494743213,932,0.1419958164752356,-4.268450494743213
16439374755079,-1.913326871568159,403,0.0589460608531652,-1.913326871568159
16542008127127,-2.0271923849667908,405,0.0262838272188546,-2.0271923849667908
16544353549018,-1.523200221438564,818,0.0262838272188546,-1.523200221438564
16604882329173,-1.4624457342508301,545,0.0262838272188546,-1.4624457342508301
16898003074607,-3.689085296910066,146,0.2412374540535765,-3.689085296910066
16930829613172,-2.343734052279469,149,0.0600373091429332,-2.343734052279469
16931086748242,-2.8078163280361688,818,0.0600373091429332,-2.8078163280361688
17206497755234,-3.144937250824693,800,0.1010329955898673,-3.144937250824693
17523182172627,-2.6301303709147708,743,0.0589460608531652,-2.6301303709147708
17550675910044,-1.9187926649628881,939,0.0653429038617137,-1.9187926649628881
17580398168827,-0.7422776361867932,616,0.0687563201086147,-0.7422776361867932
17634832502279,-2.1361658081369947,381,0.0600373091429332,-2.1361658081369947
17687954925970,-1.2178789843363176,932,0.0452023071381502,-1.2178789843363176
17806419222069,-2.1555580179070364,1067,0.0489823470743429,-2.1555580179070364
18272996248354,-2.4158537500080772,429,0.0489823470743429,-2.4158537500080772
18313283074949,-1.083955717508998,220,0.0262838272188546,-1.083955717508998
18475717764783,-2.2335341742709,811,0.0826456231190062,-2.2335341742709
18576869194296,-2.5202431815023876,357,0.0262838272188546,-2.5202431815023876
18621149725882,-3.3955167547664185,907,0.1010329955898673,-3.3955167547664185
18677085046420,-2.2399645373117334,967,0.0653429038617137,-2.2399645373117334
18741211550485,-1.7722831879505359,875,0.0653429038617137,-1.7722831879505359
18804571705221,-1.3005064297526596,240,0.0262838272188546,-1.3005064297526596
19042780093137,-2.930641137241144,843,0.043389653520373,-2.930641137241144
19154029221227,-0.628664819594358,814,0.0826456231190062,-0.628664819594358
19177146037826,-0.8733457719198999,53,0.0687563201086147,-0.8733457719198999
19363133668809,-1.926445982910428,684,0.0489823470743429,-1.926445982910428
19590392185187,-3.2171211854820605,798,0.0489823470743429,-3.2171211854820605
19683788972433,-2.791826278476486,110,0.0262838272188546,-2.791826278476486
19821460454327,-2.4140785162234923,750,0.0600373091429332,-2.4140785162234923
19969750099210,-2.5495460370228624,613,0.0826456231190062,-2.5495460370228624
19985901878296,-2.733408737817258,968,0.0653429038617137,-2.733408737817258
20111063597257,-1.8199052674298377,493,0.0262838272188546,-1.8199052674298377
20156795639868,-2.9619511903627638,268,0.0600373091429332,-2.9619511903627638
20203126596892,-2.505413673252371,676,0.1781219332485197,-2.505413673252371
20211508201120,-1.6738285316221673,600,0.0600373091429332,-1.6738285316221673
20213550319203,-2.87440966488281,609,0.1419958164752356,-2.87440966488281
20391616588838,-2.746703305603136,792,0.0589460608531652,-2.746703305603136
20395642409368,-2.3150544049797803,747,0.0653429038617137,-2.3150544049797803
20450760825508,-2.9002940978849776,897,0.0826456231190062,-2.9002940978849776
20541695289010,-2.1603298615819937,846,0.0653429038617137,-2.1603298615819937
21024902605759,-1.9223636865550071,215,0.0262838272188546,-1.9223636865550071
21145435249874,-2.5162828402885586,1038,0.0489823470743429,-2.5162828402885586
21156867239205,-2.170382805855723,583,0.0489823470743429,-2.170382805855723
21189088502515,-3.016679076005534,892,0.1010329955898673,-3.016679076005534
21196726093250,-3.998272175160226,800,0.1419958164752356,-3.998272175160226
21230624892838,-2.24490180534748,896,0.0589460608531652,-2.24490180534748
21233630506135,-2.2227472017050016,292,0.0826456231190062,-2.2227472017050016
21309867490367,-2.2283853322168414,455,0.0653429038617137,-2.2283853322168414
21715013908376,-1.7504191468166126,212,0.0262838272188546,-1.7504191468166126
21754041549290,-1.9981229939916605,714,0.0589460608531652,-1.9981229939916605
21783064050137,-2.718081336033152,271,0.0262838272188546,-2.718081336033152
21928381241718,-3.811670845724268,672,0.1419958164752356,-3.811670845724268
22101454483004,-1.7154191728153947,245,0.0262838272188546,-1.7154191728153947
22174055374512,-3.298501358593666,291,0.0653429038617137,-3.298501358593666
22231392240245,-2.735231968934555,272,0.0653429038617137,-2.735231968934555
22243884870493,-2.3328751930968528,319,0.0653429038617137,-2.3328751930968528
22433115452758,-3.731756623371395,753,0.1419958164752356,-3.731756623371395
22449162167039,-1.1322600045488813,915,0.0452023071381502,-1.1322600045488813
22618264637715,-1.9803066117180061,230,0.0262838272188546,-1.9803066117180061
22714784894013,-3.3962759542198073,354,0.1010329955898673,-3.3962759542198073
22725415658226,-1.4694772319369331,1046,0.0262838272188546,-1.4694772319369331
22748602509332,-2.076112336005986,877,0.0653429038617137,-2.076112336005986
22966777129050,-1.8741175005480293,825,0.0765432789165805,-1.8741175005480293
23373539363200,-2.6544320251208764,186,0.0262838272188546,-2.6544320251208764
23381471573131,-2.0973355549971764,596,0.0600373091429332,-2.0973355549971764
23498656666750,-2.5941651896861924,444,0.0262838272188546,-2.5941651896861924
23523211570592,-2.630127227276394,937,0.0653429038617137,-2.630127227276394
23554596919959,-2.5185351934265556,965,0.0600373091429332,-2.5185351934265556
23565244127617,-1.1491868079037277,419,0.0687563201086147,-1.1491868079037277
23713484529550,-2.0577948182151795,317,0.0262838272188546,-2.0577948182151795
24127156604567,-2.861556557509719,483,0.0600373091429332,-2.861556557509719
24186154879473,-2.2564979626820594,200,0.0600373091429332,-2.2564979626820594
24267608991147,-3.2355006583467234,544,0.1419958164752356,-3.2355006583467234
24269905596168,-3.437487270927929,504,0.1419958164752356,-3.437487270927929
24335138052163,-2.4675568601337234,206,0.0600373091429332,-2.4675568601337234
24515197776598,-2.714458928948633,767,0.0826456231190062,-2.714458928948633
24538507165411,-2.1018902552678815,804,0.043389653520373,-2.1018902552678815
24639616613003,-1.77343850575327,372,0.0672170763845647,-1.77343850575327
24655879112660,-2.357297213694284,648,0.043389653520373,-2.357297213694284
24748145453672,-2.1638912209906005,777,0.0489823470743429,-2.1638912209906005
24811068671471,-2.085614135830624,378,0.0653429038617137,-2.085614135830624
24848015186727,-2.8127211835472385,274,0.0653429038617137,-2.8127211835472385
24941311350710,-2.5393955253842004,684,0.0600373091429332,-2.5393955253842004
24958752762868,-2.4485117934024534,894,0.0489823470743429,-2.4485117934024534
24982330489325,-2.9278187283512134,928,0.1781219332485197,-2.9278187283512134
25025038358477,-1.7510435337554675,334,0.0262838272188546,-1.7510435337554675
25038272605281,-3.333616793400893,672,0.0600373091429332,-3.333616793400893
25079766780223,-1.7548186526364495,269,0.0262838272188546,-1.7548186526364495
25129641449325,-1.1250876958226679,383,0.0489823470743429,-1.1250876958226679
25173515715306,-2.8488761246006296,796,0.1010329955898673,-2.8488761246006296
25221759641450,-2.138202032047592,807,0.0826456231190062,-2.138202032047592
25271973043404,-3.2342566703068965,650,0.1010329955898673,-3.2342566703068965
25295960929925,-2.311530075463705,936,0.0653429038617137,-2.311530075463705
25434384862029,-1.8693765122050403,306,0.0653429038617137,-1.8693765122050403
25604358630496,-2.133728334146045,939,0.0653429038617137,-2.133728334146045
25648895772245,-4.410031170547489,786,0.0600373091429332,-4.410031170547489
25664002860836,-1.307203389482752,775,0.0262838272188546,-1.307203389482752
25678600232435,-2.2170602640533574,622,0.1062563664002187,-2.2170602640533574
25733592903066,-1.6014010558972498,1046,0.0262838272188546,-1.6014010558972498
25872685387946,-3.4164423876914345,682,0.0826456231190062,-3.4164423876914345
25942644156793,-1.4101809832946075,925,0.0262838272188546,-1.4101809832946075
26000448704660,-1.8640606281938117,217,0.0262838272188546,-1.8640606281938117
26502200758607,-1.8865869219079063,829,0.0600373091429332,-1.8865869219079063
26550714087691,-4.24273695201899,506,0.2412374540535765,-4.24273695201899
26594116268187,-1.824278952465907,270,0.0262838272188546,-1.824278952465907
26801050195300,-2.704823854140226,563,0.1781219332485197,-2.704823854140226
26806251186457,-1.6529884038726488,450,0.0262838272188546,-1.6529884038726488
26835187883703,-2.008937609803841,864,0.0589460608531652,-2.008937609803841
26976207812148,-2.766222852601871,310,0.0600373091429332,-2.766222852601871
27099545577493,-1.841542643865362,460,0.0262838272188546,-1.841542643865362
27137446130807,-2.2474177810450633,128,0.1062563664002187,-2.2474177810450633
27198946181573,-2.5724019412921724,957,0.0600373091429332,-2.5724019412921724
27344638592727,-1.986046387493129,722,0.0653429038617137,-1.986046387493129
27452252955267,-2.942603475274624,696,0.1419958164752356,-2.942603475274624
27458540919948,-2.014291014786657,362,0.0600373091429332,-2.014291014786657
27515654540897,-1.8025369983117303,931,0.043389653520373,-1.8025369983117303
27552224576233,-2.0769700306441092,194,0.0653429038617137,-2.0769700306441092
27681940073549,-2.0466448369966352,854,0.0489823470743429,-2.0466448369966352
27861206603297,-1.5318404200768576,347,0.0672170763845647,-1.5318404200768576
27885921918473,-0.6894556620665113,262,0.0262838272188546,-0.6894556620665113
27937459349205,-1.1070418775865458,793,0.0489823470743429,-1.1070418775865458
27962583418740,-2.228999444644253,318,0.0489823470743429,-2.228999444644253
27974902818301,-1.8185285218084268,321,0.0262838272188546,-1.8185285218084268
28097991010860,-1.586623888466958,264,0.0262838272188546,-1.586623888466958
28193404316663,-1.989826767970123,909,0.0653429038617137,-1.989826767970123
28206605692982,-2.292317221839908,780,0.0653429038617137,-2.292317221839908
28280283219498,-0.30439432062808935,30,0.0687563201086147,-0.30439432062808935
28428714014044,-2.969951647470623,804,0.0489823470743429,-2.969951647470623
28462803328424,-2.865564883698987,1036,0.0600373091429332,-2.865564883698987
28707565336372,-2.5038931444950325,964,0.0653429038617137,-2.5038931444950325
28967904551963,-2.2652155975580865,441,0.0653429038617137,-2.2652155975580865
29094876613235,-2.2738862422261468,423,0.0653429038617137,-2.2738862422261468
29109340491656,-2.370835166935303,197,0.0826456231190062,-2.370835166935303
29123456843228,-1.8694849118542667,833,0.0262838272188546,-1.8694849118542667
29135378338092,-2.7500442044226125,367,0.0262838272188546,-2.7500442044226125
29141408660208,-3.259773938283093,216,0.1010329955898673,-3.259773938283093
29329528510500,-2.07595235647545,431,0.0589460608531652,-2.07595235647545
29511614844557,-2.0012936469234015,467,0.0765432789165805,-2.0012936469234015
29519971173724,-3.320988799842853,767,0.1781219332485197,-3.320988799842853
29632189006816,-3.259183273721029,890,0.1010329955898673,-3.259183273721029
29667941991313,-1.6423178694274991,454,0.0262838272188546,-1.6423178694274991
29771676227908,-1.75804468561798,498,0.0489823470743429,-1.75804468561798
29901652691680,-1.3209674022052575,804,0.0765432789165805,-1.3209674022052575
30110280326357,-1.3708410483104598,509,0.0826456231190062,-1.3708410483104598
30131571320250,-2.65843110948986,849,0.0489823470743429,-2.65843110948986
30511698560905,-1.6444500295760107,990,0.0653429038617137,-1.6444500295760107
30562534139578,-3.239904134691773,597,0.1010329955898673,-3.239904134691773
30631881667929,-2.2471011352070756,226,0.0589460608531652,-2.2471011352070756
30727313486772,-2.5118828818976078,685,0.0653429038617137,-2.5118828818976078
30731839541830,-2.5382531271074886,1053,0.0826456231190062,-2.5382531271074886
30983981944508,-2.375988331164537,537,0.0600373091429332,-2.375988331164537
30997706451775,-2.2155694934470325,906,0.0600373091429332,-2.2155694934470325
31034087961670,-2.0315674902266485,918,0.0672170763845647,-2.0315674902266485
31244706081814,-2.4070168075599807,651,0.0600373091429332,-2.4070168075599807
31251903269047,-2.2442843409672077,824,0.043389653520373,-2.2442843409672077
31278168652882,-2.8990348263534376,455,0.0653429038617137,-2.8990348263534376
31406911096061,-2.418341949744275,768,0.0826456231190062,-2.418341949744275
31517729663529,-3.2057009849202154,854,0.1010329955898673,-3.2057009849202154
31520729178616,-1.3244551376217246,841,0.0262838272188546,-1.3244551376217246
31646513567522,-1.364369390769478,320,0.0262838272188546,-1.364369390769478
31675756772132,-1.1289250168624463,872,0.0687563201086147,-1.1289250168624463
31682799002197,-1.8306958747110498,1057,0.0672170763845647,-1.8306958747110498
31752054035642,-2.773158738845315,670,0.0653429038617137,-2.773158738845315
31771997540804,-3.224664010566711,834,0.1419958164752356,-3.224664010566711
31827848594342,-2.1351994991307777,831,0.043389653520373,-2.1351994991307777
31887932412934,-1.8702965993843779,936,0.0600373091429332,-1.8702965993843779
31981261312386,-1.6253212266495516,360,0.0262838272188546,-1.6253212266495516
32018599878976,-2.2859380761308903,777,0.0262838272188546,-2.2859380761308903
32018647795219,-3.2311818582274743,840,0.1010329955898673,-3.2311818582274743
32172457577866,-3.6307991439241825,707,0.1419958164752356,-3.6307991439241825
32237120709977,-3.9435566827274853,753,0.1419958164752356,-3.9435566827274853
32288152001464,-2.4895506958971243,918,0.043389653520373,-2.4895506958971243
32382618840958,-2.400575135455762,541,0.0826456231190062,-2.400575135455762
32424587532770,-1.7877134177398595,958,0.0589460608531652,-1.7877134177398595
32493817078725,-3.023180528911376,272,0.1010329955898673,-3.023180528911376
32525160440118,-2.398921893513575,945,0.0653429038617137,-2.398921893513575
32631259087756,-2.0683625357153326,844,0.0600373091429332,-2.0683625357153326
32636123687386,-1.6452390749487056,1014,0.0262838272188546,-1.6452390749487056
32672076735193,-3.6800942579259095,599,0.1010329955898673,-3.6800942579259095
32705686740924,-2.2149613449734846,345,0.0262838272188546,-2.2149613449734846
32910464048464,-0.36517349471668503,70,0.0687563201086147,-0.36517349471668503
32927863889723,-3.4415094492233873,526,0.1010329955898673,-3.4415094492233873
32938462930463,-2.1411821088062064,452,0.0262838272188546,-2.1411821088062064
32942630197982,-2.0898529997465487,796,0.0489823470743429,-2.0898529997465487
33009929417484,-2.136240937223653,837,0.0600373091429332,-2.136240937223653
33041722021847,-3.1974029694182406,1006,0.0653429038617137,-3.1974029694182406
33198598833507,-1.3550117159273771,1054,0.0262838272188546,-1.3550117159273771
33337140820305,-2.5120977207856177,937,0.0600373091429332,-2.5120977207856177
33565202660085,-4.873994393605749,835,0.1010329955898673,-4.873994393605749
33593026383617,-3.4196879353465874,168,0.0653429038617137,-3.4196879353465874
33620717974906,-1.9686681610684817,114,0.0653429038617137,-1.9686681610684817
33708154773722,-1.4346051096402874,260,0.0262838272188546,-1.4346051096402874
33709011353822,-2.206692575050056,441,0.0262838272188546,-2.206692575050056
33807976559097,-2.641588817933641,785,0.0600373091429332,-2.641588817933641
33893219830739,-2.6917442900007176,809,0.0600373091429332,-2.6917442900007176
33941675236958,-2.9632114819978637,561,0.0653429038617137,-2.9632114819978637
34044781987531,-2.7684545795596716,776,0.0826456231190062,-2.7684545795596716
34123469560813,-1.4976999560229425,154,0.0262838272188546,-1.4976999560229425
34169175962718,-3.1848465195337328,747,0.1419958164752356,-3.1848465195337328
34364862921053,-2.789340532172605,830,0.1419958164752356,-2.789340532172605
34428630810671,-1.5836676081406105,385,0.0262838272188546,-1.5836676081406105
34464922734439,-2.7478047166165567,865,0.1781219332485197,-2.7478047166165567
34558027787791,-2.2433289004442747,673,0.1010329955898673,-2.2433289004442747
34911945874003,-1.1387650722927263,1038,0.0262838272188546,-1.1387650722927263
34961363998209,-1.77965868476534,677,0.0765432789165805,-1.77965868476534
34961724224362,-3.137754335528635,631,0.1419958164752356,-3.137754335528635
35055339711515,-2.1325279081075887,339,0.0262838272188546,-2.1325279081075887
35155334886347,-1.160860311065678,946,0.0262838272188546,-1.160860311065678
35195278987371,-2.9344832920686095,555,0.0589460608531652,-2.9344832920686095
35212616943506,-2.3572884421135596,778,0.0826456231190062,-2.3572884421135596
35454264111269,-2.939547182302704,374,0.0262838272188546,-2.939547182302704
35464969594305,-1.7097119073996745,486,0.0262838272188546,-1.7097119073996745
35594903146681,-3.8496785814172454,527,0.1010329955898673,-3.8496785814172454
35660587534859,-2.901196807656602,891,0.1010329955898673,-2.901196807656602
35724202108659,-1.951422156260573,361,0.0262838272188546,-1.951422156260573
35733888643667,-1.6304891684522254,333,0.0262838272188546,-1.6304891684522254
35890796918750,-1.83908600729261,251,0.0262838272188546,-1.83908600729261
35944253820213,-2.2438295923458216,226,0.0600373091429332,-2.2438295923458216
36215242736625,-1.6569009431908313,444,0.0262838272188546,-1.6569009431908313
36403133233064,-1.5451428497367425,631,0.0262838272188546,-1.5451428497367425
36403782243263,-2.5027306374715765,643,0.0826456231190062,-2.5027306374715765
36547654754278,-2.688302179540356,702,0.043389653520373,-2.688302179540356
36595292286795,-1.6102913787595659,833,0.0262838272188546,-1.6102913787595659
36659127796283,-2.1238457238930044,797,0.0489823470743429,-2.1238457238930044
36767930387710,-3.4019592801556984,793,0.1419958164752356,-3.4019592801556984
36864094785780,-2.8775524225423634,799,0.0826456231190062,-2.8775524225423634
36956534894794,-1.9654171227032236,284,0.0653429038617137,-1.9654171227032236
36987641848295,-1.4583212881436975,333,0.0826456231190062,-1.4583212881436975
37104745196472,-2.6455294076517317,583,0.1781219332485197,-2.6455294076517317
37112700789956,-1.7807433036040785,826,0.0600373091429332,-1.7807433036040785
37143918336671,-1.8495182957351557,958,0.0262838272188546,-1.8495182957351557
37362592886047,-2.474030069469249,411,0.0262838272188546,-2.474030069469249
37854730444689,-1.7149017272747065,587,0.0672170763845647,-1.7149017272747065
37867283809724,-3.3138531338638555,305,0.1419958164752356,-3.3138531338638555
37997311246047,-2.554173264777086,719,0.0826456231190062,-2.554173264777086
38000748078213,-2.378764349380028,872,0.0653429038617137,-2.378764349380028
38005967066548,-2.9681074073491915,451,0.1010329955898673,-2.9681074073491915
38069159201644,-3.3358188364437145,544,0.1010329955898673,-3.3358188364437145
38479189594316,-2.6761323754131725,819,0.0653429038617137,-2.6761323754131725
38625914245024,-3.2471067366392665,880,0.1419958164752356,-3.2471067366392665
38633499172406,-1.317356782571797,532,0.0262838272188546,-1.317356782571797
38730259217897,-2.973315643683944,790,0.1010329955898673,-2.973315643683944
38894203764772,-2.7653731476115158,939,0.1781219332485197,-2.7653731476115158
39047664696141,-2.67030081380376,777,0.1419958164752356,-2.67030081380376
39155425859914,-1.7795249383003209,844,0.0653429038617137,-1.7795249383003209
39305700925823,-1.8023849136741512,210,0.0262838272188546,-1.8023849136741512
39598805417307,-2.545588404216822,268,0.0600373091429332,-2.545588404216822
39744478462399,-1.760926800837574,392,0.0262838272188546,-1.760926800837574
40063326901032,-2.080199788331187,1063,0.0672170763845647,-2.080199788331187
40128861782820,-2.3846418385668353,190,0.0262838272188546,-2.3846418385668353
40191920267644,-2.227615201234333,510,0.0262838272188546,-2.227615201234333
40279004976610,-4.20857548407021,507,0.2412374540535765,-4.20857548407021
40481189652638,-2.126259696674266,659,0.0262838272188546,-2.126259696674266
40556897138991,-2.7861823628612328,220,0.0262838272188546,-2.7861823628612328
40566415692810,-1.8444383508010755,329,0.0262838272188546,-1.8444383508010755
40600078796222,-2.4335867879988156,840,0.0653429038617137,-2.4335867879988156
40672812083094,-3.373578349654596,426,0.043389653520373,-3.373578349654596
40684613646650,-2.507530349747713,427,0.0653429038617137,-2.507530349747713
40833296424528,-1.7770846836340115,894,0.0653429038617137,-1.7770846836340115
40875842004488,-1.7568184853549544,786,0.0600373091429332,-1.7568184853549544
40898643840062,-2.8684022732309082,966,0.0600373091429332,-2.8684022732309082
40935613417180,-2.322578510045701,618,0.0653429038617137,-2.322578510045701
40959991306151,-2.402857541200743,434,0.0262838272188546,-2.402857541200743
41153576659142,-2.0550951800678625,502,0.0653429038617137,-2.0550951800678625
41182371972941,-2.4433023052016676,794,0.0489823470743429,-2.4433023052016676
41216960885423,-2.8673834784072056,738,0.1010329955898673,-2.8673834784072056
41222129535492,-2.594498136513005,443,0.0653429038617137,-2.594498136513005
41468131528818,-1.8704672156995952,804,0.043389653520373,-1.8704672156995952
41529978105243,-0.4369390114389926,352,0.0489823470743429,-0.4369390114389926
41583393454508,-1.790669230188671,799,0.0262838272188546,-1.790669230188671
41651284231986,-1.835624644690887,575,0.0600373091429332,-1.835624644690887
41916326130177,-1.8130690158491718,786,0.0600373091429332,-1.8130690158491718
41992615911459,-2.226707443237207,736,0.043389653520373,-2.226707443237207
42006612731974,-1.8863946495205783,765,0.0600373091429332,-1.8863946495205783
42059717960577,-2.2474858839590834,721,0.0600373091429332,-2.2474858839590834
42204163905483,-2.045271777052336,212,0.0589460608531652,-2.045271777052336
42267357251180,-1.8030441653546683,809,0.0262838272188546,-1.8030441653546683
42284205704420,-2.262258939901909,830,0.0600373091429332,-2.262258939901909
42288558148727,-2.0810936775047386,476,0.0262838272188546,-2.0810936775047386
42546890156722,-1.6696401677122115,822,0.0653429038617137,-1.6696401677122115
42584710114148,-2.184050108357834,626,0.0262838272188546,-2.184050108357834
42586219457424,-1.945696241236747,567,0.0600373091429332,-1.945696241236747
42641730943000,-2.143557208871292,439,0.0262838272188546,-2.143557208871292
42654719757498,-2.9891122377689063,204,0.0653429038617137,-2.9891122377689063
42804983606192,-1.627612999340014,1059,0.0672170763845647,-1.627612999340014
42943190041438,-1.2790556723254247,223,0.0765432789165805,-1.2790556723254247
43106900719148,-1.6185798932020246,554,0.0262838272188546,-1.6185798932020246
43324848523831,-2.872652308211509,837,0.0653429038617137,-2.872652308211509
43344458523403,-1.6156093262338123,851,0.0826456231190062,-1.6156093262338123
43519991060918,-1.407366424671848,105,0.0687563201086147,-1.407366424671848
43549303682526,-2.3699529405329764,561,0.0653429038617137,-2.3699529405329764
43637292906987,-4.497289731192534,821,0.2474121983831814,-4.497289731192534
43674745588476,-2.2322555071694676,677,0.0600373091429332,-2.2322555071694676
43690124958978,-1.9707365939355332,904,0.0653429038617137,-1.9707365939355332
43720651635128,-2.836053554290878,664,0.0489823470743429,-2.836053554290878
43865037252039,-1.142658740423912,530,0.0672170763845647,-1.142658740423912
44060377317847,-3.36368950286798,742,0.1419958164752356,-3.36368950286798
44062329049750,-0.7062865883053215,191,0.0687563201086147,-0.7062865883053215
44133907263927,-1.7805094010085334,390,0.0262838272188546,-1.7805094010085334
44167137423862,-1.9447739962110466,1048,0.0672170763845647,-1.9447739962110466
44199333801954,-2.4217122655979044,922,0.0600373091429332,-2.4217122655979044
44216003341475,-1.7627300914412363,569,0.0452023071381502,-1.7627300914412363
44363282697362,-1.5754407767924927,437,0.0600373091429332,-1.5754407767924927
44439782548607,-1.8164522800938308,247,0.0653429038617137,-1.8164522800938308
44475004154543,-4.122730846943702,299,0.2412374540535765,-4.122730846943702
44522822228140,-2.1873621303930646,890,0.0653429038617137,-2.1873621303930646
44549732324463,-3.0811291270458714,518,0.2412374540535765,-3.0811291270458714
44571462757542,-1.9724754695681337,315,0.0653429038617137,-1.9724754695681337
44583541347019,-3.4502572411329746,200,0.1419958164752356,-3.4502572411329746
44787598902132,-2.4064282446638363,707,0.0489823470743429,-2.4064282446638363
44996476451352,-2.6182276295593496,267,0.0262838272188546,-2.6182276295593496
45044637819727,-2.3262417800059745,741,0.0600373091429332,-2.3262417800059745
45054147071404,-1.895237180138102,156,0.0262838272188546,-1.895237180138102
45217598374563,-0.8557341820599111,816,0.0687563201086147,-0.8557341820599111
45356800943202,-2.700886528334893,700,0.1781219332485197,-2.700886528334893
45438484890708,-3.881468841440841,826,0.1419958164752356,-3.881468841440841
45476353918145,-2.771811180549327,398,0.1781219332485197,-2.771811180549327
45577530652969,-1.9967907447440072,307,0.0262838272188546,-1.9967907447440072
45934250448403,-2.6477803038469583,186,0.043389653520373,-2.6477803038469583
46102348697759,-2.630646785002137,863,0.1781219332485197,-2.630646785002137
46250552755941,-2.608708630487014,344,0.0262838272188546,-2.608708630487014
46426830365169,-1.740919714071119,802,0.043389653520373,-1.740919714071119
46431391174730,-2.7542114880137496,320,0.0672170763845647,-2.7542114880137496
46441330592114,-2.740373039871618,639,0.0653429038617137,-2.740373039871618
46448263298935,-3.2034583504778658,147,0.1010329955898673,-3.2034583504778658
46642755396793,-2.178450271402726,938,0.0653429038617137,-2.178450271402726
46761333501059,-1.7915794106933445,340,0.0262838272188546,-1.7915794106933445
46765612717759,-2.8013505944709283,780,0.0600373091429332,-2.8013505944709283
46777765603668,-1.3559413758011187,935,0.043389653520373,-1.3559413758011187
46794960939830,-2.2668097965106013,576,0.0672170763845647,-2.2668097965106013
46842188366232,-2.6902859524219807,960,0.0600373091429332,-2.6902859524219807
46873396716712,-2.298856707854574,297,0.0653429038617137,-2.298856707854574
46946689727403,-2.4109337228334438,790,0.1062563664002187,-2.4109337228334438
47086614178719,-2.848986189918138,600,0.1010329955898673,-2.848986189918138
47142631976598,-1.7294277336151438,818,0.0589460608531652,-1.7294277336151438
47145293803802,-1.1200236472495229,861,0.0452023071381502,-1.1200236472495229
47156455395224,-1.8703078890805114,221,0.0826456231190062,-1.8703078890805114
47251855029268,-1.8200194901280322,150,0.0262838272188546,-1.8200194901280322
47267081206564,-2.8431775007085798,1006,0.0653429038617137,-2.8431775007085798
47359064340687,-2.1141631709648254,793,0.043389653520373,-2.1141631709648254
47403474043109,-1.658755894287208,706,0.0765432789165805,-1.658755894287208
47690842332954,-1.2550978806885846,430,0.0826456231190062,-1.2550978806885846
48124353206546,-4.100413984932739,568,0.1419958164752356,-4.100413984932739
48260592856413,-1.7549453527401886,365,0.0262838272188546,-1.7549453527401886
48352262271583,-1.3516469490146794,935,0.043389653520373,-1.3516469490146794
48437024390578,-2.52390524240613,171,0.0600373091429332,-2.52390524240613
48497653266604,-2.7605603805489256,848,0.0653429038617137,-2.7605603805489256
48595052312988,-2.7320682477886953,835,0.0589460608531652,-2.7320682477886953
48698321559027,-0.9275933958134777,788,0.0826456231190062,-0.9275933958134777
48776171451544,-0.7174459741968996,794,0.0687563201086147,-0.7174459741968996
48800168481821,-2.6303370622590885,979,0.0653429038617137,-2.6303370622590885
48950551112240,-2.353822621340268,498,0.0765432789165805,-2.353822621340268
49013960154823,-3.2457800382380775,364,0.0262838272188546,-3.2457800382380775
49107850541863,-1.838770968180228,779,0.0489823470743429,-1.838770968180228
49109475813092,-2.3552561245661607,333,0.0489823470743429,-2.3552561245661607
49114704921544,-2.2198753353480747,399,0.1062563664002187,-2.2198753353480747
49140321549626,-2.284553051117937,372,0.0653429038617137,-2.284553051117937
49181536255241,-2.2233914483902453,885,0.0600373091429332,-2.2233914483902453
49187826093122,-3.118757662313243,578,0.1419958164752356,-3.118757662313243
49245174912811,-2.8296424500851605,287,0.0653429038617137,-2.8296424500851605
49341166783391,-2.291043062905666,226,0.0600373091429332,-2.291043062905666
49383605419546,-3.033686582192548,538,0.0489823470743429,-3.033686582192548
49457979933089,-4.93186752704864,793,0.1419958164752356,-4.93186752704864
49501021970924,-1.464162479056802,239,0.0653429038617137,-1.464162479056802
49714357540234,-1.9212736292515962,804,0.043389653520373,-1.9212736292515962
49960448854087,-2.12024892956028,187,0.0489823470743429,-2.12024892956028
49986436413086,-1.789119486787948,181,0.0262838272188546,-1.789119486787948
50063570730067,-2.5092051561943,265,0.0653429038617137,-2.5092051561943
50327313240902,-1.054717633756691,455,0.0687563201086147,-1.054717633756691
50393910363123,-0.4260496264524871,586,0.0687563201086147,-0.4260496264524871
50447404444104,-0.3974222424439291,731,0.0765432789165805,-0.3974222424439291
50547313277125,-2.4608689096588554,363,0.0765432789165805,-2.4608689096588554
50643552316946,-1.2790145255846372,1067,0.0672170763845647,-1.2790145255846372
50706340620530,-2.153268304543735,828,0.0589460608531652,-2.153268304543735
50825738244324,-1.9359534822645827,923,0.043389653520373,-1.9359534822645827
50890244369172,-1.9564471091782076,78,0.0262838272188546,-1.9564471091782076
51046354192406,-1.3992938325039406,1039,0.0262838272188546,-1.3992938325039406
51126360439840,-2.7036542516209687,480,0.0600373091429332,-2.7036542516209687
51150197298052,-0.2425917236939975,240,0.0687563201086147,-0.2425917236939975
51229022352495,-2.175574752430919,683,0.0600373091429332,-2.175574752430919
51256625512600,-2.400784237016407,343,0.0600373091429332,-2.400784237016407
51406337094445,-2.2918886280045685,938,0.0653429038617137,-2.2918886280045685
51441865290601,-2.068575366044464,1030,0.0589460608531652,-2.068575366044464
51465179973999,-1.5814191366384935,329,0.0262838272188546,-1.5814191366384935
51545828020585,-2.5670602928596615,383,0.0489823470743429,-2.5670602928596615
51551799611615,-2.500865254128895,416,0.1419958164752356,-2.500865254128895
51744188180156,-2.165417938440453,267,0.0262838272188546,-2.165417938440453
51827604855538,-4.138357999056838,709,0.1010329955898673,-4.138357999056838
51898525271825,-2.395263103542807,219,0.0653429038617137,-2.395263103542807
52016360048029,-2.8687982272006707,111,0.0600373091429332,-2.8687982272006707
52232213878874,-1.7085744321139364,327,0.0262838272188546,-1.7085744321139364
52261297703691,-1.5028097229673785,785,0.0452023071381502,-1.5028097229673785
52510706281744,-1.731756245142905,931,0.043389653520373,-1.731756245142905
52638967279442,-2.1233772277417122,300,0.0653429038617137,-2.1233772277417122
52712150734365,-2.201916485521406,788,0.0672170763845647,-2.201916485521406
52826002028388,-2.045798728458203,243,0.0653429038617137,-2.045798728458203
52988329541978,-1.7496276482437616,368,0.0262838272188546,-1.7496276482437616
53126794783964,-1.6915705084910173,969,0.0262838272188546,-1.6915705084910173
53156434769451,-3.675310419218731,932,0.1419958164752356,-3.675310419218731
53358227044877,-1.4233586635548559,1057,0.0452023071381502,-1.4233586635548559
53366157692523,-1.7364633439770536,176,0.0262838272188546,-1.7364633439770536
53382320506301,-1.528123266286799,774,0.0600373091429332,-1.528123266286799
53563211882629,-1.9924833281667258,338,0.0262838272188546,-1.9924833281667258
53587843475486,-2.3693753991850994,278,0.0653429038617137,-2.3693753991850994
53732969485070,-3.3482780819550646,904,0.0489823470743429,-3.3482780819550646
53904991682149,-2.44537207752839,621,0.0653429038617137,-2.44537207752839
53981581275563,-2.4949833848731284,109,0.0765432789165805,-2.4949833848731284
54055016258798,-2.0102269573953877,190,0.0262838272188546,-2.0102269573953877
54310057022074,-3.340103632955609,189,0.0589460608531652,-3.340103632955609
54358093789905,-2.2259283916671673,937,0.0653429038617137,-2.2259283916671673
54367664865911,-2.793410078369427,896,0.1781219332485197,-2.793410078369427
54439897230883,-0.6098862395476854,709,0.0687563201086147,-0.6098862395476854
54466660826687,-1.1562439937065374,334,0.0765432789165805,-1.1562439937065374
54558559475619,-1.0795401049350908,331,0.0687563201086147,-1.0795401049350908
54685906404449,-2.37305625365838,798,0.0489823470743429,-2.37305625365838
54800057659950,-1.568243715981605,945,0.0600373091429332,-1.568243715981605
54820617361654,-2.003636946882506,711,0.0653429038617137,-2.003636946882506
54837722206931,-0.8732905045222943,125,0.0687563201086147,-0.8732905045222943
55038264446398,-1.96524578353878,456,0.0262838272188546,-1.96524578353878
55142464566505,-1.763322463532864,187,0.0262838272188546,-1.763322463532864
55228681689292,-2.8370200871654507,704,0.0826456231190062,-2.8370200871654507
55282382078485,-1.9001856286418184,604,0.0653429038617137,-1.9001856286418184
55393597474959,-1.7781388861961198,394,0.0826456231190062,-1.7781388861961198
55410631456666,-2.046939470487581,198,0.0262838272188546,-2.046939470487581
55518082143573,-1.345634471873732,602,0.0262838272188546,-1.345634471873732
55518652638001,-0.9662279424098831,512,0.0262838272188546,-0.9662279424098831
55673198659595,-2.0385896222822657,431,0.1062563664002187,-2.0385896222822657
55779649136852,-2.3980872610327753,809,0.0600373091429332,-2.3980872610327753
55796538055475,-1.9808238113492416,779,0.0765432789165805,-1.9808238113492416
55802229332412,-2.5050268687734123,406,0.0653429038617137,-2.5050268687734123
55817732494820,-2.4663016818172214,320,0.0600373091429332,-2.4663016818172214
55951543650339,-1.5640952788100295,1063,0.0672170763845647,-1.5640952788100295
55952455697067,-2.525625252792969,846,0.0653429038617137,-2.525625252792969
56051696191068,-2.8137578378144203,239,0.0826456231190062,-2.8137578378144203
56219533706964,-0.7992927896167206,275,0.0765432789165805,-0.7992927896167206
56325754744231,-2.615939430761908,927,0.0600373091429332,-2.615939430761908
56353128510433,-1.4873364394107595,573,0.0653429038617137,-1.4873364394107595
56361419055999,-1.1277290695419442,589,0.0452023071381502,-1.1277290695419442
56398026815632,-3.179348011249554,807,0.0489823470743429,-3.179348011249554
56645226421296,-3.286557493491296,741,0.1419958164752356,-3.286557493491296
56661139092806,-2.0730949768349523,157,0.0653429038617137,-2.0730949768349523
56690148099175,-1.926942539290485,968,0.0262838272188546,-1.926942539290485
56786944202282,-1.5840110803390426,502,0.0653429038617137,-1.5840110803390426
56928548582812,-2.9156714611968715,192,0.0589460608531652,-2.9156714611968715
56966270799965,-1.4237155212437385,675,0.0765432789165805,-1.4237155212437385
56991918349387,-2.2175795469264217,625,0.0600373091429332,-2.2175795469264217
57225539264373,-1.1717897027654072,369,0.0765432789165805,-1.1717897027654072
57265754521481,-1.4453500972815385,804,0.0489823470743429,-1.4453500972815385
57280719065297,-1.3888024827925445,568,0.0262838272188546,-1.3888024827925445
57319318179578,-2.204720513031043,217,0.0653429038617137,-2.204720513031043
57320463452985,-1.4820345727072701,882,0.0262838272188546,-1.4820345727072701
57703827841647,-1.9996554719306672,1046,0.0653429038617137,-1.9996554719306672
57707319359243,-3.4159005650389083,169,0.0262838272188546,-3.4159005650389083
57766393859093,-3.303311845625287,735,0.1419958164752356,-3.303311845625287
57775096181989,-2.47617843914834,1068,0.0600373091429332,-2.47617843914834
57899093304771,-2.4492947445047037,976,0.0653429038617137,-2.4492947445047037
58107939431732,-2.1693106014015053,836,0.0600373091429332,-2.1693106014015053
58236295175808,-2.692453442553912,881,0.0600373091429332,-2.692453442553912
58637775259389,-1.8867957130547837,467,0.0600373091429332,-1.8867957130547837
58657527146165,-1.6803110150390623,652,0.0262838272188546,-1.6803110150390623
58701697198341,-1.8925063596804876,324,0.0653429038617137,-1.8925063596804876
59047026246082,-1.9549706072327366,831,0.0600373091429332,-1.9549706072327366
59066903197386,-0.5824631147428447,587,0.0687563201086147,-0.5824631147428447
59284532457853,-3.3958509903351546,351,0.0262838272188546,-3.3958509903351546
59389610774465,-1.9451104057043778,750,0.0262838272188546,-1.9451104057043778
59779842897829,-1.9750382082743048,702,0.0589460608531652,-1.9750382082743048
59843286805388,-3.41382565426272,212,0.1419958164752356,-3.41382565426272
60216053946774,-2.2901883932481795,938,0.0600373091429332,-2.2901883932481795
60235818270298,-2.3661315531834632,480,0.1781219332485197,-2.3661315531834632
60263837768118,-2.458764367499511,669,0.0600373091429332,-2.458764367499511
60263892137242,-4.5534135510369,825,0.1010329955898673,-4.5534135510369
60319288606144,-1.4121536831514478,932,0.043389653520373,-1.4121536831514478
60338064849324,-2.1293817850955103,959,0.0600373091429332,-2.1293817850955103
60472749612210,-2.3050771080812487,925,0.0653429038617137,-2.3050771080812487
60504050944717,-1.9324466684080057,936,0.0826456231190062,-1.9324466684080057
60674045987693,-2.4184888208885473,313,0.0489823470743429,-2.4184888208885473
60702270952686,-2.893089437708181,957,0.0653429038617137,-2.893089437708181
60762587057768,-2.7485648791117585,803,0.0262838272188546,-2.7485648791117585
60922376383976,-3.129584095391877,874,0.1781219332485197,-3.129584095391877
61069857099955,-3.5907889111510354,635,0.1781219332485197,-3.5907889111510354
61074835782675,-3.276948597719342,450,0.0589460608531652,-3.276948597719342
61237554349502,-3.1879084771219643,264,0.1419958164752356,-3.1879084771219643
61240627085683,-2.592958037706946,367,0.0262838272188546,-2.592958037706946
61368320526081,-1.8479818744340124,335,0.0672170763845647,-1.8479818744340124
61422062172047,-2.602716963747572,672,0.0826456231190062,-2.602716963747572
61960587202712,-2.697456792933994,629,0.0489823470743429,-2.697456792933994
61982182618072,-1.5764518940725056,871,0.0672170763845647,-1.5764518940725056
62027153462597,-3.280161788599892,875,0.043389653520373,-3.280161788599892
62119429706493,-1.0006654374427961,154,0.0262838272188546,-1.0006654374427961
62195201599553,-2.632356643435414,456,0.0600373091429332,-2.632356643435414
62204176550621,-2.6650945604834346,763,0.0589460608531652,-2.6650945604834346
62226629119787,-2.4483239757051747,736,0.1781219332485197,-2.4483239757051747
62272276824336,-3.173025613606584,748,0.0489823470743429,-3.173025613606584
62283380424214,-2.282932317950152,852,0.0653429038617137,-2.282932317950152
62318183048111,-2.514078222638664,315,0.0653429038617137,-2.514078222638664
62359493943940,-1.796330702350352,451,0.0262838272188546,-1.796330702350352
62493537978617,-2.1310694167380797,27,0.1062563664002187,-2.1310694167380797
62596620076406,-4.438584247012651,673,0.1010329955898673,-4.438584247012651
62600223046173,-2.273792084744921,632,0.0765432789165805,-2.273792084744921
62641842882092,-2.4619384171170857,676,0.0589460608531652,-2.4619384171170857
62682373559631,-1.5322399874639903,593,0.0262838272188546,-1.5322399874639903
62722614329713,-2.1678028786487724,1012,0.0653429038617137,-2.1678028786487724
62918974306117,-1.1703088542399676,902,0.0262838272188546,-1.1703088542399676
63291511255262,-1.9329494170069146,796,0.0765432789165805,-1.9329494170069146
63870914434942,-1.940588855518551,182,0.0262838272188546,-1.940588855518551
63952081215237,-2.699104700468427,430,0.0262838272188546,-2.699104700468427
64016425988463,-2.0103015928313317,629,0.0672170763845647,-2.0103015928313317
64099032985395,-2.428890243452734,292,0.0600373091429332,-2.428890243452734
64118821141443,-3.7946630460825537,621,0.1010329955898673,-3.7946630460825537
64241488184524,-2.0568460591163005,126,0.0653429038617137,-2.0568460591163005
64241910380653,-0.9774333472022921,409,0.0687563201086147,-0.9774333472022921
64266339186502,-4.269780897693606,716,0.1419958164752356,-4.269780897693606
64593616287948,-1.819275600121695,239,0.0826456231190062,-1.819275600121695
64614404164602,-2.740697198062235,222,0.0600373091429332,-2.740697198062235
65137796015865,-0.8185998791914697,747,0.0653429038617137,-0.8185998791914697
65373933621535,-2.2045483937808643,917,0.0600373091429332,-2.2045483937808643
65394400347680,-2.3134638003762005,719,0.0653429038617137,-2.3134638003762005
65474739756752,-2.0620040391994188,545,0.0672170763845647,-2.0620040391994188
65565909622485,-2.6575348145877378,1055,0.1419958164752356,-2.6575348145877378
65599309032884,-2.7440921716826288,341,0.0489823470743429,-2.7440921716826288
65684840589930,-3.8105259979386124,837,0.1419958164752356,-3.8105259979386124
65850976463126,-2.4111843597647638,863,0.0653429038617137,-2.4111843597647638
65857614826349,-1.6333252159988794,738,0.0262838272188546,-1.6333252159988794
65936712978107,-3.1379593535741264,400,0.1419958164752356,-3.1379593535741264
65945353505635,-3.6748149514534187,372,0.1419958164752356,-3.6748149514534187
65962467953128,-2.2881909550218427,204,0.0589460608531652,-2.2881909550218427
65999645242324,-2.51356001098679,270,0.0262838272188546,-2.51356001098679
66003517992621,-1.9837830061783621,907,0.0653429038617137,-1.9837830061783621
66023766104592,-2.3774813013802083,472,0.0653429038617137,-2.3774813013802083
66045885877090,-2.698385063455799,389,0.0765432789165805,-2.698385063455799
66100790324411,-2.937790339296039,129,0.0600373091429332,-2.937790339296039
66155785620546,-3.3369579818457162,599,0.1419958164752356,-3.3369579818457162
66158588449473,-2.56771771743016,445,0.0600373091429332,-2.56771771743016
66236478610215,-1.8003550874844612,935,0.043389653520373,-1.8003550874844612
66262057777514,-3.164745072760202,289,0.0262838272188546,-3.164745072760202
66386044581230,-2.3205517287256474,469,0.0589460608531652,-2.3205517287256474
66432804385191,-2.265485860439243,685,0.0653429038617137,-2.265485860439243
66469825280307,-2.9541270369799713,1006,0.0653429038617137,-2.9541270369799713
66629321797248,-2.909588201305116,943,0.0600373091429332,-2.909588201305116
66638276848471,-2.211459526169485,479,0.1419958164752356,-2.211459526169485
66705111923267,-2.293743622340092,697,0.0600373091429332,-2.293743622340092
66804388550568,-1.5836612954826896,220,0.0262838272188546,-1.5836612954826896
66963783882478,-3.2819691311176884,980,0.1781219332485197,-3.2819691311176884
67098512815459,-1.8099676385091104,508,0.0262838272188546,-1.8099676385091104
67122851515807,-2.066585975983261,300,0.0653429038617137,-2.066585975983261
67151673463120,-1.7681671116775233,555,0.0262838272188546,-1.7681671116775233
67170936393932,-1.9452019344649276,746,0.0600373091429332,-1.9452019344649276
67198057284672,-1.7057940648177392,336,0.0600373091429332,-1.7057940648177392
67351262357493,-3.54089135012639,343,0.0600373091429332,-3.54089135012639
67394684900296,-3.2634872814054736,654,0.1010329955898673,-3.2634872814054736
67959300837559,-3.175461009562322,962,0.1419958164752356,-3.175461009562322
67976616944208,-3.114086988030649,845,0.0653429038617137,-3.114086988030649
68042752144878,-2.1216212525912055,533,0.0653429038617137,-2.1216212525912055
68124382292701,-1.9428277855725316,797,0.0765432789165805,-1.9428277855725316
68139231104510,-2.506942492911693,348,0.0489823470743429,-2.506942492911693
68174885944419,-2.0434615781666707,478,0.0262838272188546,-2.0434615781666707
68212563307589,-2.1161117980201434,808,0.0489823470743429,-2.1161117980201434
68240387769197,-2.5224932836529033,201,0.0600373091429332,-2.5224932836529033
68297149207901,-2.4082828109703796,488,0.0653429038617137,-2.4082828109703796
68415573481528,-3.5098983739083365,807,0.0489823470743429,-3.5098983739083365
68541895495838,-3.2198289076490383,693,0.1419958164752356,-3.2198289076490383
68666392103769,-2.209054838967177,477,0.0262838272188546,-2.209054838967177
68704763249715,-1.551265040105925,225,0.0262838272188546,-1.551265040105925
68721651252160,-2.1846957067119233,133,0.0653429038617137,-2.1846957067119233
68840047325230,-2.3982602538245854,413,0.0262838272188546,-2.3982602538245854
68862443314051,-1.3057382614585082,835,0.0262838272188546,-1.3057382614585082
68894025073638,-1.5543804596170556,357,0.0262838272188546,-1.5543804596170556
68993858578946,-2.174385901524413,393,0.0600373091429332,-2.174385901524413
69020140231167,-3.2213950285470916,826,0.1419958164752356,-3.2213950285470916
69044176735228,-1.603018318463463,1009,0.0672170763845647,-1.603018318463463
69118228593780,-1.302328316987797,424,0.0600373091429332,-1.302328316987797
69176282043018,-4.213797405217447,599,0.1010329955898673,-4.213797405217447
69348195402969,-2.8991447196308546,902,0.0653429038617137,-2.8991447196308546
69450844745155,-1.5704758825805558,252,0.0262838272188546,-1.5704758825805558
69487097278008,-1.665518515144719,317,0.0262838272188546,-1.665518515144719
69541946784774,-1.9415611905406442,989,0.0653429038617137,-1.9415611905406442
69551473248154,-2.2249393761517395,300,0.0589460608531652,-2.2249393761517395
69606673556880,-4.027955174958683,505,0.2412374540535765,-4.027955174958683
69672932586954,-1.9775670911931145,601,0.0262838272188546,-1.9775670911931145
69752173648326,-1.2786363436954995,334,0.0262838272188546,-1.2786363436954995
69855384315502,-1.3215247726414039,62,0.0262838272188546,-1.3215247726414039
69884542024343,-2.709286193298766,688,0.1781219332485197,-2.709286193298766
69931834506887,-2.367382056759513,763,0.0653429038617137,-2.367382056759513
70056929876266,-2.5021796980175464,939,0.0600373091429332,-2.5021796980175464
70121275023858,-3.5605756579642436,764,0.0489823470743429,-3.5605756579642436
70198104319828,-1.2454823967601119,380,0.0765432789165805,-1.2454823967601119
70275679345672,-1.4739268452956498,619,0.0672170763845647,-1.4739268452956498
70293862356744,-1.799151167879284,665,0.0489823470743429,-1.799151167879284
70495565794174,-2.23818303250463,549,0.0653429038617137,-2.23818303250463
70540604025119,-3.802510841768912,695,0.0826456231190062,-3.802510841768912
70624817732049,-0.7295522911131362,671,0.0687563201086147,-0.7295522911131362
70738468299744,-2.5336311964172604,324,0.0589460608531652,-2.5336311964172604
70744329537147,-1.7860732616583954,440,0.0262838272188546,-1.7860732616583954
70775308640469,-1.8133815179231887,260,0.0653429038617137,-1.8133815179231887
70864460352855,-3.0270150047785034,835,0.1419958164752356,-3.0270150047785034
70986883527835,-1.3110871284457608,431,0.1062563664002187,-1.3110871284457608
71117618882083,-3.0697952994480566,798,0.1010329955898673,-3.0697952994480566
71259049007190,-3.054318722060228,909,0.0489823470743429,-3.054318722060228
71383178344508,-2.728591106155414,806,0.0600373091429332,-2.728591106155414
71394436989244,-2.1599146082426435,801,0.0489823470743429,-2.1599146082426435
71449952896676,-3.6609546125755426,778,0.0826456231190062,-3.6609546125755426
71473086851371,-2.8288799488923297,901,0.0489823470743429,-2.8288799488923297
71488185050378,-3.2549727614358233,968,0.0653429038617137,-3.2549727614358233
71492571660026,-2.387846591076491,192,0.0600373091429332,-2.387846591076491
71616981912448,-2.18069561658832,169,0.0653429038617137,-2.18069561658832
71639128058520,-2.788390316613194,645,0.0489823470743429,-2.788390316613194
71940907335782,-2.1282234201312824,936,0.0489823470743429,-2.1282234201312824
72133658163406,-1.6718675371428229,220,0.0262838272188546,-1.6718675371428229
72171059527105,-2.449285549861682,832,0.0600373091429332,-2.449285549861682
72317381267478,-2.4487081551146392,743,0.0826456231190062,-2.4487081551146392
72336261947888,-1.719341432399041,874,0.0262838272188546,-1.719341432399041
72384683958615,-1.5498168507530992,875,0.0262838272188546,-1.5498168507530992
72393310507176,-0.6509129834547054,150,0.0262838272188546,-0.6509129834547054
72436020820021,-1.9154749070594512,132,0.0262838272188546,-1.9154749070594512
72454974121228,-3.64772664294277,340,0.0653429038617137,-3.64772664294277
72506311069101,-2.8155049985885654,278,0.0653429038617137,-2.8155049985885654
72531265585541,-2.677114349896219,249,0.1062563664002187,-2.677114349896219
72729373682437,-2.0218884156130192,165,0.0765432789165805,-2.0218884156130192
72794310517952,-1.5308024376272922,684,0.0672170763845647,-1.5308024376272922
72994134262312,-3.5669949025590295,447,0.1419958164752356,-3.5669949025590295
73340617427227,-2.5670710060589146,281,0.1781219332485197,-2.5670710060589146
73346149704601,-2.3150913860201814,896,0.0653429038617137,-2.3150913860201814
73389095824965,-4.140916322874597,501,0.2412374540535765,-4.140916322874597
73556625452359,-2.395399806168729,802,0.0826456231190062,-2.395399806168729
73579963076183,-2.342269006129641,417,0.0600373091429332,-2.342269006129641
73591042629309,-3.244183486765669,991,0.0653429038617137,-3.244183486765669
73662191637457,-2.427247738859617,982,0.0653429038617137,-2.427247738859617
73833989798234,-1.0127290454470677,155,0.0262838272188546,-1.0127290454470677
73877508086397,-3.735297532344366,615,0.1010329955898673,-3.735297532344366
73970184888758,-2.1481449429067165,366,0.0600373091429332,-2.1481449429067165
74090974976292,-3.1299008322481985,962,0.1419958164752356,-3.1299008322481985
74093444053626,-1.4776196788214864,165,0.0765432789165805,-1.4776196788214864
74230017226216,-1.741120831277541,259,0.0262838272188546,-1.741120831277541
74262144851365,-1.0986391880851745,468,0.0489823470743429,-1.0986391880851745
74293528028291,-3.4011119485496746,836,0.1419958164752356,-3.4011119485496746
74307890965866,-1.9163338836635182,812,0.0600373091429332,-1.9163338836635182
74462021394914,-2.068535185369757,824,0.043389653520373,-2.068535185369757
74490891612373,-1.2930302696489986,160,0.0262838272188546,-1.2930302696489986
74674819571011,-2.2247832089692956,639,0.043389653520373,-2.2247832089692956
74762970089425,-1.4394358839954235,315,0.0262838272188546,-1.4394358839954235
74791779574524,-1.907760899893947,228,0.0765432789165805,-1.907760899893947
75130432947061,-2.708872852307363,933,0.0600373091429332,-2.708872852307363
75230675080537,-2.0065981444803898,526,0.0826456231190062,-2.0065981444803898
75274040893114,-1.1532280739529197,266,0.0262838272188546,-1.1532280739529197
75368200341386,-2.336988896020279,803,0.0765432789165805,-2.336988896020279
75451714656360,-3.4771592892326773,540,0.0489823470743429,-3.4771592892326773
75474282171847,-1.8812343547218644,861,0.0653429038617137,-1.8812343547218644
75531136691970,-2.852891978162068,656,0.0653429038617137,-2.852891978162068
75670733679828,-1.4105153333224414,342,0.0262838272188546,-1.4105153333224414
75847922263723,-1.8845417250516434,822,0.0826456231190062,-1.8845417250516434
75983897562172,-3.128518849193455,456,0.0600373091429332,-3.128518849193455
76046447602898,-1.5245502031014548,978,0.0262838272188546,-1.5245502031014548
76099117186198,-2.046510506383885,160,0.0262838272188546,-2.046510506383885
76242631360708,-2.532899746070134,295,0.0653429038617137,-2.532899746070134
76246641018198,-2.4788510273167375,859,0.0653429038617137,-2.4788510273167375
76251561769083,-2.555220796443436,522,0.0589460608531652,-2.555220796443436
76259323823003,-3.0369859206631378,394,0.0600373091429332,-3.0369859206631378
76416007806028,-3.440163031650017,777,0.1419958164752356,-3.440163031650017
76830606155097,-2.091266456112039,968,0.0600373091429332,-2.091266456112039
76926321591939,-2.12334451967742,886,0.0600373091429332,-2.12334451967742
77046398695997,-1.6927514650647393,137,0.0765432789165805,-1.6927514650647393
77414523683868,-1.7337907863084765,340,0.0262838272188546,-1.7337907863084765
77424188398058,-3.327468887288913,807,0.1419958164752356,-3.327468887288913
77441030447438,-1.1184932068151898,989,0.0262838272188546,-1.1184932068151898
77529115828212,-2.101100974909734,156,0.0262838272188546,-2.101100974909734
77832014614514,-2.3808015076683793,416,0.1062563664002187,-2.3808015076683793
77938182410849,-1.5204822668172453,543,0.0262838272188546,-1.5204822668172453
78049232604093,-1.8523017537576314,829,0.0653429038617137,-1.8523017537576314
78191777393020,-1.924621751741365,929,0.0589460608531652,-1.924621751741365
78247410979667,-3.0642963778956935,338,0.0600373091429332,-3.0642963778956935
78433456398897,-2.818632403331514,716,0.1419958164752356,-2.818632403331514
78596267942434,-3.145614310472609,393,0.1419958164752356,-3.145614310472609
78600605929477,-2.8920914099461275,350,0.1781219332485197,-2.8920914099461275
78876662581754,-2.7380866691244745,176,0.0262838272188546,-2.7380866691244745
79143072351141,-2.033154516746552,415,0.0653429038617137,-2.033154516746552
79186781194493,-1.731414387539166,252,0.0262838272188546,-1.731414387539166
79318768156379,-1.9329251809494532,943,0.0589460608531652,-1.9329251809494532
79611493384041,-2.027884619678506,978,0.0262838272188546,-2.027884619678506
79739355800798,-1.2610235254192435,25,0.0262838272188546,-1.2610235254192435
79747927473613,-2.5100557361749334,329,0.0653429038617137,-2.5100557361749334
79748064182968,-2.9108122254389834,244,0.1010329955898673,-2.9108122254389834
79899000940625,-2.5749379193032222,470,0.0600373091429332,-2.5749379193032222
79935966435733,-3.8675873873284035,996,0.0653429038617137,-3.8675873873284035
79971319141371,-1.450998506961649,110,0.0262838272188546,-1.450998506961649
80026176673917,-2.307320899289721,426,0.1062563664002187,-2.307320899289721
80544347167810,-2.8995085829144527,657,0.0489823470743429,-2.8995085829144527
80556418166017,-3.5723746285938143,422,0.1419958164752356,-3.5723746285938143
80583469295800,-1.848631844183174,963,0.0600373091429332,-1.848631844183174
80683970075711,-2.17719715324234,643,0.0600373091429332,-2.17719715324234
80897223187467,-2.4732055431490516,350,0.1062563664002187,-2.4732055431490516
80916840867803,-2.9381417096405014,674,0.1419958164752356,-2.9381417096405014
81054484480398,-3.1874973424770396,494,0.1010329955898673,-3.1874973424770396
81173200805986,-1.845496796852542,632,0.0765432789165805,-1.845496796852542
81230409205904,-2.2069685693161145,745,0.1781219332485197,-2.2069685693161145
81258746185207,-1.7762668867856615,399,0.0765432789165805,-1.7762668867856615
81261836926950,-2.6708039440666047,673,0.1781219332485197,-2.6708039440666047
81282191504302,-2.174175677428923,873,0.0489823470743429,-2.174175677428923
81404086970392,-2.207234966767168,1006,0.0653429038617137,-2.207234966767168
81623003875689,-1.6164940834377732,910,0.0262838272188546,-1.6164940834377732
81708851723990,-2.0199006453123136,612,0.0826456231190062,-2.0199006453123136
81911532385768,-3.5095890422744436,935,0.1010329955898673,-3.5095890422744436
81948744962960,-1.6622544423643473,880,0.0765432789165805,-1.6622544423643473
81968746297433,-1.2579571736798063,424,0.0687563201086147,-1.2579571736798063
82068978211116,-2.1205189814657173,783,0.0600373091429332,-2.1205189814657173
82090712322259,-2.9669137166019675,779,0.1419958164752356,-2.9669137166019675
82137393023375,-2.678277960264644,941,0.1781219332485197,-2.678277960264644
82219759002345,-2.0407038660696255,874,0.0653429038617137,-2.0407038660696255
82327153923829,-2.342550433125334,903,0.0600373091429332,-2.342550433125334
82501599420782,-3.083143615957904,963,0.0600373091429332,-3.083143615957904
82702311673446,-2.4403340414676733,379,0.0262838272188546,-2.4403340414676733
82718533711970,-3.04385412130834,925,0.0600373091429332,-3.04385412130834
82739463347853,-2.3560299357179537,319,0.0653429038617137,-2.3560299357179537
82812074749458,-1.7726271058438923,1062,0.0262838272188546,-1.7726271058438923
82894169698233,-2.270403354613535,720,0.043389653520373,-2.270403354613535
83169146490136,-2.6286525080389915,156,0.0262838272188546,-2.6286525080389915
83209366763861,-1.9596674790856223,182,0.0262838272188546,-1.9596674790856223
83359054340279,-3.486688509129764,496,0.0489823470743429,-3.486688509129764
83424203388773,-3.3743276341060624,276,0.1062563664002187,-3.3743276341060624
83466702200453,-2.2950259513523825,802,0.0489823470743429,-2.2950259513523825
83518560254144,-2.8528624061082866,530,0.1419958164752356,-2.8528624061082866
83553484797853,-0.5574269516594164,908,0.0687563201086147,-0.5574269516594164
83728724602855,-3.013261204695514,832,0.1419958164752356,-3.013261204695514
83991728815376,-1.6810532247036827,363,0.0653429038617137,-1.6810532247036827
84386843204830,-3.744245396771811,651,0.0653429038617137,-3.744245396771811
84459324266368,-2.761686741331478,500,0.0826456231190062,-2.761686741331478
84473842647330,-2.121223966335701,705,0.0600373091429332,-2.121223966335701
84510535024257,-1.8747798098691568,205,0.0262838272188546,-1.8747798098691568
84547806104902,-1.4164621809836442,1008,0.0262838272188546,-1.4164621809836442
84560365002131,-1.2676997651104864,468,0.043389653520373,-1.2676997651104864
84599651114557,-2.222119566172914,491,0.1781219332485197,-2.222119566172914
84752201688373,-2.7721961725797573,281,0.0589460608531652,-2.7721961725797573
84882162529545,-2.514408837164736,993,0.0653429038617137,-2.514408837164736
84890945821922,-3.3286825538142577,786,0.0600373091429332,-3.3286825538142577
84901225785357,-2.0300177665407086,930,0.043389653520373,-2.0300177665407086
84940183729311,-4.039194625844939,532,0.1010329955898673,-4.039194625844939
85044611492193,-2.350834885969552,754,0.0600373091429332,-2.350834885969552
85072271713330,-2.1545667234510217,584,0.0600373091429332,-2.1545667234510217
85080458905101,-0.5180911310766971,746,0.0687563201086147,-0.5180911310766971
85088531917620,-0.18781552425088077,830,0.0452023071381502,-0.18781552425088077
85162714817286,-4.188814529791192,494,0.2412374540535765,-4.188814529791192
85165392221618,-2.48548578609912,240,0.0262838272188546,-2.48548578609912
85169587768654,-2.156325221621012,866,0.0589460608531652,-2.156325221621012
85283376495454,-1.7966981949664957,231,0.0262838272188546,-1.7966981949664957
85515579781024,-1.3452125049586294,270,0.0262838272188546,-1.3452125049586294
85522058722469,-1.0138547186568636,802,0.0489823470743429,-1.0138547186568636
85593091490251,-2.1033301876082544,270,0.0262838272188546,-2.1033301876082544
85695867419009,-1.8646138625944073,799,0.1781219332485197,-1.8646138625944073
85706326611759,-2.505114967183496,993,0.0653429038617137,-2.505114967183496
85708036858082,-2.831184367035487,437,0.1781219332485197,-2.831184367035487
85744651051408,-1.9094441318146131,59,0.0653429038617137,-1.9094441318146131
85966687449844,-2.3184878801313213,237,0.0653429038617137,-2.3184878801313213
86091171839110,-0.8871494956217745,162,0.0452023071381502,-0.8871494956217745
86280948371024,-1.546084949100006,421,0.0452023071381502,-1.546084949100006
86400813931110,-2.245702635828052,296,0.0600373091429332,-2.245702635828052
86600654978059,-2.623423225129696,826,0.1419958164752356,-2.623423225129696
86975271317503,-1.9475944690578126,244,0.0653429038617137,-1.9475944690578126
87000202965261,-2.995200815110108,775,0.1419958164752356,-2.995200815110108
87036057140991,-2.214546109269561,423,0.0600373091429332,-2.214546109269561
87099689906646,-2.236566990333128,280,0.0826456231190062,-2.236566990333128
87209272836396,-2.0564604779973674,346,0.0672170763845647,-2.0564604779973674
87254336263050,-2.510086980136207,396,0.0826456231190062,-2.510086980136207
87270855197935,-3.103794824004448,808,0.0600373091429332,-3.103794824004448
87292325353972,-1.5234765930966345,396,0.0262838272188546,-1.5234765930966345
87353603854685,-0.9346494187851788,391,0.0826456231190062,-0.9346494187851788
87570392715049,-2.0681615848576347,325,0.0262838272188546,-2.0681615848576347
87637359303839,-3.369930149236311,311,0.1419958164752356,-3.369930149236311
87646998994284,-2.278960381979767,751,0.0600373091429332,-2.278960381979767
87698455416731,-4.741179028617065,796,0.1419958164752356,-4.741179028617065
87754582392444,-2.7557574179960818,999,0.0653429038617137,-2.7557574179960818
87775537183461,-3.50646207995387,579,0.0489823470743429,-3.50646207995387
87796177263399,-2.873373124187772,361,0.1781219332485197,-2.873373124187772
87985107028440,-2.3841986214956954,245,0.0765432789165805,-2.3841986214956954
88099626246875,-2.502617679258501,377,0.0489823470743429,-2.502617679258501
88108775564255,-2.725231327274827,262,0.0589460608531652,-2.725231327274827
88110511814492,-1.9216544523124237,77,0.0262838272188546,-1.9216544523124237
88146979395293,-1.8973434251373478,387,0.0262838272188546,-1.8973434251373478
88156396939327,-2.2240616116336813,1033,0.0489823470743429,-2.2240616116336813
88312664236724,-2.804560853897251,168,0.0600373091429332,-2.804560853897251
88371779780049,-2.476110101638498,300,0.0653429038617137,-2.476110101638498
88376531051105,-2.7909725057885026,803,0.0589460608531652,-2.7909725057885026
88435353288051,-1.6162346501106621,276,0.0262838272188546,-1.6162346501106621
88774802059863,-2.178383768484413,809,0.0672170763845647,-2.178383768484413
88972676751840,-2.127045288143328,334,0.0589460608531652,-2.127045288143328
89043435225095,-1.2713622498739545,327,0.0262838272188546,-1.2713622498739545
89056401284942,-1.6575869558209197,524,0.0826456231190062,-1.6575869558209197
89068536348604,-3.124782160129795,506,0.1419958164752356,-3.124782160129795
89073329847717,-2.0996506679860962,354,0.0653429038617137,-2.0996506679860962
89081474512986,-1.8305738410021566,332,0.0653429038617137,-1.8305738410021566
89118162559272,-2.2318698679473017,186,0.0262838272188546,-2.2318698679473017
89211912696946,-2.2426104625194787,547,0.0262838272188546,-2.2426104625194787
89252417507470,-0.9528967001698976,200,0.0262838272188546,-0.9528967001698976
89431323371907,-2.317271979849706,828,0.0653429038617137,-2.317271979849706
89582543222124,-2.036006190415776,791,0.0600373091429332,-2.036006190415776
89820723102017,-2.274949429440957,574,0.043389653520373,-2.274949429440957
89823611356418,-2.727860138533763,669,0.0489823470743429,-2.727860138533763
90048139260908,-2.822179627344303,499,0.0589460608531652,-2.822179627344303
90256954270469,-2.2161984382256934,806,0.0826456231190062,-2.2161984382256934
90272218980542,-2.3877596269904693,191,0.0826456231190062,-2.3877596269904693
90442034354421,-1.70977607026817,557,0.0600373091429332,-1.70977607026817
90845012230305,-2.448887467686968,365,0.0262838272188546,-2.448887467686968
90890827946134,-1.755669198381447,182,0.0262838272188546,-1.755669198381447
91020015850556,-1.6899799538332188,595,0.0262838272188546,-1.6899799538332188
91051175391806,-1.7184288363742728,338,0.0262838272188546,-1.7184288363742728
91174151505474,-2.885661547406207,1004,0.0653429038617137,-2.885661547406207
91294708145317,-0.6069895583166894,843,0.0687563201086147,-0.6069895583166894
91299721681760,-2.4026698588829993,316,0.0600373091429332,-2.4026698588829993
91360256477750,-2.3075424874428703,841,0.0653429038617137,-2.3075424874428703
91370847446393,-4.386052043015966,351,0.0262838272188546,-4.386052043015966
91581053104955,-2.297756284007111,201,0.0653429038617137,-2.297756284007111
91750688281545,-0.47730716579119603,642,0.0687563201086147,-0.47730716579119603
91810059617138,-2.3743967211474706,598,0.0653429038617137,-2.3743967211474706
91934562403356,-2.6072530695264433,430,0.0765432789165805,-2.6072530695264433
92069241350986,-2.676056254179352,694,0.1010329955898673,-2.676056254179352
92177699394480,-3.117527769189275,831,0.1419958164752356,-3.117527769189275
92187568872275,-3.484892345846436,807,0.1781219332485197,-3.484892345846436
92210237353486,-2.5681215373660766,267,0.0826456231190062,-2.5681215373660766
92314099786343,-1.634516490620267,982,0.0262838272188546,-1.634516490620267
92362458236482,-2.36090170508331,755,0.0600373091429332,-2.36090170508331
92400554356182,-2.426572573430205,119,0.0826456231190062,-2.426572573430205
92410086183971,-3.0102090427106467,557,0.0489823470743429,-3.0102090427106467
92939468416662,-2.684142274299771,784,0.0589460608531652,-2.684142274299771
92960557687824,-2.5152163002639396,518,0.1010329955898673,-2.5152163002639396
93112569826627,-3.361930745698682,661,0.1010329955898673,-3.361930745698682
93361062414786,-4.085031704070852,242,0.1781219332485197,-4.085031704070852
93410440190322,-1.7511951767861071,800,0.0489823470743429,-1.7511951767861071
93480855150846,-1.9282883959676842,469,0.0262838272188546,-1.9282883959676842
93554363593336,-1.448399510472751,122,0.0262838272188546,-1.448399510472751
93572075045051,-1.767673073002359,380,0.0262838272188546,-1.767673073002359
93577339085789,-2.178436348321578,406,0.0826456231190062,-2.178436348321578
93607199908949,-1.912550248826431,270,0.0765432789165805,-1.912550248826431
93741921172549,-2.121356600967658,360,0.0262838272188546,-2.121356600967658
93830965110654,-1.1949271732971016,501,0.0489823470743429,-1.1949271732971016
93842940931286,-1.6853113217267697,772,0.0653429038617137,-1.6853113217267697
93997008677540,-3.213275027812657,998,0.0653429038617137,-3.213275027812657
94010605595852,-2.563348546329851,518,0.0826456231190062,-2.563348546329851
94109723872378,-1.9080000868781548,188,0.0262838272188546,-1.9080000868781548
94294509514732,-1.4739171477924986,1064,0.0672170763845647,-1.4739171477924986
94343378859485,-2.551972878771014,988,0.0653429038617137,-2.551972878771014
94602911892908,-2.1175349249392994,216,0.0262838272188546,-2.1175349249392994
94621478814073,-1.9258956208343858,335,0.0489823470743429,-1.9258956208343858
94793582244142,-1.9350262293893725,797,0.0600373091429332,-1.9350262293893725
94794758286384,-2.930762385410625,804,0.1419958164752356,-2.930762385410625
94809334238164,-3.7901971105813117,787,0.1419958164752356,-3.7901971105813117
95034233363370,-3.0242469695383383,840,0.1419958164752356,-3.0242469695383383
95097044498689,-1.87003513351801,240,0.0262838272188546,-1.87003513351801
95151998364850,-2.175335070974226,754,0.0826456231190062,-2.175335070974226
95154830964779,-2.352874883048931,810,0.0489823470743429,-2.352874883048931
95162581235824,-3.0314965732362067,804,0.1419958164752356,-3.0314965732362067
95334949964655,-2.2153332244559345,686,0.0589460608531652,-2.2153332244559345
95366027264730,-1.8716255058483893,581,0.0653429038617137,-1.8716255058483893
95587365311525,-2.8179160353326944,1006,0.0653429038617137,-2.8179160353326944
95617978859999,-1.8959960213759819,712,0.0600373091429332,-1.8959960213759819
95723669065208,-1.8863861191917852,776,0.0765432789165805,-1.8863861191917852
96097526991612,-2.2999314636120074,775,0.0589460608531652,-2.2999314636120074
96200885890989,-1.9646315055186534,817,0.1010329955898673,-1.9646315055186534
96309368996617,-0.7671275560342605,875,0.0262838272188546,-0.7671275560342605
96360082205695,-2.262647387369895,788,0.0489823470743429,-2.262647387369895
96366059243422,-3.238414819214821,877,0.1781219332485197,-3.238414819214821
96367442504332,-2.9426987826291393,381,0.0765432789165805,-2.9426987826291393
96443802082787,-1.7143441200181626,928,0.0452023071381502,-1.7143441200181626
96527253454010,-1.83949077051035,821,0.0653429038617137,-1.83949077051035
96629520669002,-3.0308163429913604,589,0.0653429038617137,-3.0308163429913604
96743843166951,-2.529115024528381,232,0.0653429038617137,-2.529115024528381
96768364356294,-2.4678035075612383,161,0.0589460608531652,-2.4678035075612383
96849750554294,-0.604037405166095,640,0.0687563201086147,-0.604037405166095
97047154850474,-2.308635928631955,581,0.0672170763845647,-2.308635928631955
97151487063608,-2.301612100447853,830,0.0600373091429332,-2.301612100447853
97299695205915,-2.7451535212067175,890,0.1419958164752356,-2.7451535212067175
97313971736967,-2.1787369029422683,389,0.0765432789165805,-2.1787369029422683
97434529522957,-3.2817447875560166,836,0.1419958164752356,-3.2817447875560166
97447041664339,-2.300382184350714,934,0.0589460608531652,-2.300382184350714
97571958941270,-2.2675797564676845,918,0.0489823470743429,-2.2675797564676845
97669030207761,-2.397588933716116,698,0.0600373091429332,-2.397588933716116
98082800321313,-2.7409564188849336,682,0.0653429038617137,-2.7409564188849336
98173396268504,-2.9313484960251355,832,0.0600373091429332,-2.9313484960251355
98251097986159,-2.9465602980328556,930,0.0600373091429332,-2.9465602980328556
98295016796129,-2.4337675886373686,799,0.0489823470743429,-2.4337675886373686
98322623449997,-2.9486450998779294,865,0.0653429038617137,-2.9486450998779294
98459753204418,-2.751126210441455,251,0.0653429038617137,-2.751126210441455
98634858795640,-1.3484568939012962,629,0.0653429038617137,-1.3484568939012962
98960665162845,-2.0030149065884286,649,0.0826456231190062,-2.0030149065884286
99173985444052,-2.8750873744408607,346,0.0653429038617137,-2.8750873744408607
99214079897632,-1.8367327968225067,180,0.0262838272188546,-1.8367327968225067
99245076841237,-2.588172657107605,278,0.0765432789165805,-2.588172657107605
99247860005355,-1.8662515554450005,359,0.0765432789165805,-1.8662515554450005
99325402682200,-1.866856897201516,843,0.0653429038617137,-1.866856897201516
99433709637628,-1.9192346961512505,929,0.0489823470743429,-1.9192346961512505
99451003871940,-2.302689277158632,83,0.0765432789165805,-2.302689277158632
99556213514853,-1.5910842870732844,594,0.0262838272188546,-1.5910842870732844
99585779467094,-1.830017703369898,1006,0.0653429038617137,-1.830017703369898
99610488146116,-3.4296223382120408,837,0.1419958164752356,-3.4296223382120408
99634639693704,-4.8571485290536325,792,0.1419958164752356,-4.8571485290536325
99665487616143,-3.2843001031081616,210,0.2412374540535765,-3.2843001031081616
99879268999436,-2.4980910186316194,923,0.1781219332485197,-2.4980910186316194
99909834285523,-2.7236463814466085,232,0.1781219332485197,-2.7236463814466085
99982610367897,-2.171460259791815,431,0.1062563664002187,-2.171460259791815
100016000214397,-2.493967140165344,355,0.0262838272188546,-2.493967140165344
100068556655179,-2.39007116600967,174,0.0600373091429332,-2.39007116600967
100183508781375,-2.5053390800835578,804,0.0589460608531652,-2.5053390800835578
100321728296922,-2.481889095187501,747,0.0826456231190062,-2.481889095187501
100335077785399,-2.2843286283882893,211,0.0653429038617137,-2.2843286283882893
100448132893064,-2.061937647747169,516,0.0600373091429332,-2.061937647747169
100470301555470,-0.33271156567584925,830,0.0452023071381502,-0.33271156567584925
100474918892742,-2.8575362284281334,180,0.1062563664002187,-2.8575362284281334
100546018070703,-3.962311492438772,750,0.1419958164752356,-3.962311492438772
100585877291720,-3.346074431176546,786,0.1419958164752356,-3.346074431176546
100640917612463,-2.2041912158260732,316,0.0653429038617137,-2.2041912158260732
100645067672704,-3.354657193192396,516,0.2412374540535765,-3.354657193192396
100679798534570,-0.6866975042826636,93,0.0687563201086147,-0.6866975042826636
100700589048911,-1.9104354132906092,224,0.0765432789165805,-1.9104354132906092
100752064043005,-2.6482029219819556,158,0.0489823470743429,-2.6482029219819556
100786110151411,-1.7403710356681226,667,0.0653429038617137,-1.7403710356681226
100933312427938,-1.6570701564227106,992,0.0262838272188546,-1.6570701564227106
101029640343332,-2.1236178469068454,390,0.0262838272188546,-2.1236178469068454
101153579975722,-2.723374984505889,677,0.1062563664002187,-2.723374984505889
101410289455612,-2.2109922568651594,345,0.0262838272188546,-2.2109922568651594
101540004679971,-2.461165244141447,849,0.0653429038617137,-2.461165244141447
101594685646838,-2.269578928900229,454,0.0262838272188546,-2.269578928900229
101610859166342,-2.2317234189156463,994,0.0653429038617137,-2.2317234189156463
101789859706221,-2.2666051830643967,230,0.0262838272188546,-2.2666051830643967
102093726952994,-1.1910520926994248,307,0.0765432789165805,-1.1910520926994248
102104125242641,-2.8741333147606003,541,0.0600373091429332,-2.8741333147606003
102238300124357,-1.9291757360332196,242,0.0262838272188546,-1.9291757360332196
102392472073863,-2.438592614149715,668,0.0653429038617137,-2.438592614149715
102396839820635,-1.953818509083943,738,0.0489823470743429,-1.953818509083943
102409272102279,-2.4286194728251522,784,0.0600373091429332,-2.4286194728251522
102471488739350,-1.9132883111931864,959,0.0653429038617137,-1.9132883111931864
102487465356648,-2.1348511251216644,226,0.0600373091429332,-2.1348511251216644
102617015425173,-2.51429844013861,290,0.0653429038617137,-2.51429844013861
102727193111178,-2.7493773983946563,284,0.0589460608531652,-2.7493773983946563
102727950197378,-2.0690655719409357,714,0.1781219332485197,-2.0690655719409357
102805799477781,-2.2480697664981464,488,0.0262838272188546,-2.2480697664981464
102880454353849,-2.7520703892008584,910,0.0826456231190062,-2.7520703892008584
102906254427916,-1.8228614364875404,230,0.0262838272188546,-1.8228614364875404
102910190149634,-2.4360697669162974,347,0.0262838272188546,-2.4360697669162974
102920676336119,-2.380502015335586,325,0.0600373091429332,-2.380502015335586
102966511094370,-1.6076049674051538,767,0.0262838272188546,-1.6076049674051538
102999431535289,-0.8127353517501491,232,0.0687563201086147,-0.8127353517501491
103108233154081,-1.7415179140489792,373,0.0262838272188546,-1.7415179140489792
103374827140597,-2.545442112230809,962,0.0653429038617137,-2.545442112230809
103430505949823,-2.4703515369773674,1006,0.0653429038617137,-2.4703515369773674
103461948683851,-2.179971658157928,411,0.0262838272188546,-2.179971658157928
103577708573449,-1.112950755297681,462,0.0687563201086147,-1.112950755297681
103598027996997,-2.4233057526319373,969,0.0589460608531652,-2.4233057526319373
103599874648533,-2.537900479032407,441,0.0653429038617137,-2.537900479032407
103658142217492,-3.389012662570946,1003,0.0653429038617137,-3.389012662570946
103667549386433,-2.3220561927758983,775,0.0653429038617137,-2.3220561927758983
103720818945523,-1.8277788000450788,122,0.0262838272188546,-1.8277788000450788
103759016930222,-1.200684512771085,267,0.0262838272188546,-1.200684512771085
103778170769269,-3.1073781628760946,954,0.0600373091429332,-3.1073781628760946
103861477961503,-1.6313518342118614,406,0.0765432789165805,-1.6313518342118614
103882222464025,-2.630439007721488,204,0.0653429038617137,-2.630439007721488
104108848631157,-2.4856525545537296,258,0.0262838272188546,-2.4856525545537296
104207181788078,-2.475935755107347,806,0.0489823470743429,-2.475935755107347
104482473648757,-1.6935046682708434,826,0.043389653520373,-1.6935046682708434
104485945295907,-1.7895675788888479,141,0.0262838272188546,-1.7895675788888479
104658229113950,-3.122243089545637,211,0.1010329955898673,-3.122243089545637
104851821179869,-1.7397815273319472,803,0.0765432789165805,-1.7397815273319472
105025125926033,-1.3818880775645859,419,0.0262838272188546,-1.3818880775645859
105187647955746,-2.614233890452792,353,0.0262838272188546,-2.614233890452792
105273146992084,-2.5863176829788475,813,0.0600373091429332,-2.5863176829788475
105506207644552,-2.230368564851358,964,0.0600373091429332,-2.230368564851358
105520755498770,-2.328546900888805,504,0.1781219332485197,-2.328546900888805
105527682427636,-3.047044863792049,937,0.0489823470743429,-3.047044863792049
105669045906523,-2.0271379671184873,90,0.0600373091429332,-2.0271379671184873
105822927435087,-2.369008469082704,962,0.0589460608531652,-2.369008469082704
105830838244302,-2.1980318249976607,547,0.0262838272188546,-2.1980318249976607
105891435544106,-1.879122139687434,687,0.0672170763845647,-1.879122139687434
105964021871934,-2.3923777399309913,808,0.0653429038617137,-2.3923777399309913
105972511823341,-1.4311309695068184,300,0.0262838272188546,-1.4311309695068184
105991734579042,-0.8594522808042011,510,0.043389653520373,-0.8594522808042011
106129980382001,-2.43139103048413,635,0.0600373091429332,-2.43139103048413
106266744563234,-4.074729576580863,726,0.0489823470743429,-4.074729576580863
106298526077769,-2.4157665564160027,307,0.0653429038617137,-2.4157665564160027
106414168954961,-2.720664346541336,666,0.1010329955898673,-2.720664346541336
106431737938019,-1.5710482565810304,872,0.0653429038617137,-1.5710482565810304
106527189114009,-1.664334804109675,761,0.0653429038617137,-1.664334804109675
106575019702418,-2.5839767537144454,914,0.0600373091429332,-2.5839767537144454
106784211493378,-4.576077103990295,808,0.1419958164752356,-4.576077103990295
107005005391762,-3.9893947881052942,140,0.2412374540535765,-3.9893947881052942
107097129792418,-3.0827125612196946,522,0.1010329955898673,-3.0827125612196946
107181211609098,-0.8250527981322018,800,0.0826456231190062,-0.8250527981322018
107242999527368,-3.132685715166681,499,0.1010329955898673,-3.132685715166681
107287824426750,-2.14849382706325,934,0.0589460608531652,-2.14849382706325
107316178067892,-2.099960249360635,724,0.0653429038617137,-2.099960249360635
107577203039115,-2.6165428697977933,495,0.0653429038617137,-2.6165428697977933
107639802732469,-2.2501058048354965,228,0.0262838272188546,-2.2501058048354965
107725809596623,-2.836194158569297,827,0.1419958164752356,-2.836194158569297
107923572022567,-2.1699036633041855,308,0.0262838272188546,-2.1699036633041855
108132995902648,-3.0428800187999947,350,0.0653429038617137,-3.0428800187999947
108157232932239,-2.0107840020713628,813,0.0589460608531652,-2.0107840020713628
108213988466089,-2.17263465040653,380,0.0600373091429332,-2.17263465040653
108247035791092,-1.071761673408688,734,0.0653429038617137,-1.071761673408688
108388089981467,-3.4321148340605325,719,0.0653429038617137,-3.4321148340605325
108747527703335,-3.335243559819579,373,0.1419958164752356,-3.335243559819579
108796554289879,-1.3694102257981795,250,0.0262838272188546,-1.3694102257981795
108943076297895,-1.3921271424343575,1064,0.0452023071381502,-1.3921271424343575
109015547350542,-1.802380019298608,380,0.0262838272188546,-1.802380019298608
109131366060791,-2.562274208435629,456,0.0600373091429332,-2.562274208435629
109204743731930,-3.151528472514858,647,0.1010329955898673,-3.151528472514858
109324818115866,-1.989308514115623,522,0.0600373091429332,-1.989308514115623
109395440343169,-1.3323452145280545,756,0.0262838272188546,-1.3323452145280545
109619350348257,-3.000860194712695,1030,0.0589460608531652,-3.000860194712695
109907397386514,-3.850380211120604,690,0.1419958164752356,-3.850380211120604
109999215338205,-2.369271566472167,943,0.0600373091429332,-2.369271566472167
110005563379591,-3.338489251823603,860,0.0653429038617137,-3.338489251823603
110170417989407,-1.4220112096915458,745,0.1781219332485197,-1.4220112096915458
110347582246292,-1.0554875315955057,830,0.0262838272188546,-1.0554875315955057
110432679644198,-3.3870245852101903,802,0.0600373091429332,-3.3870245852101903
110447921252290,-0.6175432837842927,405,0.0687563201086147,-0.6175432837842927
110545856062435,-3.3412551693465633,712,0.0600373091429332,-3.3412551693465633
110579645087042,-2.1262227700886815,182,0.0489823470743429,-2.1262227700886815
110756937505068,-2.710558272808557,253,0.1781219332485197,-2.710558272808557
110851126543555,-1.090382599963089,473,0.0687563201086147,-1.090382599963089
110976807888012,-1.7337603388703133,331,0.0262838272188546,-1.7337603388703133
110988534578813,-2.3627103335094004,784,0.0826456231190062,-2.3627103335094004
111117774228229,-2.5819301388877616,346,0.0653429038617137,-2.5819301388877616
111220684665545,-0.8966224521462878,616,0.0687563201086147,-0.8966224521462878
111468949671615,-3.9033174563822772,142,0.2412374540535765,-3.9033174563822772
111474396429431,-3.372561962951261,772,0.1419958164752356,-3.372561962951261
111563095810201,-2.4315942887775597,379,0.1062563664002187,-2.4315942887775597
111573568413296,-1.5872465948049757,177,0.0262838272188546,-1.5872465948049757
111664015930350,-1.9087450193858282,303,0.0262838272188546,-1.9087450193858282
111722517234505,-1.986516562742177,833,0.0826456231190062,-1.986516562742177
111807267155783,-2.3798891577832855,298,0.0653429038617137,-2.3798891577832855
111847217797966,-2.9339995342629797,423,0.0489823470743429,-2.9339995342629797
112000929120886,-2.6387315213787432,820,0.1781219332485197,-2.6387315213787432
112051669067364,-2.2691514920474534,806,0.043389653520373,-2.2691514920474534
112155131770400,-2.129320371304118,208,0.0653429038617137,-2.129320371304118
112186534043649,-1.7652444693178122,1065,0.0672170763845647,-1.7652444693178122
112245055715538,-1.8424080618577388,882,0.0826456231190062,-1.8424080618577388
112253108033658,-1.2584547945465467,492,0.043389653520373,-1.2584547945465467
112399705566121,-2.3653240902403594,855,0.043389653520373,-2.3653240902403594
112435888111447,-1.4316826443942505,517,0.0262838272188546,-1.4316826443942505
112547867341951,-0.9219854852934137,871,0.0826456231190062,-0.9219854852934137
112618974590311,-1.7584209882274715,860,0.0653429038617137,-1.7584209882274715
112871975359481,-1.992545653475009,502,0.0653429038617137,-1.992545653475009
112946585208988,-2.107812220083042,840,0.0600373091429332,-2.107812220083042
112973979210668,-1.8253865212933786,222,0.0653429038617137,-1.8253865212933786
113194346280461,-2.6347546140578597,848,0.1781219332485197,-2.6347546140578597
113318600886674,-1.6893427749406926,1068,0.0672170763845647,-1.6893427749406926
113327108860561,-2.1090381829420886,776,0.1062563664002187,-2.1090381829420886
113479005255177,-1.3120326018618245,702,0.0262838272188546,-1.3120326018618245
113572203404663,-1.5871298504842666,459,0.0262838272188546,-1.5871298504842666
113586006834701,-2.7691205075023158,672,0.0600373091429332,-2.7691205075023158
113662258078494,-2.228485276176627,934,0.0262838272188546,-2.228485276176627
113677906767156,-2.0008970106362565,782,0.0826456231190062,-2.0008970106362565
113694964607092,-2.694244479278485,697,0.1010329955898673,-2.694244479278485
113795368523161,-1.4635723950187423,1054,0.0262838272188546,-1.4635723950187423
113895476085976,-2.3171909414427496,656,0.0653429038617137,-2.3171909414427496
113923162755512,-2.246397945504774,176,0.0262838272188546,-2.246397945504774
114004594017798,-2.8983362630596066,824,0.0653429038617137,-2.8983362630596066
114104560800537,-3.7390949064934484,530,0.1419958164752356,-3.7390949064934484
114171158221113,-1.8956553269954393,741,0.0489823470743429,-1.8956553269954393
114304946566751,-1.5961093951103928,932,0.1781219332485197,-1.5961093951103928
114611545348544,-1.9698524468917564,785,0.0489823470743429,-1.9698524468917564
114658803584489,-1.9347356975708694,514,0.0262838272188546,-1.9347356975708694
114700152093721,-2.792889451048275,836,0.1010329955898673,-2.792889451048275
114765381993943,-1.82352065586658,278,0.0262838272188546,-1.82352065586658
114834045059328,-1.3753428329603563,359,0.0262838272188546,-1.3753428329603563
114870748347904,-2.2204436784496164,356,0.0653429038617137,-2.2204436784496164
114903631991043,-2.048259897358022,699,0.0589460608531652,-2.048259897358022
114945943341760,-1.9176024954379824,692,0.0600373091429332,-1.9176024954379824
115260611693891,-1.4278845846520385,350,0.0262838272188546,-1.4278845846520385
115449384244932,-1.9987146187913059,633,0.0687563201086147,-1.9987146187913059
115958875229919,-2.3587421085040137,275,0.0826456231190062,-2.3587421085040137
116188110392604,-1.3938257212562934,1065,0.0672170763845647,-1.3938257212562934
116206602098255,-2.311667797629215,753,0.0653429038617137,-2.311667797629215
116268581725119,-1.624827605670611,1070,0.0262838272188546,-1.624827605670611
116402891405540,-1.6044812244847007,743,0.0262838272188546,-1.6044812244847007
116718894531331,-2.871356647318575,68,0.0765432789165805,-2.871356647318575
116775162581637,-1.8347460226075014,493,0.0600373091429332,-1.8347460226075014
116829500773451,-2.706341303691843,456,0.0600373091429332,-2.706341303691843
116834764943427,-1.365167749893463,244,0.0262838272188546,-1.365167749893463
116899666698525,-2.11558213238232,914,0.0489823470743429,-2.11558213238232
116938011901513,-1.561564384620195,282,0.0589460608531652,-1.561564384620195
117060631087130,-2.1642977869214035,570,0.0589460608531652,-2.1642977869214035
117250171936267,-1.845379241327067,749,0.0489823470743429,-1.845379241327067
117288928023538,-2.9594682395411045,653,0.0600373091429332,-2.9594682395411045
117533541246094,-1.4250087334386476,341,0.0262838272188546,-1.4250087334386476
117602322761558,-1.7161674722673166,607,0.0452023071381502,-1.7161674722673166
117678961274856,-2.1803881269977166,782,0.0600373091429332,-2.1803881269977166
117694410843783,-3.293580581769454,639,0.1419958164752356,-3.293580581769454
117699114456879,-3.0874921706974447,658,0.0653429038617137,-3.0874921706974447
117706734692371,-2.486769448737791,903,0.0589460608531652,-2.486769448737791
117946788276358,-1.9947088514502158,465,0.0262838272188546,-1.9947088514502158
118009898234949,-3.903728934782838,829,0.0600373091429332,-3.903728934782838
118057852007251,-1.6589827166974311,575,0.0262838272188546,-1.6589827166974311
118078547957023,-1.6277103379091211,583,0.0262838272188546,-1.6277103379091211
118259676634338,-3.413468494570594,774,0.1419958164752356,-3.413468494570594
118355562373466,-1.8549327876045578,592,0.0452023071381502,-1.8549327876045578
118363529402010,-2.299668647043677,834,0.0826456231190062,-2.299668647043677
118401117569635,-2.774556105144633,468,0.0589460608531652,-2.774556105144633
118525901276922,-1.8911299368559034,310,0.0262838272188546,-1.8911299368559034
118844786741628,-1.5096798203900585,917,0.0262838272188546,-1.5096798203900585
119015485745674,-1.641751869551554,836,0.0262838272188546,-1.641751869551554
119185163646777,-1.6055689218795177,152,0.0765432789165805,-1.6055689218795177
119192712739075,-3.0764506769153233,1001,0.0600373091429332,-3.0764506769153233
119289572909965,-2.175109261725361,793,0.0653429038617137,-2.175109261725361
119319620159603,-2.738116537119564,790,0.0600373091429332,-2.738116537119564
119375879681148,-2.986746354803473,793,0.0600373091429332,-2.986746354803473
119382024009201,-2.0406649978823497,197,0.0262838272188546,-2.0406649978823497
119519453253503,-0.7557071281077805,611,0.0687563201086147,-0.7557071281077805
119524586494145,-1.7567828761414146,446,0.0600373091429332,-1.7567828761414146
119595840607821,-2.1988955433961945,264,0.0262838272188546,-2.1988955433961945
119747276107263,-2.5797919490004975,214,0.0653429038617137,-2.5797919490004975
119760420344052,-1.3975791598871328,907,0.0262838272188546,-1.3975791598871328
119872961667588,-2.500273688877804,120,0.0600373091429332,-2.500273688877804
119918308738011,-1.5108824351112147,945,0.0452023071381502,-1.5108824351112147
120133492142003,-2.16482591017888,54,0.0826456231190062,-2.16482591017888
120207588454947,-2.0712538461891277,603,0.0600373091429332,-2.0712538461891277
120477143185454,-1.9180952450939248,606,0.0826456231190062,-1.9180952450939248
120606266757622,-1.726283064850058,871,0.0600373091429332,-1.726283064850058
120893065801777,-2.7779674246305746,1017,0.0653429038617137,-2.7779674246305746
120900996104832,-2.418183973366915,839,0.043389653520373,-2.418183973366915
120928302664015,-3.4250716324539003,799,0.1419958164752356,-3.4250716324539003
121049428596057,-2.1069666021806377,229,0.0589460608531652,-2.1069666021806377
121206761802439,-1.408533689478472,348,0.0452023071381502,-1.408533689478472
121428580718411,-2.7941260410672863,132,0.0826456231190062,-2.7941260410672863
121547331632278,-1.7212897276651404,631,0.0262838272188546,-1.7212897276651404
121787959012280,-2.2470817201395015,711,0.0653429038617137,-2.2470817201395015
121826755472233,-4.133901168366213,501,0.2412374540535765,-4.133901168366213
121878870513465,-6.2812782397776985,127,0.2474121983831814,-6.2812782397776985
121905646946712,-2.170591257782756,25,0.0826456231190062,-2.170591257782756
121969510437752,-3.071746502436303,803,0.1010329955898673,-3.071746502436303
122040131064446,-2.6484502940359076,998,0.0653429038617137,-2.6484502940359076
122224109464650,-2.2551445793002194,642,0.0653429038617137,-2.2551445793002194
122380304553961,-3.0745788976434274,300,0.1010329955898673,-3.0745788976434274
122475302905408,-1.7022039011002916,409,0.0262838272188546,-1.7022039011002916
122543595655247,-1.946511159115481,794,0.043389653520373,-1.946511159115481
122551537412102,-2.0633084268290007,906,0.0600373091429332,-2.0633084268290007
122852719934137,-2.756125260190765,842,0.0653429038617137,-2.756125260190765
122889785603104,-2.8514989451047814,657,0.0600373091429332,-2.8514989451047814
122929759741911,-1.6335403615484638,424,0.0262838272188546,-1.6335403615484638
123013376650500,-2.578350591977803,931,0.1781219332485197,-2.578350591977803
123113641272934,-1.934932994947767,70,0.0765432789165805,-1.934932994947767
123161978891113,-3.2534030490030017,471,0.0600373091429332,-3.2534030490030017
123411424219231,-3.0586462509506367,314,0.0589460608531652,-3.0586462509506367
123427119511815,-3.12606654800669,495,0.1010329955898673,-3.12606654800669
123481372932072,-2.986731680642866,447,0.1419958164752356,-2.986731680642866
123559996720490,-2.207699611991537,706,0.0765432789165805,-2.207699611991537
123693257177821,-2.047773432927643,798,0.0600373091429332,-2.047773432927643
123937112140141,-2.0870430487609988,168,0.0262838272188546,-2.0870430487609988
124062376725626,-2.3116883120475094,286,0.0600373091429332,-2.3116883120475094
124116990988804,-3.2908563368896933,343,0.0600373091429332,-3.2908563368896933
124141373397367,-3.376358849778655,126,0.1419958164752356,-3.376358849778655
124280407591088,-0.43850070091696847,790,0.0687563201086147,-0.43850070091696847
124281856096453,-2.078472786250288,311,0.0600373091429332,-2.078472786250288
124402410281464,-1.5630048087785897,818,0.0452023071381502,-1.5630048087785897
124510953890378,-1.9673121943005158,917,0.0672170763845647,-1.9673121943005158
124582217392881,-1.630285868445707,795,0.0600373091429332,-1.630285868445707
124586113338973,-2.4220333662467524,884,0.1781219332485197,-2.4220333662467524
124642321577516,-2.246798139545276,868,0.0653429038617137,-2.246798139545276
124649577165259,-3.206566047594099,1006,0.0653429038617137,-3.206566047594099
124802961670129,-1.92072395733732,810,0.0489823470743429,-1.92072395733732
124819198998691,-1.8010931116420843,195,0.0262838272188546,-1.8010931116420843
125060840586745,-2.609906890963216,1000,0.0653429038617137,-2.609906890963216
125076691950229,-2.3485310547292784,854,0.0262838272188546,-2.3485310547292784
125244387600531,-1.5723062462401167,771,0.0826456231190062,-1.5723062462401167
125283944665626,-0.6745236957038647,782,0.0687563201086147,-0.6745236957038647
125636880853906,-2.1965608320746903,955,0.0589460608531652,-2.1965608320746903
125891986033232,-1.9008280540535567,799,0.0826456231190062,-1.9008280540535567
125901440864420,-2.575699796159627,120,0.0489823470743429,-2.575699796159627
125941064751487,-3.6799076709131295,756,0.1010329955898673,-3.6799076709131295
126022164154440,-1.487520080477636,819,0.0262838272188546,-1.487520080477636
126044928905370,-2.993092122696485,803,0.0600373091429332,-2.993092122696485
126261550152648,-2.228156422150276,729,0.0826456231190062,-2.228156422150276
126317734155557,-2.300349722804558,224,0.0489823470743429,-2.300349722804558
126322356521234,-2.13023044406992,944,0.0826456231190062,-2.13023044406992
126360286357117,-3.140535085447561,234,0.0826456231190062,-3.140535085447561
126511756763533,-1.6544607031979435,669,0.0653429038617137,-1.6544607031979435
126726639276166,-3.1796815795271525,859,0.0653429038617137,-3.1796815795271525
126930231096770,-2.6415534214579104,309,0.0653429038617137,-2.6415534214579104
126993200358482,-1.5756683698819796,357,0.0262838272188546,-1.5756683698819796
127101815778873,-1.583859969274888,250,0.0262838272188546,-1.583859969274888
127162316112436,-1.4610497681553616,200,0.0262838272188546,-1.4610497681553616
127226683695048,-2.434435063350624,807,0.0600373091429332,-2.434435063350624
127312939507118,-2.27517358798946,201,0.0589460608531652,-2.27517358798946
127314305136754,-2.988605679143048,878,0.0489823470743429,-2.988605679143048
127346631066336,-1.9774898774235183,768,0.0653429038617137,-1.9774898774235183
127380775126475,-1.8855462867751147,828,0.0765432789165805,-1.8855462867751147
127461378591476,-3.0780387111038054,216,0.0826456231190062,-3.0780387111038054
127461917686186,-1.9256399620246738,216,0.0765432789165805,-1.9256399620246738
127596371303372,-2.2277182284010513,332,0.0653429038617137,-2.2277182284010513
127764241568821,-2.4051212185935493,769,0.0489823470743429,-2.4051212185935493
127777160633575,-1.4432237022731778,337,0.0672170763845647,-1.4432237022731778
127850902057803,-2.7503625686302957,904,0.0489823470743429,-2.7503625686302957
127879118863815,-2.820388100283979,300,0.0262838272188546,-2.820388100283979
127923727173915,-2.330036374025875,362,0.0600373091429332,-2.330036374025875
127985423490653,-2.5822224415732538,226,0.0600373091429332,-2.5822224415732538
128038317083629,-0.4703776378691291,908,0.0672170763845647,-0.4703776378691291
128061602317303,-0.4121363495513466,626,0.0687563201086147,-0.4121363495513466
128204013573976,-2.7205239580698595,552,0.0765432789165805,-2.7205239580698595
128242659669068,-0.7904690518472033,715,0.0489823470743429,-0.7904690518472033
128429051120383,-1.493434963478434,227,0.0765432789165805,-1.493434963478434
128470261991695,-4.796643591982489,755,0.2412374540535765,-4.796643591982489
128655685982284,-1.6917812025825596,504,0.0262838272188546,-1.6917812025825596
128711411305954,-3.1524639950372983,518,0.1010329955898673,-3.1524639950372983
128820719966683,-2.1084779287068067,538,0.0653429038617137,-2.1084779287068067
128859652484625,-2.8432616122863843,735,0.0489823470743429,-2.8432616122863843
128898247034327,-1.5978913266721533,572,0.0452023071381502,-1.5978913266721533
129067321627519,-2.3488936542675773,276,0.0653429038617137,-2.3488936542675773
129068428783864,-2.4873290253143807,283,0.0262838272188546,-2.4873290253143807
129254574685831,-1.8321747232361536,497,0.0262838272188546,-1.8321747232361536
129323200930102,-2.2203012933810786,590,0.0589460608531652,-2.2203012933810786
129453765785840,-2.7626426451090644,325,0.0262838272188546,-2.7626426451090644
129526214805069,-3.883191325029184,645,0.1010329955898673,-3.883191325029184
129532752091524,-2.2554628971491737,817,0.0589460608531652,-2.2554628971491737
129587578531656,-3.0275705471472105,998,0.0653429038617137,-3.0275705471472105
129590844484357,-1.5300877436961657,581,0.0826456231190062,-1.5300877436961657
129638703659909,-2.0497956672558035,364,0.0262838272188546,-2.0497956672558035
129912296005453,-1.9067051586489363,347,0.0589460608531652,-1.9067051586489363
129959175860102,-2.1055431447000257,924,0.0600373091429332,-2.1055431447000257
129975854488603,-2.1295982405656626,339,0.0262838272188546,-2.1295982405656626
130131600557226,-3.323898220837096,716,0.0489823470743429,-3.323898220837096
130236603469531,-2.35731204684414,935,0.0600373091429332,-2.35731204684414
130287756272114,-2.4272076528717954,968,0.0653429038617137,-2.4272076528717954
130627768604100,-2.2311210477032932,164,0.0262838272188546,-2.2311210477032932
130746555786740,-2.6019386247554834,244,0.0600373091429332,-2.6019386247554834
130898365313300,-2.556861234392684,198,0.0600373091429332,-2.556861234392684
130955008505274,-1.969095648446217,338,0.0262838272188546,-1.969095648446217
131081767051163,-2.3919865144802452,148,0.0262838272188546,-2.3919865144802452
131146178193176,-2.1343126509043526,348,0.0262838272188546,-2.1343126509043526
131154744200637,-3.207285453969279,268,0.1419958164752356,-3.207285453969279
131162706052469,-2.614783937041314,848,0.1781219332485197,-2.614783937041314
131198316747758,-3.3308724441766646,281,0.0653429038617137,-3.3308724441766646
131234663609498,-0.06882291692572984,663,0.0687563201086147,-0.06882291692572984
131356342332379,-4.403929059551262,812,0.1419958164752356,-4.403929059551262
131517135981832,-3.838920028369037,498,0.2412374540535765,-3.838920028369037
131529750018561,-1.7338252637587765,524,0.0262838272188546,-1.7338252637587765
131556934411716,-2.0813931506917704,378,0.0600373091429332,-2.0813931506917704
131576277853809,-2.466979482361216,817,0.0826456231190062,-2.466979482361216
131602457882676,-1.1692673864117569,365,0.0262838272188546,-1.1692673864117569
131609155817558,-2.4328535814115604,517,0.0600373091429332,-2.4328535814115604
131660168656219,-2.300330782962058,803,0.043389653520373,-2.300330782962058
131717246601692,-3.635943855910257,969,0.0653429038617137,-3.635943855910257
131991043960473,-0.9258392569576497,931,0.043389653520373,-0.9258392569576497
132210081603828,-5.128560664275835,835,0.2474121983831814,-5.128560664275835
132281789094564,-2.0134789268000794,498,0.043389653520373,-2.0134789268000794
132316689046262,-0.771160025052462,670,0.0452023071381502,-0.771160025052462
132365330506715,-2.3285823430078234,806,0.0600373091429332,-2.3285823430078234
132680984361893,-1.6780932058033906,396,0.0262838272188546,-1.6780932058033906
132895667653808,-2.037306905592401,273,0.0653429038617137,-2.037306905592401
132913580259634,-2.66517880911978,357,0.0262838272188546,-2.66517880911978
133036595670461,-4.205033569217007,690,0.1419958164752356,-4.205033569217007
133064349676525,-1.4072997380797472,762,0.0262838272188546,-1.4072997380797472
133076703628186,-1.850948619641936,639,0.0589460608531652,-1.850948619641936
133078728743426,-1.6272796930390638,477,0.0262838272188546,-1.6272796930390638
133206106144486,-2.7201946991386166,413,0.1419958164752356,-2.7201946991386166
133218152272279,-2.506146838126307,273,0.0489823470743429,-2.506146838126307
133541290940495,-2.698198126920614,363,0.0826456231190062,-2.698198126920614
133600203054161,-1.7900083370060536,868,0.0489823470743429,-1.7900083370060536
133845148149944,-2.7906533955183668,480,0.0489823470743429,-2.7906533955183668
134014102661023,-2.196633208156743,1044,0.0589460608531652,-2.196633208156743
134053093749415,-3.2263328393697197,803,0.1419958164752356,-3.2263328393697197
134115173819504,-1.5805643310472166,390,0.0262838272188546,-1.5805643310472166
134140742384912,-1.6360533486235196,955,0.0653429038617137,-1.6360533486235196
134395939956654,-2.036059608033011,216,0.0765432789165805,-2.036059608033011
134464046095856,-3.2744724960335208,820,0.0653429038617137,-3.2744724960335208
134597567580599,-2.043559541132859,220,0.0489823470743429,-2.043559541132859
134674695152201,-1.3398705166725764,911,0.0262838272188546,-1.3398705166725764
134781519064154,-2.0143960827344993,99,0.0600373091429332,-2.0143960827344993
134864707958357,-2.411320095279838,244,0.0600373091429332,-2.411320095279838
134922841310048,-1.5738152805783479,488,0.0262838272188546,-1.5738152805783479
134935338982707,-4.365168016531084,816,0.1419958164752356,-4.365168016531084
134987318220552,-1.7482266958145627,583,0.0672170763845647,-1.7482266958145627
135042233434209,-1.6347912507112672,338,0.0262838272188546,-1.6347912507112672
135066092798744,-3.120763770796862,786,0.1781219332485197,-3.120763770796862
135261253154338,-2.671345183375023,801,0.0489823470743429,-2.671345183375023
135290922204695,-1.4073844880345243,180,0.0262838272188546,-1.4073844880345243
135461258129202,-2.046502750012174,643,0.0672170763845647,-2.046502750012174
135548881433591,-2.395588004410821,789,0.0653429038617137,-2.395588004410821
135628754575249,-3.2250367900500674,373,0.0826456231190062,-3.2250367900500674
135660498433893,-2.028351324033692,378,0.0653429038617137,-2.028351324033692
135775442082647,-2.173418525767508,799,0.0489823470743429,-2.173418525767508
135793771261175,-3.6153571315530235,931,0.1010329955898673,-3.6153571315530235
135975807930039,-0.2962813625353392,905,0.0687563201086147,-0.2962813625353392
136010395820656,-3.160215231063214,876,0.0826456231190062,-3.160215231063214
136135695068570,-2.447693129127162,254,0.0262838272188546,-2.447693129127162
136216916021391,-1.9028986089791466,322,0.0489823470743429,-1.9028986089791466
136246885926710,-4.229673932240596,167,0.2412374540535765,-4.229673932240596
136253818607329,-1.639733476565843,631,0.0489823470743429,-1.639733476565843
136269344147858,-1.0411881161589098,509,0.0765432789165805,-1.0411881161589098
136311904466398,-1.7243747838202557,147,0.0653429038617137,-1.7243747838202557
136371036773462,-1.2890309408297564,880,0.0262838272188546,-1.2890309408297564
136462908604177,-2.1634353445043857,511,0.0653429038617137,-2.1634353445043857
136512858263053,-1.0126270627375027,771,0.0687563201086147,-1.0126270627375027
136622375050618,-2.703491459693331,208,0.0826456231190062,-2.703491459693331
136629676211245,-1.7408778718880256,118,0.0687563201086147,-1.7408778718880256
136705391598504,-0.367222414391154,434,0.0687563201086147,-0.367222414391154
136951361910511,-3.172853833699852,896,0.1010329955898673,-3.172853833699852
136993418152042,-1.9079862505377378,807,0.0489823470743429,-1.9079862505377378
136996818779807,-2.360343176293546,219,0.0589460608531652,-2.360343176293546
137008259620447,-2.464204545320647,838,0.0489823470743429,-2.464204545320647
137137194171175,-1.3625499450773038,596,0.0452023071381502,-1.3625499450773038
137181740983392,-2.0156091499224926,850,0.0653429038617137,-2.0156091499224926
137270235801456,-1.672792754968933,364,0.0452023071381502,-1.672792754968933
137298974105668,-2.7796411333580684,696,0.0600373091429332,-2.7796411333580684
137321571965101,-2.3191991865333663,281,0.0600373091429332,-2.3191991865333663
137400351860514,-1.9703255307997165,266,0.0653429038617137,-1.9703255307997165
137543761455778,-2.2289035495900555,945,0.0600373091429332,-2.2289035495900555
137647149437838,-3.3339029610928166,364,0.0600373091429332,-3.3339029610928166
137670141548109,-2.3949646516439307,939,0.0589460608531652,-2.3949646516439307
137782625351794,-3.6607436587550612,801,0.1419958164752356,-3.6607436587550612
137830294373012,-1.7372498851464742,842,0.043389653520373,-1.7372498851464742
138139058371006,-2.0538848503577922,479,0.0262838272188546,-2.0538848503577922
138147000828833,-2.608518573578539,829,0.1781219332485197,-2.608518573578539
138175895973043,-2.6196083598529367,958,0.0653429038617137,-2.6196083598529367
138237921089737,-2.4581080419923804,714,0.0489823470743429,-2.4581080419923804
138251605120553,-2.1489470993959907,797,0.0826456231190062,-2.1489470993959907
138606058420414,-2.3384999860718465,214,0.0589460608531652,-2.3384999860718465
138618918511338,-0.640463667322047,801,0.0687563201086147,-0.640463667322047
138680029547674,-2.1555855811978475,537,0.0672170763845647,-2.1555855811978475
138680823021309,-2.3525067675086824,760,0.0489823470743429,-2.3525067675086824
138912347055899,-2.2331434812218434,803,0.043389653520373,-2.2331434812218434
138994088712555,-2.0973162023357754,925,0.043389653520373,-2.0973162023357754
139084040896288,-2.999770093225045,1003,0.0653429038617137,-2.999770093225045
139144004332886,-2.4040080001119604,990,0.0653429038617137,-2.4040080001119604
139212957436739,-2.016838063733944,164,0.0262838272188546,-2.016838063733944
139234706790725,-1.322930617636576,790,0.0262838272188546,-1.322930617636576
139237670308749,-2.52693644890145,155,0.0600373091429332,-2.52693644890145
139378202270203,-3.300721191081384,216,0.1010329955898673,-3.300721191081384
139520140321192,-1.5934771130171592,148,0.0765432789165805,-1.5934771130171592
139539153390586,-2.405093339831844,831,0.043389653520373,-2.405093339831844
139748002290729,-1.8696320380187732,883,0.1062563664002187,-1.8696320380187732
139804381910073,-2.175098909885261,855,0.0489823470743429,-2.175098909885261
139947091850913,-2.423620750066469,798,0.0489823470743429,-2.423620750066469
139976088621728,-4.074499315977961,998,0.0653429038617137,-4.074499315977961
140303403909626,-3.069947573446232,586,0.1419958164752356,-3.069947573446232
140489210318294,-2.881794776960923,274,0.0653429038617137,-2.881794776960923
140613692202773,-2.692992290505642,863,0.043389653520373,-2.692992290505642
140675761544268,-3.1087513207014763,852,0.0653429038617137,-3.1087513207014763
140844300320391,-1.428871732350107,550,0.0262838272188546,-1.428871732350107
140969050031134,-2.576511238270867,254,0.0589460608531652,-2.576511238270867
141059530244911,-2.486146093742686,222,0.0489823470743429,-2.486146093742686
141177280712351,-2.5207843053837427,591,0.0600373091429332,-2.5207843053837427
141224110778088,-2.2937256134365933,837,0.0653429038617137,-2.2937256134365933
141326516676938,-1.518006038276629,796,0.0765432789165805,-1.518006038276629
141358622657470,-2.9278094287334406,713,0.0600373091429332,-2.9278094287334406
141435091031650,-2.9286617463248796,932,0.0826456231190062,-2.9286617463248796
141618289257410,-3.903874512604211,681,0.1010329955898673,-3.903874512604211
141862584470081,-2.436688018775116,230,0.0765432789165805,-2.436688018775116
141921903687490,-2.484467859540078,331,0.0262838272188546,-2.484467859540078
141927045270088,-1.530449304274002,569,0.0452023071381502,-1.530449304274002
141928413518827,-2.301834273915465,787,0.0653429038617137,-2.301834273915465
141941320202658,-2.0418450516592834,182,0.0262838272188546,-2.0418450516592834
142127558526445,-1.9038540135319704,684,0.0600373091429332,-1.9038540135319704
142138348538928,-2.168105743486299,871,0.0653429038617137,-2.168105743486299
142168834747644,-1.4270869869069418,396,0.0262838272188546,-1.4270869869069418
142191663257104,-2.287525900918891,419,0.0589460608531652,-2.287525900918891
142230662306530,-1.0096082698491702,247,0.0262838272188546,-1.0096082698491702
142234879977212,-2.4707653422556204,502,0.1781219332485197,-2.4707653422556204
142344771025695,-2.6589169008160125,510,0.0826456231190062,-2.6589169008160125
142441836666160,-1.9708474199489103,260,0.0653429038617137,-1.9708474199489103
142592701137903,-2.3193487325835926,827,0.0653429038617137,-2.3193487325835926
142619398948326,-2.415160861467369,149,0.0826456231190062,-2.415160861467369
142646028004761,-3.1056280201681634,807,0.1010329955898673,-3.1056280201681634
142668732147934,-2.571857379159262,945,0.0653429038617137,-2.571857379159262
142769133626834,-1.8284629804810717,376,0.0452023071381502,-1.8284629804810717
142886730862045,-1.8207077803981402,790,0.043389653520373,-1.8207077803981402
143131487019171,-2.183145383518545,335,0.0262838272188546,-2.183145383518545
143256925152761,-1.4882621917933547,739,0.0600373091429332,-1.4882621917933547
143465991346429,-1.1303784558632524,207,0.0687563201086147,-1.1303784558632524
143528086016454,-1.0829745824893702,345,0.0262838272188546,-1.0829745824893702
143666165041881,-1.4779321899687776,164,0.0262838272188546,-1.4779321899687776
143721118688556,-2.6556517502298314,824,0.0589460608531652,-2.6556517502298314
143741540463341,-3.440657191294309,802,0.1419958164752356,-3.440657191294309
143961987527232,-1.7182960583677254,172,0.0262838272188546,-1.7182960583677254
144036013847392,-3.287144649114221,783,0.1419958164752356,-3.287144649114221
144069589630517,-2.2491733929418087,367,0.0262838272188546,-2.2491733929418087
144106125993072,-0.4906241729262111,325,0.0262838272188546,-0.4906241729262111
144124457068391,-2.1061416624497444,876,0.0826456231190062,-2.1061416624497444
144183749955062,-2.754060489948382,186,0.0262838272188546,-2.754060489948382
144192246497840,-3.6349257333931653,831,0.1419958164752356,-3.6349257333931653
144334511572898,-1.53269672015927,807,0.0653429038617137,-1.53269672015927
144350243266246,-1.6352404057874779,535,0.0262838272188546,-1.6352404057874779
144363600209620,-1.914644820921267,138,0.0262838272188546,-1.914644820921267
144438684982677,-2.7125600638853924,831,0.1419958164752356,-2.7125600638853924
144458699460193,-1.359131215689998,451,0.0262838272188546,-1.359131215689998
144474008915289,-1.4300826450273991,110,0.0262838272188546,-1.4300826450273991
144650869493366,-1.9575463804895685,222,0.0672170763845647,-1.9575463804895685
144703683962405,-1.7594381011137017,289,0.0765432789165805,-1.7594381011137017
144915620026937,-0.7701530349236112,665,0.0489823470743429,-0.7701530349236112
145000066122276,-2.264143813852032,186,0.0600373091429332,-2.264143813852032
145009688375028,-2.078213382727505,861,0.043389653520373,-2.078213382727505
145092394774507,-2.0645836950246252,215,0.0653429038617137,-2.0645836950246252
145228210304844,-3.546638049674948,792,0.1419958164752356,-3.546638049674948
145319941798826,-2.5036907022750996,456,0.0600373091429332,-2.5036907022750996
145367153790963,-0.907579677790548,746,0.0452023071381502,-0.907579677790548
145419359983749,-3.233224184929159,506,0.1419958164752356,-3.233224184929159
145474936923934,-2.4520214573686627,197,0.0489823470743429,-2.4520214573686627
145676217892234,-2.8714342943311753,919,0.0653429038617137,-2.8714342943311753
145743846904794,-3.2714877809454346,585,0.1419958164752356,-3.2714877809454346
145820477308432,-1.817347061694106,569,0.0489823470743429,-1.817347061694106
145972690446459,-2.6870032679511553,862,0.0826456231190062,-2.6870032679511553
146010429619167,-2.5501037162516864,904,0.0489823470743429,-2.5501037162516864
146082959673925,-1.5011865948636225,966,0.0262838272188546,-1.5011865948636225
146141963455053,-2.3503878912776326,456,0.0600373091429332,-2.3503878912776326
146196465431803,-1.8835726021023902,584,0.0765432789165805,-1.8835726021023902
146496165903876,-1.7706374793649515,746,0.0589460608531652,-1.7706374793649515
146608882091595,-2.0576933591309956,889,0.0600373091429332,-2.0576933591309956
146689327018554,-2.5285482666194143,835,0.0489823470743429,-2.5285482666194143
146985817368160,-1.853222440811969,742,0.0653429038617137,-1.853222440811969
147178582471814,-1.5131573107894771,804,0.0262838272188546,-1.5131573107894771
147263628994422,-1.7609521205988323,480,0.0262838272188546,-1.7609521205988323
147312511114898,-1.9395655062942345,613,0.0826456231190062,-1.9395655062942345
147316561673388,-3.7646389985494624,821,0.1419958164752356,-3.7646389985494624
147390711426063,-0.43846590843494604,776,0.0687563201086147,-0.43846590843494604
147467237707047,-2.751569375221116,807,0.0600373091429332,-2.751569375221116
147607246875787,-1.3957597108459954,383,0.0489823470743429,-1.3957597108459954
147679592560369,-1.029938544583037,695,0.0687563201086147,-1.029938544583037
147837742883496,-2.400652154212004,385,0.0600373091429332,-2.400652154212004
148024290503356,-2.672503006204612,788,0.0589460608531652,-2.672503006204612
148119842951397,-2.052449768983624,102,0.0653429038617137,-2.052449768983624
148248664671124,-1.4825560460431881,193,0.0452023071381502,-1.4825560460431881
148428489105386,-0.6410349457874379,698,0.0687563201086147,-0.6410349457874379
148556599396082,-2.129009137993169,348,0.0489823470743429,-2.129009137993169
148567268114659,-2.1685460138189,930,0.0653429038617137,-2.1685460138189
148639007552078,-1.9426922140155614,364,0.0653429038617137,-1.9426922140155614
148907049945338,-2.7149487691613476,312,0.0826456231190062,-2.7149487691613476
148956341940345,-2.102350346283346,708,0.0653429038617137,-2.102350346283346
149004134357731,-3.815947646909952,834,0.1419958164752356,-3.815947646909952
149141937763339,-3.3598935011412445,817,0.1419958164752356,-3.3598935011412445
149332083559257,-1.018629961226809,166,0.0262838272188546,-1.018629961226809
149480826985848,-3.7797452197945165,802,0.2412374540535765,-3.7797452197945165
149677329867588,-1.963591328984431,461,0.0262838272188546,-1.963591328984431
149692468392726,-1.8512932915278917,177,0.0262838272188546,-1.8512932915278917
149831547610060,-2.8111300189469635,360,0.0262838272188546,-2.8111300189469635
150117619622128,-1.763102370049712,630,0.0600373091429332,-1.763102370049712
150133429909479,-2.5034011896772554,348,0.0489823470743429,-2.5034011896772554
150157855352247,-2.212793093251651,529,0.0826456231190062,-2.212793093251651
150314171622217,-1.8479589621324726,395,0.0653429038617137,-1.8479589621324726
150341394396280,-2.39555520004326,779,0.0600373091429332,-2.39555520004326
150387270467161,-2.0724971964381864,530,0.0262838272188546,-2.0724971964381864
150559803859725,-3.0958681906860845,719,0.0600373091429332,-3.0958681906860845
150716726977205,-1.1720554640331473,910,0.0262838272188546,-1.1720554640331473
150799781586484,-1.5218019235669995,220,0.0262838272188546,-1.5218019235669995
150969302386654,-4.223147436811751,580,0.1010329955898673,-4.223147436811751
150991726941898,-1.7041885821338836,358,0.0262838272188546,-1.7041885821338836
151065114844954,-2.243119462783029,799,0.0600373091429332,-2.243119462783029
151190528447321,-3.095405838735532,360,0.1419958164752356,-3.095405838735532
151379319875160,-2.6529681648657477,632,0.0600373091429332,-2.6529681648657477
151443097296597,-2.2058022024332247,910,0.0600373091429332,-2.2058022024332247
151463912930970,-3.5965291095898797,834,0.1419958164752356,-3.5965291095898797
151491430810144,-2.596379778133552,259,0.0765432789165805,-2.596379778133552
151635580626326,-2.8815534429416463,646,0.1419958164752356,-2.8815534429416463
151701075985508,-2.427245558710802,861,0.0600373091429332,-2.427245558710802
151728918589035,-2.720560241702902,151,0.0600373091429332,-2.720560241702902
151763444736875,-1.0743572607843548,244,0.0262838272188546,-1.0743572607843548
151883133047129,-3.182698066835226,697,0.1419958164752356,-3.182698066835226
151941392254286,-1.8541410672974725,672,0.0765432789165805,-1.8541410672974725
151961589363745,-2.217308505692133,830,0.0765432789165805,-2.217308505692133
151962763295018,-3.8504330070893897,581,0.1010329955898673,-3.8504330070893897
151983822903626,-2.834865413837489,860,0.0653429038617137,-2.834865413837489
152012202811219,-1.0871655016365664,633,0.0687563201086147,-1.0871655016365664
152016039266836,-2.318405548796105,638,0.0600373091429332,-2.318405548796105
152035978072451,-1.8420901511345806,629,0.0600373091429332,-1.8420901511345806
152269016824516,-1.7050702429032847,434,0.0262838272188546,-1.7050702429032847
152335340614948,-2.4273578538430427,292,0.0262838272188546,-2.4273578538430427
152468673446988,-2.87958668271748,998,0.0653429038617137,-2.87958668271748
152666532337595,-2.122790867240815,774,0.0489823470743429,-2.122790867240815
152749160344984,-2.689181818536314,755,0.0589460608531652,-2.689181818536314
152949795943586,-2.3113020957193897,705,0.0600373091429332,-2.3113020957193897
153128214620857,-2.2715710509079843,805,0.0489823470743429,-2.2715710509079843
153137508706961,-2.039475356881383,334,0.0262838272188546,-2.039475356881383
153439219468645,-2.2150936419140663,642,0.0600373091429332,-2.2150936419140663
153665633199645,-2.0173901523710054,222,0.0589460608531652,-2.0173901523710054
153812972840062,-2.230927714487071,779,0.0653429038617137,-2.230927714487071
154269060790351,-1.8675091818587086,931,0.1062563664002187,-1.8675091818587086
154299401950874,-1.698227212728888,657,0.0452023071381502,-1.698227212728888
154346269170606,-3.012075620083428,759,0.1010329955898673,-3.012075620083428
154557098233143,-2.883136688462131,798,0.0826456231190062,-2.883136688462131
154633886297033,-3.537136464329127,365,0.1010329955898673,-3.537136464329127
154875957500860,-2.3904983710687535,779,0.0653429038617137,-2.3904983710687535
154928563530175,-1.6253935380281375,898,0.0653429038617137,-1.6253935380281375
154956643745352,-1.794344590965508,622,0.0262838272188546,-1.794344590965508
155335976186971,-2.521792060729675,323,0.043389653520373,-2.521792060729675
155518100026048,-1.6997318182111472,728,0.0600373091429332,-1.6997318182111472
155541362292937,-2.9136819668755702,1006,0.1781219332485197,-2.9136819668755702
155578785127935,-1.8985242390834902,774,0.0262838272188546,-1.8985242390834902
155578817996563,-2.956543034882775,1006,0.0653429038617137,-2.956543034882775
155622570891853,-1.935994843026938,348,0.0672170763845647,-1.935994843026938
155809351028928,-1.99698240464736,962,0.0653429038617137,-1.99698240464736
155821864804768,-2.6183509750798257,775,0.0600373091429332,-2.6183509750798257
155875696900726,-1.9659995497844185,959,0.0262838272188546,-1.9659995497844185
155894540080930,-2.793620273498665,901,0.1419958164752356,-2.793620273498665
156242751634684,-2.6803557090618053,827,0.0600373091429332,-2.6803557090618053
156379683656804,-2.51593726406888,212,0.0653429038617137,-2.51593726406888
156391148918816,-2.662575275113103,402,0.0262838272188546,-2.662575275113103
156675618118815,-2.511088653070546,106,0.0826456231190062,-2.511088653070546
156685668260635,-2.9081209495824556,547,0.0262838272188546,-2.9081209495824556
156886762040006,-1.4004175892129125,365,0.0262838272188546,-1.4004175892129125
156995084198890,-2.0111285441476388,748,0.0765432789165805,-2.0111285441476388
157001007195424,-3.595953186765219,779,0.1010329955898673,-3.595953186765219
157112913790574,-2.2469929796911705,837,0.0653429038617137,-2.2469929796911705
157141896324457,-1.7297326639267117,136,0.0262838272188546,-1.7297326639267117
157165866233028,-1.5947567530581508,799,0.0765432789165805,-1.5947567530581508
157210796918355,-1.9914047901177785,444,0.0262838272188546,-1.9914047901177785
157365228095806,-1.251623109108029,24,0.0262838272188546,-1.251623109108029
157473709748251,-2.4724028421211175,311,0.0600373091429332,-2.4724028421211175
157511128456123,-0.4759141000900522,734,0.0687563201086147,-0.4759141000900522
157624208137887,-1.9999118232267068,878,0.0589460608531652,-1.9999118232267068
157741570084238,-3.14252107872764,515,0.0600373091429332,-3.14252107872764
157776210596023,-2.165290286534713,743,0.0600373091429332,-2.165290286534713
157845072419409,-2.5456823986550337,348,0.0489823470743429,-2.5456823986550337
157942711191560,-2.5717688213511005,810,0.0589460608531652,-2.5717688213511005
158263835831735,-3.3437658925302207,1006,0.0653429038617137,-3.3437658925302207
158272687220920,-2.235021566614938,343,0.0262838272188546,-2.235021566614938
158331507661001,-2.410748935098262,732,0.0262838272188546,-2.410748935098262
158352657748411,-2.504718476287689,255,0.0262838272188546,-2.504718476287689
158368061989307,-2.1834767956208805,672,0.0589460608531652,-2.1834767956208805
158517748687998,-2.059405354324871,627,0.0589460608531652,-2.059405354324871
158534256914913,-1.5097280539805271,662,0.0262838272188546,-1.5097280539805271
158589254053538,-2.188269820641567,801,0.0489823470743429,-2.188269820641567
158619931262250,-2.5563415287172133,196,0.0262838272188546,-2.5563415287172133
158863447221099,-1.3908262959135749,177,0.0262838272188546,-1.3908262959135749
158864986705753,-1.4638898650656338,154,0.0765432789165805,-1.4638898650656338
158913760047265,-2.9831941732700447,834,0.1419958164752356,-2.9831941732700447
158929177295243,-3.1297958387210976,615,0.0653429038617137,-3.1297958387210976
159138380923629,-2.4794740474321597,297,0.0653429038617137,-2.4794740474321597
159734430007289,-2.1978716038489523,155,0.0653429038617137,-2.1978716038489523
159783266443916,-2.2199605900953343,847,0.0600373091429332,-2.2199605900953343
159873254216576,-2.3669504837792408,939,0.0653429038617137,-2.3669504837792408
159984119783390,-2.4814002888045614,725,0.0653429038617137,-2.4814002888045614
160045354495644,-2.4994605023057312,462,0.0262838272188546,-2.4994605023057312
160069753483773,-2.7944711154308517,870,0.1781219332485197,-2.7944711154308517
160283821680658,-2.475180937247227,345,0.0262838272188546,-2.475180937247227
160593684266953,-2.344697031552464,964,0.0489823470743429,-2.344697031552464
160637976361942,-2.092186788557335,696,0.1419958164752356,-2.092186788557335
160670946389472,-1.680165548167687,839,0.0262838272188546,-1.680165548167687
161078459152874,-3.3033630042699964,562,0.1781219332485197,-3.3033630042699964
161226417550950,-2.4544883823410206,404,0.1062563664002187,-2.4544883823410206
161301389174781,-2.4516249074331693,831,0.0765432789165805,-2.4516249074331693
161385304850931,-1.7657532017828594,936,0.0826456231190062,-1.7657532017828594
161462368988377,-2.449031993826589,924,0.0600373091429332,-2.449031993826589
161517735644275,-3.204043592554717,522,0.1010329955898673,-3.204043592554717
161592285385643,-2.4033020453294665,794,0.0489823470743429,-2.4033020453294665
161639561864038,-1.877610830686478,751,0.0600373091429332,-1.877610830686478
161905429633569,-1.8627925607572389,457,0.0262838272188546,-1.8627925607572389
161992002723668,-2.200628788205006,353,0.1062563664002187,-2.200628788205006
162106022825496,-1.2013781543918807,250,0.0687563201086147,-1.2013781543918807
162375374443135,-4.003330516020661,688,0.1419958164752356,-4.003330516020661
162400933634819,-2.5644288199392835,310,0.0653429038617137,-2.5644288199392835
162459332260281,-3.1024380300019097,624,0.1010329955898673,-3.1024380300019097
162625708324343,-1.730367432491466,136,0.0262838272188546,-1.730367432491466
162758218306117,-2.2018395451661177,779,0.043389653520373,-2.2018395451661177
162793803195499,-2.1932571023227925,690,0.0653429038617137,-2.1932571023227925
162828198243371,-2.055737905571917,186,0.0600373091429332,-2.055737905571917
162889571446273,-3.1411395791326906,793,0.0600373091429332,-3.1411395791326906
163031907957193,-3.930679089127241,807,0.1419958164752356,-3.930679089127241
163032588387671,-3.4852385409337305,929,0.043389653520373,-3.4852385409337305
163122429797666,-1.2628737093589812,623,0.0452023071381502,-1.2628737093589812
163155022955176,-3.4638315198971004,777,0.1419958164752356,-3.4638315198971004
163291541413366,-2.228394236976744,716,0.0653429038617137,-2.228394236976744
163308424686284,-1.8654658426745159,632,0.0262838272188546,-1.8654658426745159
163333177729970,-3.1041419183589722,452,0.1781219332485197,-3.1041419183589722
163355943876416,-2.2834523604867663,452,0.0826456231190062,-2.2834523604867663
163539680269906,-2.0779069801103636,783,0.0489823470743429,-2.0779069801103636
163556792315622,-1.9353578258548074,402,0.0653429038617137,-1.9353578258548074
163595612906408,-2.713517306516444,388,0.0826456231190062,-2.713517306516444
163684869132783,-2.264524335126044,336,0.0600373091429332,-2.264524335126044
163817869712448,-1.004435280518762,125,0.0765432789165805,-1.004435280518762
163958653834781,-2.057040757715144,640,0.0765432789165805,-2.057040757715144
164188104473231,-2.66842197422183,626,0.1781219332485197,-2.66842197422183
164250038439455,-0.6381027419606589,758,0.0687563201086147,-0.6381027419606589
164360339911879,-2.4877906214671386,569,0.0589460608531652,-2.4877906214671386
164501932483970,-2.7621479071126585,824,0.1419958164752356,-2.7621479071126585
164597265773193,-3.684895697623648,837,0.1419958164752356,-3.684895697623648
164623619383395,-2.8754000200759133,508,0.0653429038617137,-2.8754000200759133
164708256253600,-4.454364628089442,674,0.2412374540535765,-4.454364628089442
164817957189186,-2.3471170475061003,783,0.0600373091429332,-2.3471170475061003
164830725371119,-1.5900875499712364,363,0.0262838272188546,-1.5900875499712364
164896065537764,-2.0146034103152877,762,0.0589460608531652,-2.0146034103152877
164916783937305,-2.1076983381743246,861,0.0653429038617137,-2.1076983381743246
164939445935648,-2.6001802720642413,616,0.0262838272188546,-2.6001802720642413
165163373686908,-2.0102854589382466,682,0.0600373091429332,-2.0102854589382466
165349084371644,-1.9924763404532382,804,0.043389653520373,-1.9924763404532382
165483616105820,-0.9041542347488618,488,0.0687563201086147,-0.9041542347488618
165617354488181,-2.282317195837363,262,0.0262838272188546,-2.282317195837363
165617980367623,-2.582663233021766,768,0.0600373091429332,-2.582663233021766
165826600550650,-2.214633068061386,173,0.0653429038617137,-2.214633068061386
165960908868904,-1.3404225304593778,282,0.0262838272188546,-1.3404225304593778
165971823173449,-1.2828477859833889,356,0.0653429038617137,-1.2828477859833889
166064183242809,-2.620620014114737,616,0.1062563664002187,-2.620620014114737
166066258026901,-2.7012038092700195,862,0.1781219332485197,-2.7012038092700195
166089175275020,-3.733452919216163,753,0.1010329955898673,-3.733452919216163
166122491071574,-2.9315755095554232,1008,0.1781219332485197,-2.9315755095554232
166463616086505,-1.9611695560991205,350,0.0262838272188546,-1.9611695560991205
166606012599388,-2.322757983844029,595,0.0653429038617137,-2.322757983844029
166923102168881,-2.1850252262290146,831,0.043389653520373,-2.1850252262290146
166993346607397,-2.5376969505795324,1003,0.0653429038617137,-2.5376969505795324
167060822011021,-2.9911792479135295,749,0.1781219332485197,-2.9911792479135295
167206045526979,-2.1300458820568116,304,0.0262838272188546,-2.1300458820568116
167211492608660,-2.8857742697694313,384,0.0765432789165805,-2.8857742697694313
167243736235459,-2.645190967354271,853,0.043389653520373,-2.645190967354271
167371302384959,-2.3026952871031297,221,0.0653429038617137,-2.3026952871031297
167375412749657,-2.7942073349104026,522,0.1010329955898673,-2.7942073349104026
167640288361930,-1.1973212992536861,940,0.0452023071381502,-1.1973212992536861
167701712171507,-2.7584438717918793,827,0.0489823470743429,-2.7584438717918793
167715185653147,-1.7461842834060235,528,0.0262838272188546,-1.7461842834060235
167757059991088,-2.8827954549729156,281,0.0653429038617137,-2.8827954549729156
167917846804557,-2.3812657481521393,759,0.0489823470743429,-2.3812657481521393
167994020781091,-2.87039933828651,608,0.0826456231190062,-2.87039933828651
168130736529890,-1.8279197170679702,502,0.0653429038617137,-1.8279197170679702
168483686197533,-2.1060665662830074,913,0.0600373091429332,-2.1060665662830074
168504070998794,-0.37122266002135385,858,0.0687563201086147,-0.37122266002135385
168696113057303,-2.1808297824593703,83,0.0262838272188546,-2.1808297824593703
168843174919580,-3.371160914387679,153,0.1419958164752356,-3.371160914387679
168858521721618,-1.8556464805523838,126,0.0653429038617137,-1.8556464805523838
168976034494270,-2.4838513637753157,551,0.0653429038617137,-2.4838513637753157
168979433659179,-2.117549914679415,515,0.0765432789165805,-2.117549914679415
169019908170621,-2.4563160737166845,341,0.0262838272188546,-2.4563160737166845
169042858419721,-1.8070503672196092,887,0.0765432789165805,-1.8070503672196092
169076467441036,-1.0965040138928996,593,0.0687563201086147,-1.0965040138928996
169099351572753,-2.614859017137844,409,0.1781219332485197,-2.614859017137844
169278023694598,-2.1855641085199777,835,0.0589460608531652,-2.1855641085199777
169335597486064,-2.799992335197488,292,0.0826456231190062,-2.799992335197488
169371153871141,-2.605521720087113,577,0.0653429038617137,-2.605521720087113
169415468809329,-1.7057505463411569,756,0.0653429038617137,-1.7057505463411569
169483564623682,-2.015564252465148,615,0.1781219332485197,-2.015564252465148
169521578144415,-2.343156885595416,927,0.0489823470743429,-2.343156885595416
169603327314690,-1.6289510118858663,1070,0.0262838272188546,-1.6289510118858663
169620424858224,-1.4084029286344122,495,0.0262838272188546,-1.4084029286344122
169656204509465,-1.806238292779149,312,0.0262838272188546,-1.806238292779149
169676827049308,-1.8502204109671099,216,0.0765432789165805,-1.8502204109671099
169678079626407,-2.8592412590129954,682,0.0600373091429332,-2.8592412590129954
169682504248479,-3.5454489892553864,456,0.0600373091429332,-3.5454489892553864
169725593088889,-2.0949270244055596,798,0.1062563664002187,-2.0949270244055596
169883588651725,-2.3824988777384646,298,0.0489823470743429,-2.3824988777384646
170043872779977,-2.1495797614399605,1068,0.0262838272188546,-2.1495797614399605
170191633267278,-2.0597019525478446,106,0.0765432789165805,-2.0597019525478446
170248428817467,-2.9851989210222643,917,0.0600373091429332,-2.9851989210222643
170347069799225,-3.194682245398284,348,0.1419958164752356,-3.194682245398284
170429158734717,-2.781929063055004,713,0.0489823470743429,-2.781929063055004
170480972491957,-0.9691223143815069,341,0.0452023071381502,-0.9691223143815069
170591746620577,-2.666868684297021,908,0.0653429038617137,-2.666868684297021
170692986810487,-2.092971462085529,752,0.0672170763845647,-2.092971462085529
170791776869294,-2.2478753643947464,360,0.0600373091429332,-2.2478753643947464
170979477285949,-2.0685851187002307,713,0.043389653520373,-2.0685851187002307
171045469818684,-1.6700053422796164,688,0.0600373091429332,-1.6700053422796164
171290798608593,-3.556285070000814,889,0.0589460608531652,-3.556285070000814
171511240790524,-2.8025684103987967,357,0.0262838272188546,-2.8025684103987967
171526647937477,-2.5073317846423246,576,0.0653429038617137,-2.5073317846423246
171544397274614,-2.329485552738671,799,0.0765432789165805,-2.329485552738671
171547641991926,-2.812625797344678,488,0.0600373091429332,-2.812625797344678
171746468529115,-3.429450023379194,800,0.1419958164752356,-3.429450023379194
172020917575580,-2.809129687770558,925,0.0653429038617137,-2.809129687770558
172132762873636,-1.9556780146292148,804,0.0489823470743429,-1.9556780146292148
172365997099202,-2.527060883589092,211,0.0826456231190062,-2.527060883589092
172371109644420,-2.4572761616072216,930,0.0653429038617137,-2.4572761616072216
172387483105216,-2.5987342672220293,705,0.1781219332485197,-2.5987342672220293
172391955301011,-2.0026744219002484,164,0.0653429038617137,-2.0026744219002484
172434730983905,-3.0566569065289317,343,0.0600373091429332,-3.0566569065289317
172461422597650,-2.096666520040462,828,0.0600373091429332,-2.096666520040462
172506877879971,-2.3272815999746967,658,0.0600373091429332,-2.3272815999746967
172821801369637,-3.3127131663152545,693,0.1419958164752356,-3.3127131663152545
172969960437177,-2.168525038959084,853,0.0600373091429332,-2.168525038959084
172983785370020,-3.3773449695827695,794,0.0489823470743429,-3.3773449695827695
173013166080805,-1.4261966192193651,1068,0.0672170763845647,-1.4261966192193651
173098439216288,-1.8733970495544998,873,0.0653429038617137,-1.8733970495544998
173156703372281,-2.978994474945374,747,0.0600373091429332,-2.978994474945374
173316929343488,-2.459159256695918,449,0.0826456231190062,-2.459159256695918
173444240504022,-1.8043713739642289,823,0.0600373091429332,-1.8043713739642289
173456256999506,-2.3687312513522345,452,0.0765432789165805,-2.3687312513522345
173604836117848,-4.0526099000716584,195,0.0653429038617137,-4.0526099000716584
173714228456334,-2.6342478196960584,244,0.0826456231190062,-2.6342478196960584
173724210060708,-2.182080068269831,800,0.0489823470743429,-2.182080068269831
173734620177747,-2.1302368885225915,527,0.0600373091429332,-2.1302368885225915
173739185850889,-2.347441481361709,330,0.0262838272188546,-2.347441481361709
173846112276332,-1.5256090502546396,685,0.0672170763845647,-1.5256090502546396
173854412004402,-2.681196882133363,160,0.0600373091429332,-2.681196882133363
174223993968068,-3.513248301841448,373,0.0653429038617137,-3.513248301841448
174260911976036,-2.8017666722670396,667,0.0600373091429332,-2.8017666722670396
174341395145466,-3.208230530290078,376,0.1419958164752356,-3.208230530290078
174374517675993,-2.305327649113944,149,0.0653429038617137,-2.305327649113944
174553241483844,-1.9398780831456812,558,0.0600373091429332,-1.9398780831456812
174807192245230,-2.15829588166362,246,0.0589460608531652,-2.15829588166362
175054179951091,-2.6096371874401747,359,0.0653429038617137,-2.6096371874401747
175078134472797,-3.1422715816879103,316,0.0653429038617137,-3.1422715816879103
175102939199867,-2.491932819680049,1063,0.0262838272188546,-2.491932819680049
175131193104788,-2.4676179629039523,696,0.0653429038617137,-2.4676179629039523
175490616354469,-2.9310420790697727,464,0.0262838272188546,-2.9310420790697727
175515468883505,-1.767465954409732,928,0.0589460608531652,-1.767465954409732
175554366747657,-2.601409913972037,680,0.1419958164752356,-2.601409913972037
175631811483722,-3.9579486967414166,780,0.1419958164752356,-3.9579486967414166
175720588601107,-2.1079491028477957,250,0.0262838272188546,-2.1079491028477957
175724148418930,-2.1887177970872984,337,0.0262838272188546,-2.1887177970872984
175785907971746,-1.7231042286104237,798,0.0262838272188546,-1.7231042286104237
175810198675214,-2.3494503866325944,350,0.0262838272188546,-2.3494503866325944
175898350840501,-2.5465844338633556,632,0.1062563664002187,-2.5465844338633556
176003381057305,-1.928049323876125,798,0.0489823470743429,-1.928049323876125
176132596745584,-2.469692554795442,562,0.0826456231190062,-2.469692554795442
176153839340680,-2.2707379831889494,831,0.0600373091429332,-2.2707379831889494
176307230301619,-2.38786548554374,91,0.0600373091429332,-2.38786548554374
176482782374953,-2.8365423463548063,933,0.0489823470743429,-2.8365423463548063
176509918973389,-3.56988687371934,804,0.0489823470743429,-3.56988687371934
176748794498897,-2.6158985427166717,448,0.0262838272188546,-2.6158985427166717
176799387526875,-2.303263809663366,914,0.0600373091429332,-2.303263809663366
177047162181797,-1.7958351671166106,281,0.0452023071381502,-1.7958351671166106
177055167327312,-1.279829529161289,406,0.0452023071381502,-1.279829529161289
177330963118986,-0.529464161128261,732,0.0687563201086147,-0.529464161128261
177406634339834,-1.5389291795991915,245,0.0262838272188546,-1.5389291795991915
177447767752658,-2.4151241914507713,233,0.0262838272188546,-2.4151241914507713
177518602623961,-2.33667926020602,800,0.0826456231190062,-2.33667926020602
177656164031957,-1.9133814630882777,396,0.0262838272188546,-1.9133814630882777
177662358469232,-2.243391946998048,716,0.1062563664002187,-2.243391946998048
177708628251511,-2.945949316726911,760,0.0489823470743429,-2.945949316726911
177867612436569,-2.833796164304455,642,0.0826456231190062,-2.833796164304455
178117027160469,-2.2007324854950063,805,0.0600373091429332,-2.2007324854950063
178333144519320,-3.4618435486219874,837,0.1419958164752356,-3.4618435486219874
178364018583973,-1.6437970959571846,935,0.0262838272188546,-1.6437970959571846
178437723670607,-1.9576840282194756,233,0.0589460608531652,-1.9576840282194756
178868111044736,-3.1455569245483557,412,0.1419958164752356,-3.1455569245483557
179037489861671,-2.341451703499872,246,0.0826456231190062,-2.341451703499872
179334972050955,-3.1175897349440076,788,0.1010329955898673,-3.1175897349440076
179342565079311,-2.8905504043075956,925,0.0826456231190062,-2.8905504043075956
179604293431171,-1.8342278485377903,793,0.0589460608531652,-1.8342278485377903
179726595227046,-3.154877223635887,786,0.0600373091429332,-3.154877223635887
179836808142187,-1.7298875782597076,930,0.043389653520373,-1.7298875782597076
180006139133982,-2.943272065410456,990,0.0653429038617137,-2.943272065410456
180536637683325,-2.7336770801806924,194,0.0600373091429332,-2.7336770801806924
180552486045461,-2.7680821113124603,588,0.0653429038617137,-2.7680821113124603
180572836253711,-1.2874256265611261,518,0.0826456231190062,-1.2874256265611261
180621280061822,-3.446746136357379,579,0.0489823470743429,-3.446746136357379
180637755967801,-2.783065139082374,974,0.0653429038617137,-2.783065139082374
180727366268840,-2.2815466557389934,112,0.0653429038617137,-2.2815466557389934
180901917521217,-1.7281611780403876,512,0.0262838272188546,-1.7281611780403876
180908258498040,-2.265256122034278,225,0.1062563664002187,-2.265256122034278
180991616172640,-1.9208637197508551,541,0.0489823470743429,-1.9208637197508551
180994058599559,-1.6853225909962204,654,0.0262838272188546,-1.6853225909962204
181072202049958,-2.006785614078722,643,0.0653429038617137,-2.006785614078722
181082020650029,-3.4084024621320252,844,0.1419958164752356,-3.4084024621320252
181145253015277,-1.4340096787177212,292,0.0262838272188546,-1.4340096787177212
181211557047295,-2.4986053286716574,783,0.0600373091429332,-2.4986053286716574
181308534947453,-1.112488449325196,543,0.0262838272188546,-1.112488449325196
181356748675895,-1.8489138891766221,59,0.0653429038617137,-1.8489138891766221
181399470032847,-3.2381055485144064,844,0.0653429038617137,-3.2381055485144064
181467433815612,-1.5337549267934616,448,0.0262838272188546,-1.5337549267934616
181688688290343,-2.0218815522609415,880,0.0600373091429332,-2.0218815522609415
181810306917010,-2.504827502268318,420,0.0600373091429332,-2.504827502268318
181852348505479,-0.42898395423560076,686,0.0687563201086147,-0.42898395423560076
181877539523521,-0.9503702001611349,481,0.0452023071381502,-0.9503702001611349
182012862144805,-2.019465807343146,372,0.1062563664002187,-2.019465807343146
182046393780247,-2.4360635407755957,798,0.0653429038617137,-2.4360635407755957
182231273221449,-4.116742931904522,816,0.1419958164752356,-4.116742931904522
182289480746373,-1.9325359974645273,469,0.0262838272188546,-1.9325359974645273
182417549537517,-1.581006128896063,779,0.0765432789165805,-1.581006128896063
182428253384412,-1.847247455862159,796,0.0489823470743429,-1.847247455862159
182497410284537,-1.952705236386867,779,0.0653429038617137,-1.952705236386867
182748938251870,-3.081744504898588,342,0.0765432789165805,-3.081744504898588
182878123210123,-0.4426629827305002,1012,0.0687563201086147,-0.4426629827305002
182952651036105,-0.7277445174597756,695,0.0687563201086147,-0.7277445174597756
183191291000302,-3.1862257738720707,458,0.0589460608531652,-3.1862257738720707
183309109136638,-2.359639431051004,119,0.0653429038617137,-2.359639431051004
183315263393486,-1.2200794240126944,589,0.0600373091429332,-1.2200794240126944
183343538453397,-2.909071320077122,975,0.0653429038617137,-2.909071320077122
183471219906923,-1.0817768218520374,899,0.0672170763845647,-1.0817768218520374
183492674076483,-0.9447690261840633,188,0.0765432789165805,-0.9447690261840633
183579959725112,-1.4083935289986524,244,0.0262838272188546,-1.4083935289986524
183748661506931,-1.720396764597346,572,0.0765432789165805,-1.720396764597346
183841006549861,-1.705109504959201,203,0.0262838272188546,-1.705109504959201
183905624379747,-2.687452290196349,732,0.1781219332485197,-2.687452290196349
184008341107497,-3.6709749720117557,577,0.1419958164752356,-3.6709749720117557
184200676726515,-1.4177467335110074,1047,0.0262838272188546,-1.4177467335110074
184385756986967,-2.0063921535354616,602,0.0672170763845647,-2.0063921535354616
184617785246291,-2.595087500165924,1006,0.0653429038617137,-2.595087500165924
184722388011805,-4.210063333908526,803,0.1419958164752356,-4.210063333908526
184856968203951,-0.39591048042955745,721,0.0826456231190062,-0.39591048042955745
184864807626489,-3.2182351529619537,622,0.1419958164752356,-3.2182351529619537
184957863446508,-2.628499728311255,170,0.0489823470743429,-2.628499728311255
184970899271917,-2.805267348009032,346,0.0262838272188546,-2.805267348009032
184992540849594,-2.3321522299348283,662,0.0600373091429332,-2.3321522299348283
185056872053854,-1.6405358705509814,166,0.0262838272188546,-1.6405358705509814
185218561834644,-2.407818623375703,795,0.0589460608531652,-2.407818623375703
185359936082702,-3.4393722913350304,656,0.1062563664002187,-3.4393722913350304
185484905849582,-2.620955800364,174,0.0600373091429332,-2.620955800364
185604738908520,-2.345753712744894,795,0.1781219332485197,-2.345753712744894
185771717659464,-1.9203281563629266,581,0.0589460608531652,-1.9203281563629266
185796937137461,-1.7372605780348813,799,0.0262838272188546,-1.7372605780348813
186043018712948,-2.066733228356292,950,0.0653429038617137,-2.066733228356292
186084745019701,-2.1890301872701654,1005,0.0653429038617137,-2.1890301872701654
186221111560443,-2.709846096449141,665,0.0653429038617137,-2.709846096449141
186232854086709,-1.4018719450057546,801,0.0489823470743429,-1.4018719450057546
186269055761533,-3.329865617122187,426,0.043389653520373,-3.329865617122187
186419994568911,-2.1439935066281652,403,0.0600373091429332,-2.1439935066281652
186571909572816,-1.4887266139731024,799,0.0262838272188546,-1.4887266139731024
186866701099719,-2.2212468293775096,550,0.0653429038617137,-2.2212468293775096
186883852703201,-3.1982669433949464,825,0.1419958164752356,-3.1982669433949464
186923342224717,-1.2233592924479004,927,0.0452023071381502,-1.2233592924479004
186968422450697,-1.4931318231811703,792,0.043389653520373,-1.4931318231811703
187207929058311,-1.5418065563135797,211,0.0262838272188546,-1.5418065563135797
187444696818720,-2.4522540126156165,675,0.1781219332485197,-2.4522540126156165
187447339356792,-2.5172292999802295,729,0.0600373091429332,-2.5172292999802295
187484679935373,-2.1046954555567874,654,0.0262838272188546,-2.1046954555567874
187694308606153,-2.4149916934764493,517,0.0826456231190062,-2.4149916934764493
187756321272960,-0.9948684984585938,610,0.0687563201086147,-0.9948684984585938
187848719635605,-1.7091537331039024,740,0.0262838272188546,-1.7091537331039024
187897061913990,-2.7242585944009603,210,0.0489823470743429,-2.7242585944009603
187933000919936,-2.8596873906021667,936,0.0489823470743429,-2.8596873906021667
187990528223809,-1.775006929758583,902,0.0653429038617137,-1.775006929758583
188159160453275,-3.6112570055676203,525,0.1010329955898673,-3.6112570055676203
188268432019601,-2.6744073572273166,735,0.1781219332485197,-2.6744073572273166
188315425664831,-2.510016183321846,245,0.0653429038617137,-2.510016183321846
188389372642279,-3.651299981362829,448,0.0600373091429332,-3.651299981362829
188542076809615,-2.160632762009885,182,0.0262838272188546,-2.160632762009885
188544898865953,-1.9438083737481229,972,0.0653429038617137,-1.9438083737481229
188916647794524,-1.937179902510553,342,0.0826456231190062,-1.937179902510553
188920573492944,-2.355273246760942,797,0.0489823470743429,-2.355273246760942
189114531728579,-1.865495070340133,555,0.0653429038617137,-1.865495070340133
189307292817273,-3.1642917101349375,735,0.1419958164752356,-3.1642917101349375
189356557754335,-2.4575778306832055,174,0.0262838272188546,-2.4575778306832055
189405017544285,-3.4877813153341255,498,0.1010329955898673,-3.4877813153341255
189500099499806,-3.4035282579783654,773,0.1419958164752356,-3.4035282579783654
189612115644481,-2.1511030406897875,172,0.0262838272188546,-2.1511030406897875
189664911968792,-2.736016012596879,685,0.1781219332485197,-2.736016012596879
189767072617513,-1.9501572775306075,713,0.0600373091429332,-1.9501572775306075
189773979590190,-2.0124074300064034,498,0.0489823470743429,-2.0124074300064034
189809863106036,-2.9742628215193774,994,0.0653429038617137,-2.9742628215193774
189853662339611,-1.6273787621266267,507,0.0262838272188546,-1.6273787621266267
189901990951973,-2.5274162567736442,684,0.0589460608531652,-2.5274162567736442
189931768323602,-3.0413561514256924,698,0.1419958164752356,-3.0413561514256924
189967841011290,-2.02170410524857,789,0.0600373091429332,-2.02170410524857
190012131450742,-2.8037131730217135,512,0.0600373091429332,-2.8037131730217135
190123407789367,-2.4394680648361553,300,0.0653429038617137,-2.4394680648361553
190167593289463,-2.3533734982539536,886,0.0653429038617137,-2.3533734982539536
190298623725928,-2.415619730037792,913,0.0600373091429332,-2.415619730037792
190506328384878,-2.806657259581539,182,0.0262838272188546,-2.806657259581539
190694642778381,-3.239672324377518,696,0.1419958164752356,-3.239672324377518
190779782002100,-2.8574289507847705,874,0.0489823470743429,-2.8574289507847705
190788792757573,-2.5906827724158408,301,0.0489823470743429,-2.5906827724158408
190796626810129,-3.554393643702019,657,0.1010329955898673,-3.554393643702019
190829409202652,-3.3747117387088155,701,0.1419958164752356,-3.3747117387088155
190907462373673,-2.529509045424239,940,0.0653429038617137,-2.529509045424239
190989813656910,-2.987241979428882,725,0.0653429038617137,-2.987241979428882
191064112064008,-1.7005112273159195,148,0.0262838272188546,-1.7005112273159195
191262954272410,-1.8763733004299479,148,0.0600373091429332,-1.8763733004299479
191583886188344,-2.160203823171496,807,0.0765432789165805,-2.160203823171496
191901280879268,-2.3969747448367107,986,0.0589460608531652,-2.3969747448367107
192012842275360,-2.838311957811358,929,0.043389653520373,-2.838311957811358
192252758064061,-2.8615635554592034,723,0.0600373091429332,-2.8615635554592034
192282872200392,-1.3845082430338331,375,0.0262838272188546,-1.3845082430338331
192475192170706,-1.5785200629527658,140,0.0262838272188546,-1.5785200629527658
192566668265526,-2.283735081864158,364,0.0653429038617137,-2.283735081864158
192612737488877,-2.7165100797287756,723,0.0826456231190062,-2.7165100797287756
192648796533630,-3.8481187792087432,734,0.1419958164752356,-3.8481187792087432
192771647393988,-2.322414224475362,907,0.0653429038617137,-2.322414224475362
192860619495930,-3.7777550039921795,509,0.1010329955898673,-3.7777550039921795
192895494803839,-2.6556008529389157,583,0.0653429038617137,-2.6556008529389157
192899391003457,-1.527322929893101,928,0.0826456231190062,-1.527322929893101
193110271702219,-2.6539573291136436,1006,0.0653429038617137,-2.6539573291136436
193227665354791,-2.313076160589126,962,0.0589460608531652,-2.313076160589126
193232956864901,-2.2753766253368393,907,0.0489823470743429,-2.2753766253368393
193304607250034,-1.7256560696907266,396,0.0262838272188546,-1.7256560696907266
193468879883265,-1.9120279171158587,593,0.0600373091429332,-1.9120279171158587
193489921268303,-2.081258763428705,671,0.0600373091429332,-2.081258763428705
193855765271761,-2.003029467584774,276,0.0826456231190062,-2.003029467584774
193965148837658,-2.0125967506647173,780,0.043389653520373,-2.0125967506647173
194014066381830,-1.5729391556574206,705,0.0600373091429332,-1.5729391556574206
194095416145785,-1.5604286677778072,938,0.0262838272188546,-1.5604286677778072
194230480230899,-0.5797047619893907,1002,0.0687563201086147,-0.5797047619893907
194355141137816,-3.8211467151582577,365,0.0826456231190062,-3.8211467151582577
194513254478283,-1.998920417052149,384,0.0262838272188546,-1.998920417052149
194594640821912,-1.9160082114740817,811,0.0653429038617137,-1.9160082114740817
194782613058463,-1.4829128610566273,461,0.0262838272188546,-1.4829128610566273
194881873659112,-2.1489096426374554,717,0.0653429038617137,-2.1489096426374554
194961385665304,-2.295048803337244,121,0.1419958164752356,-2.295048803337244
194987319095359,-3.248514526665675,220,0.1062563664002187,-3.248514526665675
195147325417342,-2.275419620548502,346,0.1781219332485197,-2.275419620548502
195233601609031,-1.4531751981303325,255,0.0262838272188546,-1.4531751981303325
195282308951590,-1.5719911720089477,247,0.0262838272188546,-1.5719911720089477
195300073118248,-3.3199403587606833,867,0.1010329955898673,-3.3199403587606833
195343614806418,-2.191209616482324,917,0.0672170763845647,-2.191209616482324
195370403261705,-3.425462339807907,180,0.1419958164752356,-3.425462339807907
195371453783357,-1.6403086019210518,140,0.0262838272188546,-1.6403086019210518
195454374096296,-2.473128658496428,297,0.0653429038617137,-2.473128658496428
195476361675897,-2.252097361176098,804,0.043389653520373,-2.252097361176098
195727149279034,-2.523927194255927,850,0.1781219332485197,-2.523927194255927
195894737682644,-2.637119174201114,99,0.0489823470743429,-2.637119174201114
195947062260022,-2.503665255054469,834,0.0653429038617137,-2.503665255054469
196003804146735,-0.08657840493744107,729,0.0687563201086147,-0.08657840493744107
196052038069516,-2.331212415140771,957,0.0600373091429332,-2.331212415140771
196076137853709,-2.0036414534857205,174,0.0262838272188546,-2.0036414534857205
196145403809982,-2.0461063772385333,917,0.043389653520373,-2.0461063772385333
196197258119184,-2.6121210681358025,384,0.0653429038617137,-2.6121210681358025
196219027062169,-3.171424764360796,612,0.1419958164752356,-3.171424764360796
196247256503948,-3.4905921579122627,800,0.2412374540535765,-3.4905921579122627
196272372272344,-1.6635101182612557,1059,0.0262838272188546,-1.6635101182612557
196358134409527,-2.068457037781002,281,0.0653429038617137,-2.068457037781002
196503536376650,-0.7585496173380888,180,0.0687563201086147,-0.7585496173380888
196576874469888,-2.2334416875418617,1046,0.0600373091429332,-2.2334416875418617
196589274934364,-2.7732208160101495,810,0.1010329955898673,-2.7732208160101495
196679799687689,-1.9613689383701778,245,0.0262838272188546,-1.9613689383701778
196787699681162,-3.9591514382508928,640,0.0489823470743429,-3.9591514382508928
196836486289552,-1.328041955236387,513,0.0262838272188546,-1.328041955236387
196888098010322,-1.7331625990169819,463,0.0262838272188546,-1.7331625990169819
197049000930149,-4.266746701988917,813,0.1419958164752356,-4.266746701988917
197197079475794,-2.3332607963622194,229,0.0653429038617137,-2.3332607963622194
197309312386423,-2.7805459113814743,925,0.0653429038617137,-2.7805459113814743
197426926724419,-2.0264883644961973,667,0.0600373091429332,-2.0264883644961973
197611772632475,-1.9964352377110925,134,0.0262838272188546,-1.9964352377110925
197621118429957,-1.596436105444694,468,0.043389653520373,-1.596436105444694
197771244903869,-2.0559509669697773,917,0.0600373091429332,-2.0559509669697773
198110483536946,-2.1853999612619384,293,0.0826456231190062,-2.1853999612619384
198130842253074,-2.839905871605944,584,0.1419958164752356,-2.839905871605944
198577425872056,-2.4719364297822817,212,0.0826456231190062,-2.4719364297822817
198630700742511,-1.5541996468103458,238,0.0765432789165805,-1.5541996468103458
198650608581953,-3.307189618373216,934,0.1010329955898673,-3.307189618373216
198754831073628,-2.7097880620043195,717,0.0600373091429332,-2.7097880620043195
198969780683138,-2.9219899464331323,377,0.1419958164752356,-2.9219899464331323
198989234815505,-2.3564361865561914,395,0.0653429038617137,-2.3564361865561914
199098460565909,-2.1015351909346682,792,0.0826456231190062,-2.1015351909346682
199341609203861,-2.1146152079234435,406,0.0489823470743429,-2.1146152079234435
199357876650801,-1.1447398627687972,1043,0.0262838272188546,-1.1447398627687972
199504662069309,-2.6828225585602223,883,0.0489823470743429,-2.6828225585602223
199550362855281,-1.1532580450895322,831,0.0262838272188546,-1.1532580450895322
199590086439241,-2.6483462931083555,497,0.1781219332485197,-2.6483462931083555
199899960281388,-1.3205103131465195,260,0.0262838272188546,-1.3205103131465195
199910853145970,-2.2777090601319725,911,0.0489823470743429,-2.2777090601319725
199914487744867,-2.7653584621556027,657,0.0489823470743429,-2.7653584621556027
199951061463503,-3.0307951283605594,495,0.0653429038617137,-3.0307951283605594
200065475773939,-1.3441518797896927,804,0.0826456231190062,-1.3441518797896927
200286906464690,-2.935850635551353,809,0.1419958164752356,-2.935850635551353
200303504394085,-2.1054953862421257,350,0.0262838272188546,-2.1054953862421257
200383840093964,-2.2220259420408826,323,0.1062563664002187,-2.2220259420408826
200394963658209,-2.7615502320570493,840,0.0826456231190062,-2.7615502320570493
200407220843751,-2.3080359768098058,212,0.0489823470743429,-2.3080359768098058
200434321298723,-1.7551387951502564,1023,0.0262838272188546,-1.7551387951502564
200434777183622,-2.6328849789277218,943,0.0589460608531652,-2.6328849789277218
200452301047428,-2.561781397169246,794,0.0653429038617137,-2.561781397169246
200499243215408,-2.030452464751843,756,0.0489823470743429,-2.030452464751843
200531207041942,-3.427452983037775,516,0.1419958164752356,-3.427452983037775
200551845884943,-2.6548246022753297,263,0.0262838272188546,-2.6548246022753297
200831613914288,-0.620220226509743,924,0.0687563201086147,-0.620220226509743
200878676616649,-1.9345416661462744,336,0.0600373091429332,-1.9345416661462744
200966160233429,-2.1078770934075632,219,0.0653429038617137,-2.1078770934075632
201121983432016,-2.164573933706709,378,0.0653429038617137,-2.164573933706709
201359009283394,-3.34874858892473,329,0.0653429038617137,-3.34874858892473
201395881801089,-1.4631548424517373,25,0.0262838272188546,-1.4631548424517373
201439146154301,-1.644321168616746,260,0.0262838272188546,-1.644321168616746
201545469908891,-1.8387836014061925,551,0.0489823470743429,-1.8387836014061925
201762283033909,-3.111481287507802,438,0.1419958164752356,-3.111481287507802
201789241400226,-1.189361835637882,257,0.0452023071381502,-1.189361835637882
201903148075959,-3.2573046711361084,348,0.1419958164752356,-3.2573046711361084
201947197838358,-2.056436557306044,695,0.0589460608531652,-2.056436557306044
202082781094974,-2.850842568731701,984,0.0653429038617137,-2.850842568731701
202286836886376,-3.2249764668852876,489,0.1419958164752356,-3.2249764668852876
202358566063158,-1.9565005528098056,603,0.0262838272188546,-1.9565005528098056
202373258973648,-2.0869539984745193,519,0.0765432789165805,-2.0869539984745193
202412304949177,-1.8719139289250457,795,0.0489823470743429,-1.8719139289250457
202498930410110,-1.6412516198821243,545,0.0826456231190062,-1.6412516198821243
202569340456637,-0.09675252202128204,716,0.0687563201086147,-0.09675252202128204
202578540560897,-2.1661170819968896,153,0.0262838272188546,-2.1661170819968896
202926279592062,-2.6655251177584045,898,0.0653429038617137,-2.6655251177584045
202959285352840,-2.711225417190132,377,0.0262838272188546,-2.711225417190132
203068863568630,-3.778008972248099,834,0.1419958164752356,-3.778008972248099
203116466308448,-2.3754951762199012,656,0.0600373091429332,-2.3754951762199012
203118947140292,-1.1431996613039785,276,0.0262838272188546,-1.1431996613039785
203225434729566,-1.8526357538546288,172,0.0262838272188546,-1.8526357538546288
203295642736114,-2.556430765176617,965,0.0600373091429332,-2.556430765176617
203326185571847,-2.288279991302222,177,0.0600373091429332,-2.288279991302222
203489001739870,-2.779168982686969,992,0.0653429038617137,-2.779168982686969
203632289765211,-1.3419933187073034,950,0.0262838272188546,-1.3419933187073034
203750956869687,0.4921368655501318,475,0.0687563201086147,0.0
203770607017814,-3.5464997100909263,837,0.1419958164752356,-3.5464997100909263
203821998149337,-1.7765496160502106,438,0.0262838272188546,-1.7765496160502106
203830366559470,-3.814683269818991,969,0.1419958164752356,-3.814683269818991
204056159428048,-2.178131652542259,839,0.0589460608531652,-2.178131652542259
204187827089283,-3.0521989755064345,804,0.1419958164752356,-3.0521989755064345
204309622985760,-2.1581947142290017,906,0.0653429038617137,-2.1581947142290017
204342988700328,-0.8457171030911511,741,0.0687563201086147,-0.8457171030911511
204722968424737,-1.386153257563473,226,0.0262838272188546,-1.386153257563473
204781168697788,-2.5775322158366025,918,0.0600373091429332,-2.5775322158366025
204784549381122,-2.709912432619455,376,0.0826456231190062,-2.709912432619455
204805912778231,-2.0549034822712406,809,0.0826456231190062,-2.0549034822712406
204891732223647,-2.5008263136442315,196,0.0600373091429332,-2.5008263136442315
204897880874897,-2.9663411296412723,750,0.1419958164752356,-2.9663411296412723
205005268225614,-2.6205930414503373,786,0.0600373091429332,-2.6205930414503373
205185961952845,-1.45993568749941,938,0.0452023071381502,-1.45993568749941
205232443436921,-2.047664887610082,232,0.0262838272188546,-2.047664887610082
205422071711431,-3.6708556757139434,390,0.0653429038617137,-3.6708556757139434
205440921661025,-2.086761414269066,506,0.1062563664002187,-2.086761414269066
205569649120227,-1.2520703276121248,807,0.0765432789165805,-1.2520703276121248
205802306768866,-2.0405517409081906,340,0.0262838272188546,-2.0405517409081906
205806395416651,-1.5345811834191327,641,0.0262838272188546,-1.5345811834191327
205902542998855,-3.6251563428646967,820,0.1010329955898673,-3.6251563428646967
206066363785645,-2.100316751572062,801,0.0826456231190062,-2.100316751572062
206092909074210,-1.7917041953253103,169,0.0262838272188546,-1.7917041953253103
206231826739039,-2.7488563656263354,522,0.1010329955898673,-2.7488563656263354
206301543900786,-1.8907933736188798,801,0.0489823470743429,-1.8907933736188798
206460238654396,-1.641495947235133,669,0.0589460608531652,-1.641495947235133
206469256249904,-2.5335030681496273,276,0.0653429038617137,-2.5335030681496273
206494889865216,-2.824519143634317,1006,0.0653429038617137,-2.824519143634317
206588702623159,-1.6245779915512004,421,0.0589460608531652,-1.6245779915512004
206871238538442,-2.515629480765573,826,0.1419958164752356,-2.515629480765573
206999846838170,-2.392350311251625,660,0.0653429038617137,-2.392350311251625
207172975140146,-1.6700305862089595,399,0.0765432789165805,-1.6700305862089595
207191349090000,-2.2514654227371285,892,0.0653429038617137,-2.2514654227371285
207253220378593,-1.64585423456781,802,0.0489823470743429,-1.64585423456781
207352272480883,-2.746795564092364,668,0.0600373091429332,-2.746795564092364
207601935502170,-1.0310236382559577,311,0.0262838272188546,-1.0310236382559577
207857783001199,-1.474431911545854,495,0.0262838272188546,-1.474431911545854
207923167266989,-2.005899250057036,544,0.0262838272188546,-2.005899250057036
207958797786121,-2.6246839930444352,358,0.0489823470743429,-2.6246839930444352
207973439231826,-2.7223164180760584,721,0.0653429038617137,-2.7223164180760584
207995429454412,-2.1029567905875703,191,0.0600373091429332,-2.1029567905875703
208133973481650,-2.948430527142617,335,0.0262838272188546,-2.948430527142617
208156472656002,-2.0939338059742068,821,0.0765432789165805,-2.0939338059742068
208201507135881,-3.7222263688127315,897,0.1419958164752356,-3.7222263688127315
208217315863442,-2.4549224065716713,771,0.0653429038617137,-2.4549224065716713
208230863528684,-2.8086910679132133,363,0.0765432789165805,-2.8086910679132133
208283314508376,-4.6260792029873254,805,0.0489823470743429,-4.6260792029873254
208373850794289,-2.480323719687495,550,0.0653429038617137,-2.480323719687495
208611751440694,-2.8836395796521286,610,0.0826456231190062,-2.8836395796521286
208632894113034,-1.7455115386068787,298,0.0262838272188546,-1.7455115386068787
208661846065675,-2.0015508098684456,469,0.0687563201086147,-2.0015508098684456
208706960144210,-2.44663808270893,293,0.0489823470743429,-2.44663808270893
208839644178623,-2.41020723517499,957,0.1781219332485197,-2.41020723517499
208849169352504,-2.0945598087791026,345,0.0600373091429332,-2.0945598087791026
208894948692046,-2.2303417793619307,584,0.0589460608531652,-2.2303417793619307
208995719616969,-3.4655168317962053,562,0.1010329955898673,-3.4655168317962053
209072991211592,-3.242933525310262,190,0.1419958164752356,-3.242933525310262
209114237970493,-3.740786671878058,506,0.0653429038617137,-3.740786671878058
209138109162977,-1.3217275381419973,458,0.0262838272188546,-1.3217275381419973
209374349417962,-2.3222444328066056,170,0.0653429038617137,-2.3222444328066056
209756088786849,-1.9624141322591895,335,0.0262838272188546,-1.9624141322591895
210004706971224,-2.2622765916816845,298,0.0653429038617137,-2.2622765916816845
210069178260288,-3.7823630833104067,803,0.1419958164752356,-3.7823630833104067
210463929371547,-2.5605926555788705,306,0.0262838272188546,-2.5605926555788705
210465335404416,-2.108598617358308,340,0.0262838272188546,-2.108598617358308
210516949400061,-1.7633602254601382,340,0.0262838272188546,-1.7633602254601382
210522476490349,-1.4841437450520873,906,0.0262838272188546,-1.4841437450520873
210629817338432,-1.591964033419086,1055,0.0262838272188546,-1.591964033419086
210991462392397,-2.0419032684404925,365,0.0262838272188546,-2.0419032684404925
211140711706667,-2.475623623874268,174,0.0262838272188546,-2.475623623874268
211295976155929,-3.706614711915999,590,0.1419958164752356,-3.706614711915999
211407803686756,-1.6782441878814416,1064,0.0672170763845647,-1.6782441878814416
211499937091945,-2.1592888340125134,804,0.0600373091429332,-2.1592888340125134
211590771013236,-2.493105878476012,668,0.1062563664002187,-2.493105878476012
211797830943338,-2.1403440686057813,835,0.0489823470743429,-2.1403440686057813
211868319629690,-1.813235058829619,765,0.0262838272188546,-1.813235058829619
212286593780320,-1.6753370377514534,669,0.0262838272188546,-1.6753370377514534
212335951089404,-2.6132393949225134,294,0.0653429038617137,-2.6132393949225134
212359210428973,-2.2152961453337467,325,0.0489823470743429,-2.2152961453337467
212573777024616,-2.855736481068999,304,0.0653429038617137,-2.855736481068999
212588199869931,-2.8043474441207783,825,0.0489823470743429,-2.8043474441207783
212630756802255,-2.2426302850289925,366,0.0653429038617137,-2.2426302850289925
212715262640930,-2.16677873663077,759,0.0653429038617137,-2.16677873663077
212918508874439,-2.11535487310652,811,0.043389653520373,-2.11535487310652
212977385322722,-3.0448357903166814,1029,0.0489823470743429,-3.0448357903166814
213101881351856,-3.6742089332645698,667,0.1010329955898673,-3.6742089332645698
213124442448250,-2.280969087701106,914,0.0672170763845647,-2.280969087701106
213155150086388,-2.232175055747634,847,0.0589460608531652,-2.232175055747634
213192533946200,-2.084030239604933,904,0.0826456231190062,-2.084030239604933
213208340176149,-2.837386905607556,833,0.1781219332485197,-2.837386905607556
213235369519183,-2.2685558116873694,893,0.0489823470743429,-2.2685558116873694
213236844242319,-3.3018340857062087,406,0.1010329955898673,-3.3018340857062087
213331178818392,-1.8249331004958806,184,0.0653429038617137,-1.8249331004958806
213349118036031,-2.4268788325023425,715,0.0653429038617137,-2.4268788325023425
213462433260983,-4.698547823698889,256,0.0589460608531652,-4.698547823698889
213490880032905,-1.7899400638865304,57,0.0653429038617137,-1.7899400638865304
213629717562327,-2.54992887347309,831,0.0765432789165805,-2.54992887347309
213890514179890,-3.102700894972542,694,0.1419958164752356,-3.102700894972542
213927386834390,-3.512791011807031,145,0.0262838272188546,-3.512791011807031
213970775833980,-1.7881361798297095,469,0.0262838272188546,-1.7881361798297095
214525450661521,-3.471052299642918,639,0.1419958164752356,-3.471052299642918
214537856349442,-1.4626852314339043,1064,0.0672170763845647,-1.4626852314339043
214580471264559,-2.264058071793228,540,0.0489823470743429,-2.264058071793228
214608178073133,-1.9944821004243496,510,0.1062563664002187,-1.9944821004243496
214626633779891,-1.7577533170362791,655,0.0262838272188546,-1.7577533170362791
214718903327919,-2.9669457043107883,522,0.1010329955898673,-2.9669457043107883
214741760751120,-1.6432754403150314,182,0.0262838272188546,-1.6432754403150314
214742606508973,-2.8354798509961117,190,0.0262838272188546,-2.8354798509961117
214815396948475,-2.95890716024935,237,0.0826456231190062,-2.95890716024935
214824492607522,-2.138955643086189,642,0.0600373091429332,-2.138955643086189
214919223070503,-1.6130289407406004,1065,0.0672170763845647,-1.6130289407406004
214920506192940,-1.250890765510444,25,0.0262838272188546,-1.250890765510444
214990236586547,-1.4673870161527887,417,0.0262838272188546,-1.4673870161527887
215092488895240,-3.1651824483861426,834,0.1010329955898673,-3.1651824483861426
215413123942023,-2.6608556378180603,358,0.0653429038617137,-2.6608556378180603
215550863075811,-2.0308611237644896,920,0.0600373091429332,-2.0308611237644896
215562733869522,-1.5388453942782965,541,0.0262838272188546,-1.5388453942782965
215645051309996,-0.7551936627783301,48,0.0687563201086147,-0.7551936627783301
215685918849616,-2.153324172422571,698,0.043389653520373,-2.153324172422571
215776386515910,-2.576022855751435,174,0.0489823470743429,-2.576022855751435
215798249882287,-2.437346251064845,147,0.0653429038617137,-2.437346251064845
215864386572015,-2.2840692731718937,837,0.043389653520373,-2.2840692731718937
215867180259153,-2.3381752767843733,108,0.0600373091429332,-2.3381752767843733
215879740784576,-2.031514448200407,217,0.0765432789165805,-2.031514448200407
216143634063286,-1.8281572812616376,383,0.0489823470743429,-1.8281572812616376
216188503886687,-2.1500198584095913,932,0.043389653520373,-2.1500198584095913
216273537877886,-2.9186581110766543,338,0.0262838272188546,-2.9186581110766543
216361572479715,-0.449363287858224,803,0.0687563201086147,-0.449363287858224
216385239543507,-1.723563858627993,405,0.0489823470743429,-1.723563858627993
216429057873604,-4.602372826320282,938,0.0653429038617137,-4.602372826320282
216477866474585,-2.045219632719211,250,0.0672170763845647,-2.045219632719211
216496028089886,-1.7690711762147868,675,0.0600373091429332,-1.7690711762147868
216545368536971,-0.8882374136868809,116,0.0687563201086147,-0.8882374136868809
216554728321139,-1.5451216783242498,414,0.0589460608531652,-1.5451216783242498
216826437510779,-2.0939641437223773,879,0.1062563664002187,-2.0939641437223773
216881828038146,-3.138669911053234,994,0.1781219332485197,-3.138669911053234
216885186720544,-1.6831976773012434,838,0.0600373091429332,-1.6831976773012434
217087643646402,-2.499622325146126,917,0.0600373091429332,-2.499622325146126
217235468274178,-2.241510100611279,428,0.1062563664002187,-2.241510100611279
217245011780127,-3.817826198253875,456,0.0826456231190062,-3.817826198253875
217274233545599,-2.061552341425645,170,0.0653429038617137,-2.061552341425645
217277067349148,-3.365536068731362,726,0.1419958164752356,-3.365536068731362
217374139228294,-1.6196183654929643,780,0.0262838272188546,-1.6196183654929643
217417184316879,-1.9519972828660792,632,0.0765432789165805,-1.9519972828660792
217516047981029,-1.501965526506924,934,0.043389653520373,-1.501965526506924
217641917333340,-1.7150528899167425,303,0.0262838272188546,-1.7150528899167425
217682667837055,-2.4817588829469943,833,0.0653429038617137,-2.4817588829469943
217783154279216,-2.3926162271470104,725,0.0653429038617137,-2.3926162271470104
217869737728023,-3.0767374717709615,194,0.0489823470743429,-3.0767374717709615
217974836952127,-2.0180797159691393,607,0.1062563664002187,-2.0180797159691393
218060537163835,-2.7582539368335905,348,0.0489823470743429,-2.7582539368335905
218069087495573,-2.606624339772608,158,0.0600373091429332,-2.606624339772608
218087575672262,-2.783665456742969,811,0.043389653520373,-2.783665456742969
218288726166563,-2.0273290757334035,159,0.0262838272188546,-2.0273290757334035
218467466723115,-2.0489566890039663,830,0.0672170763845647,-2.0489566890039663
218514845341453,-2.0203659492928203,783,0.0489823470743429,-2.0203659492928203
219065055793150,-1.8150630985979772,216,0.0765432789165805,-1.8150630985979772
219289587894359,-1.4556732044924834,332,0.0765432789165805,-1.4556732044924834
219432927150383,-1.985486972576589,493,0.0589460608531652,-1.985486972576589
219546115414796,-1.6315547984007825,540,0.0262838272188546,-1.6315547984007825
219626549476043,-2.727796153130158,390,0.0653429038617137,-2.727796153130158
219670696325073,-1.3765899396051187,540,0.0262838272188546,-1.3765899396051187
219820037295230,-2.2641826477489126,941,0.0600373091429332,-2.2641826477489126
219920256408182,-3.4174023749869704,141,0.1419958164752356,-3.4174023749869704
220133816607243,-1.703306781172831,424,0.0262838272188546,-1.703306781172831
220138751199696,-3.274080780025746,622,0.1010329955898673,-3.274080780025746
220272398836685,-1.4919957481749333,930,0.043389653520373,-1.4919957481749333
220585278700996,-3.2844861986935894,800,0.1010329955898673,-3.2844861986935894
220656341027182,-2.037112156944585,840,0.0589460608531652,-2.037112156944585
220675156134839,-1.0048725034003385,639,0.0687563201086147,-1.0048725034003385
220705800927095,-1.9170105112477116,340,0.0262838272188546,-1.9170105112477116
220732636744901,-2.2094957391391032,270,0.0765432789165805,-2.2094957391391032
220764657729757,-2.2519000016434996,874,0.0600373091429332,-2.2519000016434996
220786490302742,-1.6363585345205431,1043,0.0262838272188546,-1.6363585345205431
220839809106545,-1.9765217710569927,804,0.0600373091429332,-1.9765217710569927
220967770931886,-3.2375638605778545,132,0.1419958164752356,-3.2375638605778545
221054566297739,-2.0647089304981314,493,0.0589460608531652,-2.0647089304981314
221105044452540,-2.6499311194264394,403,0.1781219332485197,-2.6499311194264394
221414298770311,-2.6099105646825778,242,0.0489823470743429,-2.6099105646825778
221435998675567,-2.7010031352682797,471,0.0262838272188546,-2.7010031352682797
221450453947350,-2.3750709527274774,612,0.0600373091429332,-2.3750709527274774
221459716340118,-2.1169367572996265,219,0.0262838272188546,-2.1169367572996265
221499228776005,-3.1061980518217416,203,0.0262838272188546,-3.1061980518217416
221648085631332,-2.304164161896803,124,0.0489823470743429,-2.304164161896803
221677164926276,-2.1234301155383424,182,0.0262838272188546,-2.1234301155383424
221936857866892,-3.4925447298644885,368,0.0826456231190062,-3.4925447298644885
221972753085993,-1.9270960169516467,927,0.043389653520373,-1.9270960169516467
222312799756509,-2.7040862088254696,857,0.0653429038617137,-2.7040862088254696
222340128185234,-2.5936872513345226,976,0.0653429038617137,-2.5936872513345226
222363166634578,-1.9205087093277933,786,0.0765432789165805,-1.9205087093277933
222434064907901,-2.7145072520658875,933,0.043389653520373,-2.7145072520658875
222503203663012,-1.8113678796376802,392,0.0262838272188546,-1.8113678796376802
222506262191193,-1.368649802419285,247,0.0262838272188546,-1.368649802419285
222686229891024,-2.718178895228845,756,0.1781219332485197,-2.718178895228845
222690800322214,-1.402696304829597,647,0.0262838272188546,-1.402696304829597
222726344779931,-1.8517774339602955,836,0.0672170763845647,-1.8517774339602955
222759424742819,-2.0295052319366453,873,0.0672170763845647,-2.0295052319366453
222836931647198,-2.4316775086295372,889,0.0489823470743429,-2.4316775086295372
222911975893260,-3.6143647348571477,444,0.1010329955898673,-3.6143647348571477
223038319076073,-1.9830000815194169,501,0.0489823470743429,-1.9830000815194169
223091722352012,-3.740563544037748,480,0.0489823470743429,-3.740563544037748
223092578644750,-3.203710775376958,932,0.1419958164752356,-3.203710775376958
223349638490707,-1.6489875274619243,540,0.0262838272188546,-1.6489875274619243
223555751970975,-2.370413055980806,681,0.0489823470743429,-2.370413055980806
223574371527274,-2.3793493558454726,715,0.043389653520373,-2.3793493558454726
223580265422335,-3.2450724826384447,694,0.1010329955898673,-3.2450724826384447
223583915745610,-0.36841667032545156,871,0.0687563201086147,-0.36841667032545156
223725631868177,-1.3412103331544032,695,0.0452023071381502,-1.3412103331544032
223896993818396,-3.27565118149103,348,0.0489823470743429,-3.27565118149103
224157984085149,-1.8275422859408057,210,0.0262838272188546,-1.8275422859408057
224168963060410,-2.4922945979112554,959,0.0262838272188546,-2.4922945979112554
224379213048008,-2.778122679776581,794,0.0600373091429332,-2.778122679776581
224446252527110,-1.862912723068582,732,0.0600373091429332,-1.862912723068582
224625134937410,-3.394096387940407,470,0.1419958164752356,-3.394096387940407
224726400883037,-1.8893361316433135,219,0.0653429038617137,-1.8893361316433135
224785681040185,-0.3893546139807629,743,0.0687563201086147,-0.3893546139807629
224924584651725,-3.034686946683342,442,0.0489823470743429,-3.034686946683342
224944196188602,-3.1200759312339543,444,0.0765432789165805,-3.1200759312339543
224967847317305,-2.5194570236394194,706,0.0600373091429332,-2.5194570236394194
225071168209981,-3.778673556076348,901,0.0489823470743429,-3.778673556076348
225193567899707,-3.92314349661695,808,0.0600373091429332,-3.92314349661695
225327220533995,-3.349945137424879,218,0.1781219332485197,-3.349945137424879
225348730806166,-1.7801289003288479,504,0.0672170763845647,-1.7801289003288479
225445056521866,-2.5930935647616753,709,0.1419958164752356,-2.5930935647616753
225603725708750,-2.081090115030741,721,0.0826456231190062,-2.081090115030741
225627462860909,-2.2812919188450462,802,0.0489823470743429,-2.2812919188450462
225647898250534,-2.1770192604258165,89,0.0600373091429332,-2.1770192604258165
225700576989048,-1.9451732877009809,818,0.0600373091429332,-1.9451732877009809
225852146365268,-2.4905444658112517,791,0.0600373091429332,-2.4905444658112517
225886641249898,-4.6639716965801465,825,0.1419958164752356,-4.6639716965801465
225890208073301,-3.1013163058602493,390,0.2412374540535765,-3.1013163058602493
225927205735785,-1.9059210721546287,739,0.0600373091429332,-1.9059210721546287
225928783089682,-2.371021462565978,1029,0.0600373091429332,-2.371021462565978
225950839895348,-1.284451202907643,496,0.0489823470743429,-1.284451202907643
225989315201494,-1.5700984994984923,305,0.0262838272188546,-1.5700984994984923
225990138262107,-2.0025940470739876,723,0.0672170763845647,-2.0025940470739876
226043324470337,-2.194479372439605,292,0.0826456231190062,-2.194479372439605
226211086291457,-3.098241931197801,941,0.0600373091429332,-3.098241931197801
226442293427903,-1.5217853082574913,884,0.0262838272188546,-1.5217853082574913
226454235423020,-2.357025980319576,820,0.043389653520373,-2.357025980319576
226479481135377,-2.112718519364308,722,0.0826456231190062,-2.112718519364308
226561380026334,-2.2491009121414995,357,0.0262838272188546,-2.2491009121414995
226619545554591,-0.7700427448731918,698,0.0452023071381502,-0.7700427448731918
226684679854718,-2.793511699904024,1046,0.0600373091429332,-2.793511699904024
226696851061637,-2.2103853300257374,144,0.0653429038617137,-2.2103853300257374
226721573417409,-1.905781336977074,1070,0.0262838272188546,-1.905781336977074
226797631892088,-0.5418702728939921,545,0.0687563201086147,-0.5418702728939921
226836511614723,-2.9634177962823522,657,0.0653429038617137,-2.9634177962823522
227038015727063,-2.2690536321490535,335,0.1062563664002187,-2.2690536321490535
227118363413555,-2.0913111463772647,798,0.0589460608531652,-2.0913111463772647
227155204593128,-2.9435759857335753,166,0.0600373091429332,-2.9435759857335753
227315835050470,-3.047424969931507,1006,0.0653429038617137,-3.047424969931507
227418228646009,-2.3338125616393595,854,0.0653429038617137,-2.3338125616393595
227489380897240,-2.856680013290709,920,0.043389653520373,-2.856680013290709
227498427409731,-1.2539989060462904,431,0.0262838272188546,-1.2539989060462904
227619423520325,-2.4768735742943773,742,0.0600373091429332,-2.4768735742943773
227696505217549,-2.048681309872781,771,0.0653429038617137,-2.048681309872781
227797703171728,-1.8217018575881776,481,0.0262838272188546,-1.8217018575881776
227823595829373,-2.4136848935531217,542,0.0826456231190062,-2.4136848935531217
227863831614408,-1.9686496834153728,744,0.0765432789165805,-1.9686496834153728
227893104644055,-3.8321373669586425,900,0.0600373091429332,-3.8321373669586425
227939764543732,-2.2534196791152206,563,0.0653429038617137,-2.2534196791152206
227946454629027,-0.933869641531155,794,0.0687563201086147,-0.933869641531155
228176744991707,-4.055880617813158,782,0.1419958164752356,-4.055880617813158
228221155027483,-2.696905613283711,859,0.0653429038617137,-2.696905613283711
228242983822015,-2.369336554502511,936,0.0653429038617137,-2.369336554502511
228271347429811,-2.817770136758116,709,0.0826456231190062,-2.817770136758116
228313132843940,-2.2946360992453902,604,0.0653429038617137,-2.2946360992453902
228633936708726,-0.595424046504939,692,0.0687563201086147,-0.595424046504939
228755825764127,-2.651874944113767,831,0.0600373091429332,-2.651874944113767
228760116606885,-3.489312010008649,633,0.1010329955898673,-3.489312010008649
228932435522843,-1.731857949357772,856,0.0600373091429332,-1.731857949357772
228979325541945,-2.435255334945721,854,0.0589460608531652,-2.435255334945721
229122726210360,-2.6330729102048682,703,0.0600373091429332,-2.6330729102048682
229177862503619,-2.441927757752768,214,0.0262838272188546,-2.441927757752768
229408434568855,-1.4246823820369332,606,0.043389653520373,-1.4246823820369332
229489756010420,-2.5974667257568287,645,0.0600373091429332,-2.5974667257568287
229498137325741,-3.0040807237478195,367,0.0262838272188546,-3.0040807237478195
229530135277392,-2.038924168348724,631,0.0589460608531652,-2.038924168348724
229755401595915,-2.130427264900846,765,0.0489823470743429,-2.130427264900846
229756920428943,-1.9048988597752743,225,0.0262838272188546,-1.9048988597752743
229766603474306,-2.4988437100203846,649,0.1781219332485197,-2.4988437100203846
229844485949139,-2.7607136488410284,517,0.0672170763845647,-2.7607136488410284
229971938193995,-2.694347164879697,404,0.0600373091429332,-2.694347164879697
230094575888656,-2.42744317402335,218,0.0489823470743429,-2.42744317402335
230148732147853,-1.8878731661346184,991,0.0653429038617137,-1.8878731661346184
230404099404235,-1.4814352124930723,790,0.043389653520373,-1.4814352124930723
230514194491857,-2.264101922214124,824,0.0653429038617137,-2.264101922214124
230823210253109,-2.9365568147211403,723,0.1010329955898673,-2.9365568147211403
230941828482534,-1.4512897839773642,317,0.0262838272188546,-1.4512897839773642
231058944509861,-2.9702440550298204,421,0.0489823470743429,-2.9702440550298204
231070086715751,-1.8658058526156172,502,0.0653429038617137,-1.8658058526156172
231080845353616,-2.073039048737061,288,0.0262838272188546,-2.073039048737061
231157230315109,-3.3019558197655297,741,0.1010329955898673,-3.3019558197655297
231239159491928,-1.820263231221051,567,0.0600373091429332,-1.820263231221051
231320324933583,-2.8641587821466983,456,0.0600373091429332,-2.8641587821466983
231329126187581,-2.2417081801325676,182,0.0262838272188546,-2.2417081801325676
231360605242366,-1.4069535954519625,463,0.0262838272188546,-1.4069535954519625
231395848729199,-3.470498982372642,593,0.1419958164752356,-3.470498982372642
231574626945253,-3.4563593860141593,53,0.2412374540535765,-3.4563593860141593
231594606485869,-2.638043766296078,867,0.0653429038617137,-2.638043766296078
231630093951941,-2.4608675303837195,822,0.0600373091429332,-2.4608675303837195
231682027662660,-2.3438074670918523,767,0.0489823470743429,-2.3438074670918523
231742782865803,-2.531753461619028,275,0.0653429038617137,-2.531753461619028
231744558605713,-2.578296895845151,426,0.1781219332485197,-2.578296895845151
231903116515667,-1.5518358276848891,956,0.0589460608531652,-1.5518358276848891
232221603761429,-4.444475368074923,797,0.1419958164752356,-4.444475368074923
232293900631196,-1.7082320428023532,894,0.0826456231190062,-1.7082320428023532
232337232737743,-1.1290586841854644,409,0.0600373091429332,-1.1290586841854644
232542031863036,-1.9459209410440759,872,0.0653429038617137,-1.9459209410440759
232643343597284,-2.1711935489908583,342,0.0826456231190062,-2.1711935489908583
232900551522276,-2.920127093196636,781,0.1419958164752356,-2.920127093196636
232925954207597,-0.5020541508729168,771,0.0687563201086147,-0.5020541508729168
232973103503653,-2.394575084843197,749,0.043389653520373,-2.394575084843197
232999829619926,-3.0577919916215808,807,0.0600373091429332,-3.0577919916215808
233065069382841,-4.236520297454955,727,0.2412374540535765,-4.236520297454955
233077853862693,-2.3937958669733983,758,0.0600373091429332,-2.3937958669733983
233178993358812,-2.0383872913285352,576,0.0600373091429332,-2.0383872913285352
233182540777858,-1.8020441313005768,514,0.0765432789165805,-1.8020441313005768
233383153405343,-1.5281077988471794,403,0.0262838272188546,-1.5281077988471794
233542442555838,-1.9629250346177396,343,0.0262838272188546,-1.9629250346177396
233603311531090,-3.2681536971967264,168,0.1419958164752356,-3.2681536971967264
233692453704544,-2.0499915507691564,240,0.0653429038617137,-2.0499915507691564
233711459313654,-2.2165859837903152,480,0.0765432789165805,-2.2165859837903152
233734572173703,-2.0021277696917688,365,0.0262838272188546,-2.0021277696917688
233757668580924,-2.504474793774458,835,0.0653429038617137,-2.504474793774458
233795642661162,-3.7712927274086283,475,0.1419958164752356,-3.7712927274086283
233803777267054,-1.7039007896251754,175,0.0262838272188546,-1.7039007896251754
233919830437569,-2.2801534314724092,713,0.0653429038617137,-2.2801534314724092
233950557264556,-2.739012720365739,909,0.0489823470743429,-2.739012720365739
234095477953271,-1.815432619893025,155,0.0765432789165805,-1.815432619893025
234492848534654,-2.0335663250350455,977,0.0262838272188546,-2.0335663250350455
234510306832857,-1.3208443736551394,229,0.0262838272188546,-1.3208443736551394
234592071008764,-2.4059342782364164,939,0.0826456231190062,-2.4059342782364164
234605401484709,-3.2702266428076308,786,0.0600373091429332,-3.2702266428076308
234622465035017,-3.3796296311257144,727,0.0600373091429332,-3.3796296311257144
234649803809926,-1.6937968730971098,1054,0.0262838272188546,-1.6937968730971098
234813707960016,-2.128646579934064,438,0.0262838272188546,-2.128646579934064
235030484434692,-3.0960346183031957,827,0.0826456231190062,-3.0960346183031957
235096052488924,-2.065229825856537,756,0.0826456231190062,-2.065229825856537
235257438492893,-0.33439072211526977,579,0.0687563201086147,-0.33439072211526977
235392656828971,-1.7557036389781997,290,0.0262838272188546,-1.7557036389781997
235417835452754,-2.578976527244064,304,0.0653429038617137,-2.578976527244064
235472257724057,-2.3261435303424314,765,0.0489823470743429,-2.3261435303424314
235512327130464,-3.450591182370613,820,0.1010329955898673,-3.450591182370613
235539927718524,-2.09660986281514,799,0.0262838272188546,-2.09660986281514
235590794341662,-1.4642623799956809,1057,0.0452023071381502,-1.4642623799956809
235622030712152,-2.147021585712055,662,0.1781219332485197,-2.147021585712055
235627130903047,-2.534763837982237,276,0.0600373091429332,-2.534763837982237
236035347171339,-2.415121283643884,786,0.0600373091429332,-2.415121283643884
236227283746966,-2.4300827120052566,520,0.0262838272188546,-2.4300827120052566
236306745831323,-1.6627212432899237,802,0.0489823470743429,-1.6627212432899237
236377993236385,-2.133739291186737,541,0.0262838272188546,-2.133739291186737
236399433997509,-1.7697669938715328,1043,0.0262838272188546,-1.7697669938715328
236606589502154,-3.4685588194175874,657,0.1010329955898673,-3.4685588194175874
236716477392087,-2.4834376785893513,903,0.1781219332485197,-2.4834376785893513
236736047927002,-1.9091769046736378,746,0.0653429038617137,-1.9091769046736378
236749804783559,-2.5351587628580345,739,0.0589460608531652,-2.5351587628580345
236896570000629,-1.697297769754142,149,0.0262838272188546,-1.697297769754142
237087986828394,-2.349501837915167,934,0.1781219332485197,-2.349501837915167
237278524128389,-2.073871406617107,841,0.043389653520373,-2.073871406617107
237284627733157,-1.9114418857052944,365,0.0262838272188546,-1.9114418857052944
237297185163901,-2.3819069457642854,542,0.0826456231190062,-2.3819069457642854
237300165927656,-2.299292601413394,1006,0.0653429038617137,-2.299292601413394
237524618826456,-0.33438686878521584,670,0.0687563201086147,-0.33438686878521584
237682355056515,-3.629465845698249,803,0.1419958164752356,-3.629465845698249
237697386156943,-2.683737029236355,365,0.0262838272188546,-2.683737029236355
237715891341319,-3.163284365759176,594,0.1419958164752356,-3.163284365759176
237753328512171,-1.5858931154686677,753,0.0262838272188546,-1.5858931154686677
237928487401281,-1.8774660867481012,644,0.0489823470743429,-1.8774660867481012
238090312839498,-3.9046680297414387,807,0.1419958164752356,-3.9046680297414387
238200344240848,-1.8807823906312078,819,0.0262838272188546,-1.8807823906312078
238240698527267,-2.530363576054612,672,0.1062563664002187,-2.530363576054612
238416057991978,-0.6746737219374317,530,0.0687563201086147,-0.6746737219374317
238502484589247,-0.30938193485543153,86,0.0687563201086147,-0.30938193485543153
238855574151634,-3.733064374884181,806,0.2412374540535765,-3.733064374884181
238902665928055,-3.1222443393757833,666,0.0826456231190062,-3.1222443393757833
239148993084472,-1.8767857428234205,501,0.0489823470743429,-1.8767857428234205
239171034887123,-1.7904881839836517,938,0.0489823470743429,-1.7904881839836517
239190288121081,-1.929783157179691,507,0.0262838272188546,-1.929783157179691
239297160577259,-0.6683896852231875,110,0.0687563201086147,-0.6683896852231875
239352868912997,-2.1165433944364804,918,0.0653429038617137,-2.1165433944364804
239588604257690,-2.142511908027055,493,0.0589460608531652,-2.142511908027055
239673982891983,-2.3164993671996714,777,0.0600373091429332,-2.3164993671996714
239706175148528,-0.4116319780377182,800,0.0452023071381502,-0.4116319780377182
239852912462638,-1.534002667308422,1023,0.0262838272188546,-1.534002667308422
239871348374537,-1.4020390883216252,526,0.0826456231190062,-1.4020390883216252
240320638267367,-1.8495521893848341,288,0.0262838272188546,-1.8495521893848341
240382412816801,-1.046280239460946,36,0.0687563201086147,-1.046280239460946
240432143608460,-1.5269991052129337,177,0.0262838272188546,-1.5269991052129337
240471409844738,-2.594392538612599,343,0.0600373091429332,-2.594392538612599
240489593360032,-1.9869792343185737,819,0.0589460608531652,-1.9869792343185737
240490083680411,-1.794987988644671,942,0.0262838272188546,-1.794987988644671
240493464651244,-2.0329949710069863,306,0.0765432789165805,-2.0329949710069863
240517819235363,-0.7313602826350742,547,0.0687563201086147,-0.7313602826350742
240586845942917,-1.9353901852828297,851,0.0826456231190062,-1.9353901852828297
240636278501005,-2.698401486673509,785,0.1062563664002187,-2.698401486673509
240775464027310,-2.6013927043795158,198,0.0262838272188546,-2.6013927043795158
240971991102200,-2.0106602597706,301,0.0589460608531652,-2.0106602597706
241246938375977,-2.604878856162996,709,0.0653429038617137,-2.604878856162996
241462849765241,-2.0378780326365344,187,0.0262838272188546,-2.0378780326365344
241619041670970,-2.373844680070434,729,0.0653429038617137,-2.373844680070434
241829810052545,-2.266689168709444,480,0.1062563664002187,-2.266689168709444
241861512197102,-2.808253569363757,168,0.0600373091429332,-2.808253569363757
241909001119280,-1.6491422335359525,788,0.0262838272188546,-1.6491422335359525
242261139945326,-3.4033760472440004,729,0.1419958164752356,-3.4033760472440004
242329939876797,-2.51983019494375,701,0.0653429038617137,-2.51983019494375
242371226437915,-2.818950462859502,803,0.0600373091429332,-2.818950462859502
242371880591990,-1.812240077630841,826,0.0826456231190062,-1.812240077630841
242406312605110,-1.289898516554397,721,0.0452023071381502,-1.289898516554397
242414134009858,-2.0184119403253695,933,0.0653429038617137,-2.0184119403253695
242461282631035,-2.0005637730644135,171,0.0589460608531652,-2.0005637730644135
242511380293788,-2.979611524017868,846,0.0489823470743429,-2.979611524017868
242512799471622,-1.635553826755575,177,0.0262838272188546,-1.635553826755575
242522860992899,-2.1660532963974743,216,0.0765432789165805,-2.1660532963974743
242612211841010,-1.9118988959706158,385,0.0262838272188546,-1.9118988959706158
242614905740039,-3.2022298957358712,572,0.1010329955898673,-3.2022298957358712
242662653241470,-1.5910075253368945,398,0.0262838272188546,-1.5910075253368945
242702960285315,-1.86798114610637,642,0.0262838272188546,-1.86798114610637
242711281131014,-1.8292756477628234,804,0.043389653520373,-1.8292756477628234
242734206834418,-1.7030840894242165,991,0.0653429038617137,-1.7030840894242165
242769879502727,-3.419620880108827,130,0.2412374540535765,-3.419620880108827
242775108143777,-2.6443692555900498,244,0.0600373091429332,-2.6443692555900498
242861293129744,-2.1978900465615556,545,0.0653429038617137,-2.1978900465615556
242976321497484,-2.669008640658101,805,0.043389653520373,-2.669008640658101
243058454297448,-1.7203768295735844,298,0.1781219332485197,-1.7203768295735844
243121147595295,-1.7992088175737575,315,0.0262838272188546,-1.7992088175737575
243132636113533,-2.6334223016012333,795,0.0589460608531652,-2.6334223016012333
243313105405485,-3.1808789254854233,731,0.1419958164752356,-3.1808789254854233
243431767773433,-2.3264000095136423,421,0.1062563664002187,-2.3264000095136423
243470884749831,-1.9570392997942716,736,0.0826456231190062,-1.9570392997942716
243492195116622,-3.0371538039274943,830,0.1010329955898673,-3.0371538039274943
243570433853324,-2.262351900722545,281,0.0653429038617137,-2.262351900722545
243573019058145,-2.1440740301725443,791,0.0489823470743429,-2.1440740301725443
243591471606763,-2.2186704284563556,790,0.0589460608531652,-2.2186704284563556
243625966246475,-2.308694355724673,168,0.0262838272188546,-2.308694355724673
243711583123936,-1.8727606952200944,914,0.0600373091429332,-1.8727606952200944
243969926050099,-2.291624469722496,162,0.0600373091429332,-2.291624469722496
243976912128633,-3.037553439021251,757,0.1419958164752356,-3.037553439021251
244557555544119,-2.9941566977591494,362,0.0600373091429332,-2.9941566977591494
245221152865318,-2.227246576021356,671,0.043389653520373,-2.227246576021356
245637462662802,-2.7888899981668414,380,0.1781219332485197,-2.7888899981668414
245647435289076,-2.644431262108568,468,0.0489823470743429,-2.644431262108568
245761175803680,-1.9804412121893842,75,0.0589460608531652,-1.9804412121893842
245801055424255,-2.349140411935758,162,0.0262838272188546,-2.349140411935758
245871375236533,-2.5486078586283005,885,0.0600373091429332,-2.5486078586283005
245940248759680,-2.2909206397528723,802,0.0653429038617137,-2.2909206397528723
246009299751837,-2.9892850732927245,390,0.0653429038617137,-2.9892850732927245
246067741730027,-2.200981454095277,1062,0.0262838272188546,-2.200981454095277
246114879238165,-2.787591879604339,867,0.1781219332485197,-2.787591879604339
246152190570471,-3.2991491892050635,921,0.1419958164752356,-3.2991491892050635
246230850602250,-1.9336829937120121,260,0.0262838272188546,-1.9336829937120121
246252078866332,-1.7253720145700049,378,0.0262838272188546,-1.7253720145700049
246338629370797,-1.5461368915162175,1064,0.0672170763845647,-1.5461368915162175
246533814289904,-3.339678790184028,1006,0.0653429038617137,-3.339678790184028
246732930388974,-1.7261923913086796,579,0.0600373091429332,-1.7261923913086796
246856072197124,-2.375893934380487,648,0.0653429038617137,-2.375893934380487
246955615942631,-1.327879853219926,970,0.0262838272188546,-1.327879853219926
247114761279566,-2.174482257322926,216,0.0765432789165805,-2.174482257322926
247232642017494,-2.5865577063862086,808,0.0489823470743429,-2.5865577063862086
247258750081040,-1.7278337800406953,378,0.0262838272188546,-1.7278337800406953
247288384410249,-1.7281345323926924,933,0.043389653520373,-1.7281345323926924
247316806694150,-0.9718687671769446,805,0.0826456231190062,-0.9718687671769446
247342516133910,-2.3336417641413285,574,0.0653429038617137,-2.3336417641413285
247523697279378,-2.3007894470018795,798,0.0653429038617137,-2.3007894470018795
247856927477142,-3.8685105403506945,786,0.1419958164752356,-3.8685105403506945
247973285655640,-1.6721875889476405,177,0.0262838272188546,-1.6721875889476405
248009943491535,-2.4651344111610145,268,0.0653429038617137,-2.4651344111610145
248026461387288,-2.3803903701630365,543,0.0653429038617137,-2.3803903701630365
248118307603517,-2.1750053192273104,825,0.0600373091429332,-2.1750053192273104
248123653626734,-0.6719964337588185,500,0.0687563201086147,-0.6719964337588185
248210350016250,-2.837297271325119,745,0.0600373091429332,-2.837297271325119
248437912549978,-2.500545116665127,788,0.0489823470743429,-2.500545116665127
248484272570950,-2.4428034991708545,579,0.0653429038617137,-2.4428034991708545
248500808370505,-1.5080351239647154,155,0.0687563201086147,-1.5080351239647154
248507460512447,-3.427202392161145,695,0.1419958164752356,-3.427202392161145
248510757987365,-2.5732536648831337,750,0.0653429038617137,-2.5732536648831337
248784925792308,-1.780648953101851,795,0.0589460608531652,-1.780648953101851
248854239988291,-2.1457144127633505,247,0.1062563664002187,-2.1457144127633505
248986139630276,-2.570595720622225,808,0.0653429038617137,-2.570595720622225
249145961254347,-1.6537655827843563,254,0.0653429038617137,-1.6537655827843563
249181568955667,-0.6374354676301328,201,0.0262838272188546,-0.6374354676301328
249253623633894,-1.9203393241054867,687,0.0589460608531652,-1.9203393241054867
249304081615753,-3.425414509001032,497,0.0262838272188546,-3.425414509001032
249414905660722,-3.157584729556844,744,0.1419958164752356,-3.157584729556844
249554414184542,-4.3153178442417905,313,0.2412374540535765,-4.3153178442417905
249610696800721,-2.5472999937078398,582,0.043389653520373,-2.5472999937078398
249769251448580,-1.7113254791793695,719,0.0600373091429332,-1.7113254791793695
249821281061092,-2.0724765133528122,561,0.0672170763845647,-2.0724765133528122
249893105113952,-1.4267097710183514,1066,0.0672170763845647,-1.4267097710183514
249913496618827,-4.0892397799600495,824,0.1419958164752356,-4.0892397799600495
250040181522452,-3.8112510530589825,441,0.1010329955898673,-3.8112510530589825
250044165306499,-2.8847861474473886,414,0.1781219332485197,-2.8847861474473886
250099917074037,-2.2524330210278487,933,0.0600373091429332,-2.2524330210278487
250132155967906,-2.2636653928284014,329,0.0600373091429332,-2.2636653928284014
250246354274410,-1.8573905648101006,657,0.0600373091429332,-1.8573905648101006
250259804798192,-2.2506896245760206,800,0.0489823470743429,-2.2506896245760206
250311496858571,-4.9298699301780315,910,0.0653429038617137,-4.9298699301780315
250605382700787,-1.402133889429344,775,0.0489823470743429,-1.402133889429344
250610225331033,-2.7647873701235435,998,0.0653429038617137,-2.7647873701235435
250630430657763,-2.936528232546254,592,0.1010329955898673,-2.936528232546254
250720344272450,-2.735629425054417,1033,0.0600373091429332,-2.735629425054417
250884283903974,-2.5904361826322972,837,0.043389653520373,-2.5904361826322972
250926688054338,-2.1088306804943615,394,0.0600373091429332,-2.1088306804943615
251005889798299,-1.7346092733017668,505,0.0262838272188546,-1.7346092733017668
251352036283083,-2.521418404476028,211,0.0600373091429332,-2.521418404476028
251489566763974,-1.5697601886242252,482,0.0262838272188546,-1.5697601886242252
251503202732938,-2.3862565157975855,957,0.0600373091429332,-2.3862565157975855
251557333170642,-4.017153137255217,796,0.1419958164752356,-4.017153137255217
251964981895311,-3.343270894521356,792,0.1419958164752356,-3.343270894521356
252301938860812,-1.7618026725538773,140,0.0262838272188546,-1.7618026725538773
252467812850929,-2.739295270960712,385,0.0653429038617137,-2.739295270960712
252872801441127,-2.0466229498661543,936,0.0826456231190062,-2.0466229498661543
253056852195289,-1.886361983610521,653,0.0653429038617137,-1.886361983610521
253135636471754,-2.9282037168118453,553,0.1010329955898673,-2.9282037168118453
253245334995850,-2.10613167164975,726,0.0653429038617137,-2.10613167164975
253288524381906,-3.4637046890874936,834,0.1419958164752356,-3.4637046890874936
253358435481514,-2.742395793634746,948,0.0653429038617137,-2.742395793634746
253450727554160,-1.897873575224145,507,0.0452023071381502,-1.897873575224145
253803324183158,-1.0786075941676079,772,0.0653429038617137,-1.0786075941676079
253952621053618,-2.1874283393452005,1066,0.0600373091429332,-2.1874283393452005
254241346315572,-1.190080916010258,470,0.0262838272188546,-1.190080916010258
254379928190444,-1.4272334972977636,62,0.0687563201086147,-1.4272334972977636
254436640984387,-3.9579243921891774,523,0.1419958164752356,-3.9579243921891774
254452344890500,-2.424114291291335,664,0.0589460608531652,-2.424114291291335
254554288254123,-2.237616603990989,917,0.0672170763845647,-2.237616603990989
254570946518395,-2.431240029600108,219,0.0600373091429332,-2.431240029600108
254573591620109,-2.1005427983834424,186,0.043389653520373,-2.1005427983834424
254589406153946,-1.9103967472762882,264,0.0262838272188546,-1.9103967472762882
254777192288756,-2.5800038438197817,807,0.0653429038617137,-2.5800038438197817
254862655809153,-2.510316531788821,1070,0.0600373091429332,-2.510316531788821
254996225991927,-2.4112523415240794,260,0.0262838272188546,-2.4112523415240794
255000743755999,-2.185215967942272,261,0.0653429038617137,-2.185215967942272
255099190979607,-2.2878866270710656,896,0.0600373091429332,-2.2878866270710656
255197970505033,-1.8995192971325796,725,0.0653429038617137,-1.8995192971325796
255362374278820,-1.682269695056611,350,0.0262838272188546,-1.682269695056611
255537420255320,-1.3277299757296799,1030,0.0452023071381502,-1.3277299757296799
255550243710339,-2.43459893933586,276,0.0653429038617137,-2.43459893933586
255625968866809,-2.231144188142961,154,0.0765432789165805,-2.231144188142961
255907160603402,-2.560942832870137,131,0.0826456231190062,-2.560942832870137
255909048362976,-2.187236661762065,862,0.0600373091429332,-2.187236661762065
255909101743737,-2.041186068882161,363,0.0262838272188546,-2.041186068882161
256149284181517,-1.5680877360895278,165,0.0765432789165805,-1.5680877360895278
256220855246967,-2.3255730231406533,110,0.0600373091429332,-2.3255730231406533
256271561554695,-2.110357500144716,750,0.0489823470743429,-2.110357500144716
256595491080588,-2.506742078973907,790,0.043389653520373,-2.506742078973907
256676538322039,-2.356803060613349,568,0.0653429038617137,-2.356803060613349
256740873777171,-1.397558829067515,574,0.0672170763845647,-1.397558829067515
256764885447653,-1.7134023984663072,757,0.0452023071381502,-1.7134023984663072
256794254390188,-2.381236716363487,221,0.0600373091429332,-2.381236716363487
256850933266700,-2.410998037874744,746,0.1781219332485197,-2.410998037874744
256853669259127,-1.6209897544539493,824,0.0672170763845647,-1.6209897544539493
256925427628828,-1.9823841512513598,918,0.0600373091429332,-1.9823841512513598
256998626429781,-2.257631618581992,799,0.0600373091429332,-2.257631618581992
257014898162162,-2.4950836588734093,1038,0.0600373091429332,-2.4950836588734093
257138288397608,-1.7640293726615388,407,0.0672170763845647,-1.7640293726615388
257161463373437,-2.0708503821857622,160,0.0600373091429332,-2.0708503821857622
257163222790675,-2.973827834407258,517,0.0262838272188546,-2.973827834407258
257589061091375,-1.8282850778101454,240,0.0653429038617137,-1.8282850778101454
257612139683906,-2.7213880100505383,501,0.1010329955898673,-2.7213880100505383
257613772806664,-2.8444477265666324,662,0.0600373091429332,-2.8444477265666324
257642855383436,-2.5273630364487154,346,0.0262838272188546,-2.5273630364487154
257652338789338,-2.415969989548146,797,0.0489823470743429,-2.415969989548146
257936570133028,-1.6941337910206826,502,0.0262838272188546,-1.6941337910206826
257952045125488,-2.436304382040009,798,0.0826456231190062,-2.436304382040009
257989288395537,-0.8900651969107318,299,0.0262838272188546,-0.8900651969107318
258010404590209,-1.299836484357951,631,0.0262838272188546,-1.299836484357951
258017876337396,-1.8619199481217101,1070,0.0262838272188546,-1.8619199481217101
258019616606963,-2.1503347470185976,848,0.0653429038617137,-2.1503347470185976
258033432329233,-2.5991281397801766,564,0.0653429038617137,-2.5991281397801766
258137351538853,-2.852324825714241,508,0.1010329955898673,-2.852324825714241
258224374683932,-2.1459491618515427,587,0.0600373091429332,-2.1459491618515427
258295959070280,-2.7015017900413056,646,0.0489823470743429,-2.7015017900413056
258301027523634,-2.4738617364853335,310,0.0262838272188546,-2.4738617364853335
258328169839604,-2.269671796440758,585,0.0600373091429332,-2.269671796440758
258398206858279,-3.2986872228956234,708,0.1010329955898673,-3.2986872228956234
258588066658306,-1.6789347537817494,345,0.0262838272188546,-1.6789347537817494
258648912283417,-1.6447747803414285,90,0.0262838272188546,-1.6447747803414285
258723735380771,-2.2194901528477198,372,0.0826456231190062,-2.2194901528477198
258775075566058,-1.7004509974433912,383,0.0262838272188546,-1.7004509974433912
258906486636132,-1.9716419791315938,1070,0.0262838272188546,-1.9716419791315938
258962726413277,-2.1443059340898025,571,0.0600373091429332,-2.1443059340898025
258964234513456,-2.546972529103016,829,0.0600373091429332,-2.546972529103016
259225594075877,-2.131025388483492,246,0.0653429038617137,-2.131025388483492
259271869553144,-2.078910229895623,794,0.0672170763845647,-2.078910229895623
259393652335166,-1.3464490102384543,798,0.0489823470743429,-1.3464490102384543
259531677574845,-1.7571338739697935,295,0.0262838272188546,-1.7571338739697935
259663432277214,-2.4800019484976747,266,0.0262838272188546,-2.4800019484976747
259722833592589,-2.4884593043231185,841,0.043389653520373,-2.4884593043231185
259793453923638,-2.056000889586681,857,0.043389653520373,-2.056000889586681
259923697000098,-3.4200794857746724,355,0.2412374540535765,-3.4200794857746724
260363134432295,-2.0823387501663815,1048,0.0672170763845647,-2.0823387501663815
260535185339407,-2.194042093238304,886,0.043389653520373,-2.194042093238304
260759150426570,-2.0986289200661745,696,0.0600373091429332,-2.0986289200661745
260919871343056,-1.416437284499198,220,0.0262838272188546,-1.416437284499198
260955184870923,-1.9890081424198698,800,0.0489823470743429,-1.9890081424198698
261038671724774,-2.9817886812019836,424,0.0600373091429332,-2.9817886812019836
261123773550998,-2.490396118907472,323,0.043389653520373,-2.490396118907472
261130822587290,-1.4256596941585815,878,0.0765432789165805,-1.4256596941585815
261142226483060,-2.252788966798769,176,0.1062563664002187,-2.252788966798769
261162012317538,-2.071752118873494,290,0.0600373091429332,-2.071752118873494
261262770061861,-2.2690919828232747,841,0.043389653520373,-2.2690919828232747
261319936519381,-2.0635101762093377,1007,0.0672170763845647,-2.0635101762093377
261347650560619,-1.8612144260523482,217,0.0262838272188546,-1.8612144260523482
261379759229666,-2.2281585969032904,640,0.0765432789165805,-2.2281585969032904
261405670728452,-1.423507257896481,822,0.0452023071381502,-1.423507257896481
261424505041012,-2.6308850535856347,344,0.0653429038617137,-2.6308850535856347
261437383742857,-2.7168166010692882,922,0.0826456231190062,-2.7168166010692882
261565858390252,-2.407067730882005,357,0.0653429038617137,-2.407067730882005
261592228397821,-2.753235380529718,664,0.0826456231190062,-2.753235380529718
261686086433883,-1.2904035763917718,496,0.0489823470743429,-1.2904035763917718
261739415336763,-1.450615331455093,245,0.0262838272188546,-1.450615331455093
261823710150369,-2.6496580893302495,1003,0.0653429038617137,-2.6496580893302495
261985828028462,-2.0162904288481633,191,0.0262838272188546,-2.0162904288481633
262003910036575,-2.3666750804698817,461,0.0589460608531652,-2.3666750804698817
262076555543609,-2.1887889310024535,264,0.0262838272188546,-2.1887889310024535
262205786513186,-2.0508073143048606,268,0.0653429038617137,-2.0508073143048606
262646804294850,-2.211246189403724,640,0.0765432789165805,-2.211246189403724
262837910242600,-4.965069277202341,625,0.2474121983831814,-4.965069277202341
262839123975955,-2.3862052983162974,522,0.0589460608531652,-2.3862052983162974
262918765436200,-1.7960294118637425,299,0.0489823470743429,-1.7960294118637425
262943738598361,-2.5499007000475977,784,0.0589460608531652,-2.5499007000475977
262971944003716,-1.5853994838646421,175,0.0262838272188546,-1.5853994838646421
262990028891641,-2.6578598490695633,372,0.0653429038617137,-2.6578598490695633
263000659110271,-2.425670489719569,826,0.0600373091429332,-2.425670489719569
263118660995533,-3.8549859218418363,822,0.1419958164752356,-3.8549859218418363
263345877458078,-3.53623257993411,562,0.1010329955898673,-3.53623257993411
263375841310463,-2.3817106282140372,179,0.0600373091429332,-2.3817106282140372
263392468867237,-2.2023876765849444,840,0.0653429038617137,-2.2023876765849444
263516966393962,-1.5363159422850483,304,0.0262838272188546,-1.5363159422850483
263594824296431,-1.968247097021685,212,0.0262838272188546,-1.968247097021685
263800786110200,-2.2102453914661946,137,0.0600373091429332,-2.2102453914661946
263938134668895,-2.798966965323663,872,0.043389653520373,-2.798966965323663
263963232869559,-1.9168708300896844,695,0.0589460608531652,-1.9168708300896844
263964685705690,-2.3816479754237663,60,0.0262838272188546,-2.3816479754237663
264012359271446,-1.2747788417131067,231,0.0262838272188546,-1.2747788417131067
264053947066473,-1.4778679709955362,231,0.0262838272188546,-1.4778679709955362
264172780291632,-1.4692943799622502,707,0.0600373091429332,-1.4692943799622502
264360772154401,-3.41969371220469,653,0.1062563664002187,-3.41969371220469
264535212073572,-1.5856826740493677,276,0.0589460608531652,-1.5856826740493677
264837050164278,-2.1452952868054354,1006,0.0653429038617137,-2.1452952868054354
264847286422141,-1.320781904879338,768,0.0452023071381502,-1.320781904879338
264903016733010,-1.8461766033721951,1006,0.0653429038617137,-1.8461766033721951
265012382185854,-3.3969289442286126,941,0.0600373091429332,-3.3969289442286126
265047583126012,-2.3324046460332295,696,0.0489823470743429,-2.3324046460332295
265127476885555,-1.9505007773656338,907,0.1781219332485197,-1.9505007773656338
265192363897801,-2.800595557193848,376,0.0653429038617137,-2.800595557193848
265287563709696,-1.6496702065078637,177,0.0262838272188546,-1.6496702065078637
265399766737684,-2.4866222696237323,467,0.0262838272188546,-2.4866222696237323
265520204304909,-2.1471204638133594,456,0.0600373091429332,-2.1471204638133594
265704754199212,-2.8527953245940294,734,0.0489823470743429,-2.8527953245940294
266028631803129,-2.3347382049522913,926,0.0589460608531652,-2.3347382049522913
266065469885975,-1.2111798961424294,567,0.0452023071381502,-1.2111798961424294
266082742268048,-2.8896556934614117,905,0.1781219332485197,-2.8896556934614117
266205783332876,-3.49733307542937,786,0.0600373091429332,-3.49733307542937
266251739174405,-2.8002364377399926,456,0.0600373091429332,-2.8002364377399926
266312525233491,-0.5103721796895211,570,0.0687563201086147,-0.5103721796895211
266468636820850,-0.5163234600561518,776,0.0687563201086147,-0.5163234600561518
266584685077723,-2.1551882600754397,659,0.0489823470743429,-2.1551882600754397
266668107368795,-3.6806861008644858,791,0.1419958164752356,-3.6806861008644858
266783578959943,-2.3484901284209054,840,0.0589460608531652,-2.3484901284209054
266872652592006,-1.6940658291419028,260,0.0262838272188546,-1.6940658291419028
266981808367306,-0.926779543884332,383,0.0489823470743429,-0.926779543884332
267197997307436,-2.0149637402446237,176,0.0262838272188546,-2.0149637402446237
267232418291266,-1.3866675289900283,214,0.0653429038617137,-1.3866675289900283
267292003099953,-2.4680361322856266,593,0.0489823470743429,-2.4680361322856266
267299097435824,-2.6981209434999562,892,0.1781219332485197,-2.6981209434999562
267395921688784,-1.1186767048461848,670,0.0489823470743429,-1.1186767048461848
267409503287550,-2.9943481567046537,353,0.0600373091429332,-2.9943481567046537
267420498780575,-1.679783290676792,102,0.0765432789165805,-1.679783290676792
267531970687785,-3.5334421770403557,700,0.1419958164752356,-3.5334421770403557
267978314001215,-3.03078241588342,1006,0.0653429038617137,-3.03078241588342
268083622152236,-1.7561151073067505,162,0.0262838272188546,-1.7561151073067505
268530356492066,-2.0482060933671584,1002,0.0653429038617137,-2.0482060933671584
268567470505980,-2.2860341093291483,794,0.0600373091429332,-2.2860341093291483
268796765029808,-3.350965742353715,642,0.1419958164752356,-3.350965742353715
268820259706070,-3.5793565633451125,642,0.1419958164752356,-3.5793565633451125
268860029922393,-1.99485311630089,193,0.0262838272188546,-1.99485311630089
268868185620419,-1.7590687220249697,576,0.0653429038617137,-1.7590687220249697
268872168283860,-1.7821464359954344,796,0.0489823470743429,-1.7821464359954344
269159564292939,-3.3928226605656615,776,0.1419958164752356,-3.3928226605656615
269228394039332,-2.0333003031643084,513,0.0600373091429332,-2.0333003031643084
269283901533897,-1.9395428672908244,216,0.0765432789165805,-1.9395428672908244
269439782022773,-2.3145998060624624,726,0.0600373091429332,-2.3145998060624624
269628347331456,-0.9810434813077556,67,0.0687563201086147,-0.9810434813077556
270303709288591,-2.849045174453023,567,0.0600373091429332,-2.849045174453023
270388690904394,-2.8237000434152453,664,0.1419958164752356,-2.8237000434152453
270464011990863,-4.078444512508485,684,0.1419958164752356,-4.078444512508485
270597596308378,-1.839274759657377,311,0.0262838272188546,-1.839274759657377
270626678767707,-1.49872230707873,801,0.0489823470743429,-1.49872230707873
270694730581945,-2.4230050314589455,804,0.0489823470743429,-2.4230050314589455
270744611446650,-2.173033665140842,370,0.0765432789165805,-2.173033665140842
270825290582371,-0.9748132063941766,837,0.0826456231190062,-0.9748132063941766
270950929929821,-4.30483158226085,449,0.0600373091429332,-4.30483158226085
270965815632173,-1.6706156310523936,676,0.0765432789165805,-1.6706156310523936
271009763054262,-1.5009520863091401,464,0.0262838272188546,-1.5009520863091401
271060970406398,-1.9638390103585865,823,0.043389653520373,-1.9638390103585865
271083612539388,-2.6842224809971853,648,0.0600373091429332,-2.6842224809971853
271248349081569,-2.1487318078833653,562,0.0653429038617137,-2.1487318078833653
271380985536909,-2.3654824641580268,348,0.0489823470743429,-2.3654824641580268
271445413712012,-3.0198935200109838,956,0.0653429038617137,-3.0198935200109838
271490005348332,-2.5375311137201724,990,0.0653429038617137,-2.5375311137201724
271545839221337,-3.6178426960277634,883,0.1419958164752356,-3.6178426960277634
271550254761639,-3.986733857190389,185,0.0262838272188546,-3.986733857190389
271837386129952,-1.9619787295419946,233,0.0653429038617137,-1.9619787295419946
271863676733300,-2.0851560397436923,305,0.0672170763845647,-2.0851560397436923
271980840353057,-2.2615073029809976,560,0.0826456231190062,-2.2615073029809976
271991000775243,-1.3259958350568057,355,0.0262838272188546,-1.3259958350568057
272069589615886,-2.066860971013333,644,0.0672170763845647,-2.066860971013333
272152105696336,-1.891635148208457,540,0.0262838272188546,-1.891635148208457
272261608552382,-3.3768544572805475,725,0.1419958164752356,-3.3768544572805475
272372192907551,-2.1211349835180053,693,0.0826456231190062,-2.1211349835180053
272394396281408,-3.0217197681672494,168,0.0600373091429332,-3.0217197681672494
272474660971538,-1.9385689064551648,723,0.0262838272188546,-1.9385689064551648
272521022938905,-1.6977499129110947,923,0.0765432789165805,-1.6977499129110947
272585357974472,-2.4881998675284067,789,0.0600373091429332,-2.4881998675284067
272743477279521,-1.5825247247242047,983,0.0672170763845647,-1.5825247247242047
272780578492044,-2.8617500665192255,1062,0.0600373091429332,-2.8617500665192255
272944233065051,-2.5097557931478294,913,0.0600373091429332,-2.5097557931478294
272978447391262,-1.6156742942913715,762,0.0262838272188546,-1.6156742942913715
273147568020627,-1.721232340402474,936,0.0600373091429332,-1.721232340402474
273210764169129,-2.322284814331614,265,0.0262838272188546,-2.322284814331614
273225422663331,-1.667570722093139,390,0.0262838272188546,-1.667570722093139
273296986673338,-2.6349418490638836,915,0.0600373091429332,-2.6349418490638836
273425872609997,-1.761500009053278,365,0.0262838272188546,-1.761500009053278
273560951204066,-1.9887073960605544,240,0.0262838272188546,-1.9887073960605544
273573212042755,-2.4756176280746622,292,0.0826456231190062,-2.4756176280746622
273633991335114,-2.2108166724059526,910,0.0589460608531652,-2.2108166724059526
273718577962614,-1.7281247083707736,347,0.0262838272188546,-1.7281247083707736
273738098513162,-2.3341446301684465,358,0.0653429038617137,-2.3341446301684465
273739309540766,-3.127353353696483,1004,0.0653429038617137,-3.127353353696483
273870118704885,-2.4095968403326786,90,0.0600373091429332,-2.4095968403326786
274059938317740,-3.1570026104974898,568,0.1781219332485197,-3.1570026104974898
274075713909269,-3.1133971973994745,849,0.0653429038617137,-3.1133971973994745
274077103844540,-2.1632684714931063,480,0.0262838272188546,-2.1632684714931063
274142076512906,-2.7002393174555652,452,0.0262838272188546,-2.7002393174555652
274257636228928,-3.579570290382403,656,0.1419958164752356,-3.579570290382403
274294188006762,-3.030674628159774,999,0.0653429038617137,-3.030674628159774
274357438773304,-1.964933909249623,850,0.0653429038617137,-1.964933909249623
274375536378503,-2.1765113137363206,805,0.0600373091429332,-2.1765113137363206
274649188172684,-2.0852864607137254,854,0.0653429038617137,-2.0852864607137254
274706527257841,-1.6936382221483632,469,0.0262838272188546,-1.6936382221483632
274753112643835,-2.3152018881772203,931,0.0489823470743429,-2.3152018881772203
274817312440618,-2.189264220957425,261,0.0653429038617137,-2.189264220957425
274875034798182,-0.6486053981520772,668,0.0687563201086147,-0.6486053981520772
274880750150031,-2.5330596405650603,228,0.0589460608531652,-2.5330596405650603
274890377889937,-1.7836595558757375,458,0.0262838272188546,-1.7836595558757375
274969834246390,-1.3932799183111386,736,0.0826456231190062,-1.3932799183111386
275072429722901,-2.428312708793686,265,0.0826456231190062,-2.428312708793686
275119043556769,-2.321969352627965,427,0.0262838272188546,-2.321969352627965
275151296631557,-3.3098567276426203,860,0.1781219332485197,-3.3098567276426203
275258458830366,-2.3764700672908257,446,0.0262838272188546,-2.3764700672908257
275378685351465,-1.9227312377422112,436,0.0262838272188546,-1.9227312377422112
275491149993689,-1.9955728040870189,215,0.0262838272188546,-1.9955728040870189
275515167175859,-2.1676715839560363,861,0.1781219332485197,-2.1676715839560363
275647235607015,-1.9066329796937238,401,0.0262838272188546,-1.9066329796937238
275664192808043,-3.022269928639242,281,0.0653429038617137,-3.022269928639242
275926704250445,-2.5323323475600783,825,0.0653429038617137,-2.5323323475600783
276135888070810,-2.446562824264255,769,0.0600373091429332,-2.446562824264255
276156840835286,-2.395194425524375,851,0.0826456231190062,-2.395194425524375
276201728464948,-2.5842085527340326,1001,0.0653429038617137,-2.5842085527340326
276544849775738,-2.7613530531476047,961,0.0262838272188546,-2.7613530531476047
276557436881830,-2.5058138049561287,656,0.0653429038617137,-2.5058138049561287
276558690705279,-2.3376287430874294,301,0.0489823470743429,-2.3376287430874294
276721846289378,-2.809157249112242,759,0.1419958164752356,-2.809157249112242
276748653582874,-2.2762717446893643,318,0.0653429038617137,-2.2762717446893643
276802478926279,-2.3676791321783326,186,0.0826456231190062,-2.3676791321783326
276828263802456,-3.3377701781276086,768,0.0489823470743429,-3.3377701781276086
276880224577193,-2.6492948120980744,1003,0.0653429038617137,-2.6492948120980744
277417962840256,-1.564978516120911,417,0.0672170763845647,-1.564978516120911
277426993160849,-2.492297937552867,764,0.0589460608531652,-2.492297937552867
277524449957730,-2.0522807883041607,1002,0.0653429038617137,-2.0522807883041607
277571482694104,-3.8076564888302338,802,0.0600373091429332,-3.8076564888302338
277692488431065,-3.0715230400732954,1006,0.0653429038617137,-3.0715230400732954
277703422238349,-1.3389020858322145,247,0.0262838272188546,-1.3389020858322145
277704720683831,-1.5957058514004188,609,0.0262838272188546,-1.5957058514004188
277753453962891,-2.738563160722639,837,0.1419958164752356,-2.738563160722639
277771169659235,-3.090627752883847,931,0.0600373091429332,-3.090627752883847
277773242493096,-2.075489525397786,270,0.0262838272188546,-2.075489525397786
277856157534661,-2.068159589949612,800,0.0600373091429332,-2.068159589949612
277992341304870,-2.429736218642918,226,0.0600373091429332,-2.429736218642918
278023435100478,-1.8854366074187057,272,0.043389653520373,-1.8854366074187057
278097465566869,-3.638372034516047,798,0.1419958164752356,-3.638372034516047
278201155723394,-2.0963918025206723,876,0.0589460608531652,-2.0963918025206723
278585908281763,-5.158529096003006,931,0.0653429038617137,-5.158529096003006
278588316198970,-3.0442099736994734,645,0.0600373091429332,-3.0442099736994734
278705231006832,-3.0151167533141665,621,0.1010329955898673,-3.0151167533141665
278723050144937,-3.983435358862601,819,0.043389653520373,-3.983435358862601
278762458267193,-2.1467009570205366,798,0.0489823470743429,-2.1467009570205366
278811724102870,-2.9253986508239667,575,0.0489823470743429,-2.9253986508239667
278828910313076,-2.0509831469774387,535,0.0262838272188546,-2.0509831469774387
279299146125608,-2.1395692754358215,655,0.1781219332485197,-2.1395692754358215
279436900417691,-2.7409257254964277,504,0.0262838272188546,-2.7409257254964277
279465443879787,-3.137824128702147,801,0.1419958164752356,-3.137824128702147
279536808953361,-2.696312329720147,595,0.0653429038617137,-2.696312329720147
279709468026253,-2.031960269863969,917,0.0672170763845647,-2.031960269863969
279719497959825,-2.1218715181200394,892,0.043389653520373,-2.1218715181200394
279847518011841,-2.240003333470804,670,0.0489823470743429,-2.240003333470804
279872832391647,-1.2563421093439564,699,0.0452023071381502,-1.2563421093439564
279921622393690,-1.7245971383706886,783,0.0262838272188546,-1.7245971383706886
279956010579014,-2.1883910068588563,331,0.0653429038617137,-2.1883910068588563
280012311234725,-1.9632889322545317,827,0.0765432789165805,-1.9632889322545317
280048824234224,-1.9529088512716195,226,0.0262838272188546,-1.9529088512716195
280057384964157,-3.3237860399698587,165,0.1419958164752356,-3.3237860399698587
280126238311582,-1.6527820438388563,338,0.0262838272188546,-1.6527820438388563
280158728685679,-3.2927714016287455,148,0.1419958164752356,-3.2927714016287455
280236223876035,-1.9346947684845524,731,0.0653429038617137,-1.9346947684845524
280249022606936,-2.4470922274030746,214,0.0653429038617137,-2.4470922274030746
280285312465851,-1.9260793143064123,260,0.0653429038617137,-1.9260793143064123
280405675172418,-4.618987394542256,888,0.2474121983831814,-4.618987394542256
280461703655641,-2.3720411359225526,138,0.0653429038617137,-2.3720411359225526
280534814402786,-2.353292744396006,298,0.0653429038617137,-2.353292744396006
280577791023143,-2.4090861953013825,160,0.0262838272188546,-2.4090861953013825
280897218701764,-2.517558883422205,726,0.0489823470743429,-2.517558883422205
281054287599458,-2.4999773696187666,744,0.1062563664002187,-2.4999773696187666
281132937796589,-2.093914290554676,463,0.0262838272188546,-2.093914290554676
281165380540758,-2.0414839003196086,665,0.0489823470743429,-2.0414839003196086
281220082101072,-3.7112024216449484,917,0.1781219332485197,-3.7112024216449484
281468256139268,-2.3879304038009144,899,0.0489823470743429,-2.3879304038009144
