item_key,elasticity
122255998472,-0.6719321285344858
142060233120,-0.4547142583452114
273254869476,-0.6990257650229246
334741852012,-0.7311111818334803
360969770608,-0.7540643423936192
361263665728,-0.7540643423936192
426445230223,-0.4547142583452114
451781451022,-0.4547142583452114
454322348784,-0.7393400558468726
534895545168,-0.6719321285344858
543973061810,-0.39540878482795266
557508304121,-0.7393400558468726
590882946133,-0.7393400558468726
642947446522,-0.6990257650229246
645553196889,-0.7540643423936192
699237237377,-0.4547142583452114
895469897618,-0.4547142583452114
911302539935,-0.4547142583452114
1006543042866,-0.5825053462263596
1229038828612,-0.4547142583452114
1229733485661,-0.5825053462263596
1273773874044,-0.7540643423936192
1277502153005,-0.7540643423936192
1340596856000,-0.5329307810791537
1590287234780,-0.4547142583452114
1652426723209,-0.4547142583452114
1687354230478,-0.5825053462263596
1790164797872,-0.4547142583452114
1907487694394,-0.6719321285344858
1981198122793,-0.5825053462263596
2126790419932,-0.7540643423936192
2169278488511,-0.6719321285344858
2364532345270,-0.5825053462263596
2448318672390,-0.5825053462263596
2506340415430,-0.6719321285344858
2529791781737,-0.7540643423936192
2684475193179,-0.6719321285344858
2692801778218,-0.4340556041136897
2741204919379,-0.5329307810791537
2750802669707,-0.4547142583452114
2751905588963,-0.6719321285344858
2753991183399,-0.3484302192705804
2875774016995,-0.7540643423936192
2924787753430,-0.4547142583452114
3049965247312,-0.3484302192705804
3084842360059,-0.3484302192705804
3330130587640,-0.6719321285344858
3346253103357,-0.4547142583452114
3446605697875,-0.712375224530957
3513842662384,-0.7311111818334803
3816565082458,-0.7311111818334803
3820923259118,-0.7311111818334803
3972844844530,-0.39540878482795266
4043159244195,-0.5240268331974867
4328357489459,-0.6597748090798966
4380301400697,-0.4547142583452114
4452667886887,-0.7311111818334803
4472639882936,-0.4547142583452114
4549763103345,-0.4547142583452114
4679187658941,-0.7540643423936192
4693255693835,-0.4547142583452114
4715332377835,-0.6719321285344858
4743687304473,-0.4547142583452114
4832112483124,-0.7540643423936192
4961607342274,-0.7540643423936192
4978580709168,-0.4547142583452114
5181723277294,-0.4340556041136897
5267034007337,-0.7311111818334803
5277700535289,-0.6990257650229246
5308256192807,-0.5329307810791537
5389974816115,-0.5825053462263596
5579587713952,-0.6719321285344858
5614264906504,-0.5329307810791537
5625838419693,-0.6719321285344858
5754263826447,-0.4547142583452114
5778731767475,-0.4340556041136897
5793872763501,-0.5240268331974867
5801730803460,-0.6719321285344858
5909553899614,-0.7540643423936192
5944804569421,-0.7311111818334803
6049504758961,-0.4547142583452114
6150512912727,-0.7540643423936192
6158912997251,-0.7540643423936192
6289412508835,-0.7159602082500641
6349578084904,-0.7311111818334803
6420794234615,-0.7311111818334803
6517680099937,-0.7311111818334803
6530784700875,-0.712375224530957
6572744456707,-0.5329307810791537
6604891549977,-0.4547142583452114
6710010110942,-0.6719321285344858
6970258212725,-0.4547142583452114
7061948800396,-0.4547142583452114
7192183069053,-0.4547142583452114
7207872307743,-0.3484302192705804
7452747415115,-0.4547142583452114
7456238216778,-0.4547142583452114
7631969095401,-0.7393400558468726
7776043214770,-0.5825053462263596
7964550379609,-0.7540643423936192
7965829486053,-0.4340556041136897
8035684664898,-0.7311111818334803
8116231202775,-0.4547142583452114
8168205591115,-0.4547142583452114
8199572265134,-0.7393400558468726
8217810429632,-0.5825053462263596
8403177563876,-0.6719321285344858
8646325084420,-0.5329307810791537
8720923924658,-0.6719321285344858
8737365162565,-0.39540878482795266
8779253678836,-0.5825053462263596
8824703451007,-0.4547142583452114
8867215005342,-0.5825053462263596
9035724444596,-0.7540643423936192
9054193971115,-0.7540643423936192
9152089347230,-0.4547142583452114
9156501146421,-0.7393400558468726
9290500962350,-0.4547142583452114
9307597220092,-0.7540643423936192
9335220395163,-0.4547142583452114
9349944311551,-0.7311111818334803
9426780568730,-0.5240268331974867
9754680907209,-0.6719321285344858
9822031278890,-0.6719321285344858
9896369941436,-0.5240268331974867
9976658223379,-0.7540643423936192
10027987783534,-0.712375224530957
10198739923178,-0.4340556041136897
10212811239854,-0.7540643423936192
10266685099075,-0.4547142583452114
10401867728135,-0.7311111818334803
10409053305256,-0.5825053462263596
10442439962273,-0.7393400558468726
10474797981763,-0.7540643423936192
10554422722157,-0.5329307810791537
10650991296578,-0.5240268331974867
11124418330921,-0.3484302192705804
11277799495980,-0.7540643423936192
11333613691141,-0.5240268331974867
11421541905593,-0.39540878482795266
11622131674632,-0.5329307810791537
11648531682475,-0.6719321285344858
11661834942388,-0.7540643423936192
11773514884839,-0.37016749323526815
11780460949620,-0.7393400558468726
11876842683335,-0.6719321285344858
12266273821396,-0.7540643423936192
12309687413535,-0.712375224530957
12467345107467,-0.4547142583452114
12595411590119,-0.6719321285344858
12675735903954,-0.7540643423936192
12734110588883,-0.5825053462263596
12745890047571,-0.4547142583452114
12821788349845,-0.4547142583452114
12865511057039,-0.7540643423936192
13072220999894,-0.4547142583452114
13208746089764,-0.6719321285344858
13301754709408,-0.5240268331974867
13383592903260,-0.6719321285344858
13427382096726,-0.7540643423936192
13483984028640,-0.7311111818334803
13597494729200,-0.7540643423936192
13609939244188,-0.7311111818334803
13641551748529,-0.712375224530957
13642823440295,-0.7540643423936192
13847264421741,-0.4547142583452114
14083923976935,-0.7393400558468726
14105250346680,-0.4547142583452114
14211309028732,-0.7311111818334803
14229101123243,-0.5240268331974867
14345875489892,-0.7540643423936192
14406034957098,-0.4547142583452114
14474957739656,-0.7540643423936192
14522640794199,-0.7540643423936192
14599650877349,-0.7311111818334803
14633544863110,-0.6719321285344858
14648772981767,-0.7311111818334803
14656811748682,-0.5825053462263596
14774595337577,-0.6719321285344858
14775619364317,-0.5329307810791537
14805117551035,-0.3484302192705804
14824962784938,-0.712375224530957
14911552136420,-0.4340556041136897
15053342263752,-0.7311111818334803
15165833107518,-0.4547142583452114
15295529865018,-0.5825053462263596
15561296169109,-0.4547142583452114
15569645492278,-0.39540878482795266
15576933097427,-0.7311111818334803
15639633395989,-0.4340556041136897
15649807261442,-0.7540643423936192
15714562288993,-0.7311111818334803
15837031295463,-0.712375224530957
15881820827069,-0.7393400558468726
15994284408992,-0.4547142583452114
16115971239550,-0.7540643423936192
16159173553950,-0.7311111818334803
16171300688109,-0.4547142583452114
16231189998382,-0.4547142583452114
16250704289599,-0.4547142583452114
16348241051244,-0.7393400558468726
16360407820271,-0.7311111818334803
16439374755079,-0.5240268331974867
16542008127127,-0.4547142583452114
16544353549018,-0.4547142583452114
16604882329173,-0.4547142583452114
16898003074607,-0.7159602082500641
16930829613172,-0.6719321285344858
16931086748242,-0.6719321285344858
17206497755234,-0.4340556041136897
17523182172627,-0.5240268331974867
17550675910044,-0.7540643423936192
17580398168827,-0.6990257650229246
17634832502279,-0.6719321285344858
17687954925970,-0.39540878482795266
17806419222069,-0.5825053462263596
18272996248354,-0.5825053462263596
18313283074949,-0.4547142583452114
18475717764783,-0.5329307810791537
18576869194296,-0.4547142583452114
18621149725882,-0.4340556041136897
18677085046420,-0.7540643423936192
18741211550485,-0.7540643423936192
18804571705221,-0.4547142583452114
19042780093137,-0.37016749323526815
19154029221227,-0.5329307810791537
19177146037826,-0.6990257650229246
19363133668809,-0.5825053462263596
19590392185187,-0.5825053462263596
19683788972433,-0.4547142583452114
19821460454327,-0.6719321285344858
19969750099210,-0.5329307810791537
19985901878296,-0.7540643423936192
20111063597257,-0.4547142583452114
20156795639868,-0.6719321285344858
20203126596892,-0.712375224530957
20211508201120,-0.6719321285344858
20213550319203,-0.7311111818334803
20391616588838,-0.5240268331974867
20395642409368,-0.7540643423936192
20450760825508,-0.5329307810791537
20541695289010,-0.7540643423936192
21024902605759,-0.4547142583452114
21145435249874,-0.5825053462263596
21156867239205,-0.5825053462263596
21189088502515,-0.4340556041136897
21196726093250,-0.7311111818334803
21230624892838,-0.5240268331974867
21233630506135,-0.5329307810791537
21309867490367,-0.7540643423936192
21715013908376,-0.4547142583452114
21754041549290,-0.5240268331974867
21783064050137,-0.4547142583452114
21928381241718,-0.7311111818334803
22101454483004,-0.4547142583452114
22174055374512,-0.7540643423936192
22231392240245,-0.7540643423936192
22243884870493,-0.7540643423936192
22433115452758,-0.7311111818334803
22449162167039,-0.39540878482795266
22618264637715,-0.4547142583452114
22714784894013,-0.4340556041136897
22725415658226,-0.4547142583452114
22748602509332,-0.7540643423936192
22966777129050,-0.7393400558468726
23373539363200,-0.4547142583452114
23381471573131,-0.6719321285344858
23498656666750,-0.4547142583452114
23523211570592,-0.7540643423936192
23554596919959,-0.6719321285344858
23565244127617,-0.6990257650229246
23713484529550,-0.4547142583452114
24127156604567,-0.6719321285344858
24186154879473,-0.6719321285344858
24267608991147,-0.7311111818334803
24269905596168,-0.7311111818334803
24335138052163,-0.6719321285344858
24515197776598,-0.5329307810791537
24538507165411,-0.37016749323526815
24639616613003,-0.3484302192705804
24655879112660,-0.37016749323526815
24748145453672,-0.5825053462263596
24811068671471,-0.7540643423936192
24848015186727,-0.7540643423936192
24941311350710,-0.6719321285344858
24958752762868,-0.5825053462263596
24982330489325,-0.712375224530957
25025038358477,-0.4547142583452114
25038272605281,-0.6719321285344858
25079766780223,-0.4547142583452114
25129641449325,-0.5825053462263596
25173515715306,-0.4340556041136897
25221759641450,-0.5329307810791537
25271973043404,-0.4340556041136897
25295960929925,-0.7540643423936192
25434384862029,-0.7540643423936192
25604358630496,-0.7540643423936192
25648895772245,-0.6719321285344858
25664002860836,-0.4547142583452114
25678600232435,-0.6597748090798966
25733592903066,-0.4547142583452114
25872685387946,-0.5329307810791537
25942644156793,-0.4547142583452114
26000448704660,-0.4547142583452114
26502200758607,-0.6719321285344858
26550714087691,-0.7159602082500641
26594116268187,-0.4547142583452114
26801050195300,-0.712375224530957
26806251186457,-0.4547142583452114
26835187883703,-0.5240268331974867
26976207812148,-0.6719321285344858
27099545577493,-0.4547142583452114
27137446130807,-0.6597748090798966
27198946181573,-0.6719321285344858
27344638592727,-0.7540643423936192
27452252955267,-0.7311111818334803
27458540919948,-0.6719321285344858
27515654540897,-0.37016749323526815
27552224576233,-0.7540643423936192
27681940073549,-0.5825053462263596
27861206603297,-0.3484302192705804
27885921918473,-0.4547142583452114
27937459349205,-0.5825053462263596
27962583418740,-0.5825053462263596
27974902818301,-0.4547142583452114
28097991010860,-0.4547142583452114
28193404316663,-0.7540643423936192
28206605692982,-0.7540643423936192
28280283219498,-0.6990257650229246
28428714014044,-0.5825053462263596
28462803328424,-0.6719321285344858
28707565336372,-0.7540643423936192
28967904551963,-0.7540643423936192
29094876613235,-0.7540643423936192
29109340491656,-0.5329307810791537
29123456843228,-0.4547142583452114
29135378338092,-0.4547142583452114
29141408660208,-0.4340556041136897
29329528510500,-0.5240268331974867
29511614844557,-0.7393400558468726
29519971173724,-0.712375224530957
29632189006816,-0.4340556041136897
29667941991313,-0.4547142583452114
29771676227908,-0.5825053462263596
29901652691680,-0.7393400558468726
30110280326357,-0.5329307810791537
30131571320250,-0.5825053462263596
30511698560905,-0.7540643423936192
30562534139578,-0.4340556041136897
30631881667929,-0.5240268331974867
30727313486772,-0.7540643423936192
30731839541830,-0.5329307810791537
30983981944508,-0.6719321285344858
30997706451775,-0.6719321285344858
31034087961670,-0.3484302192705804
31244706081814,-0.6719321285344858
31251903269047,-0.37016749323526815
31278168652882,-0.7540643423936192
31406911096061,-0.5329307810791537
31517729663529,-0.4340556041136897
31520729178616,-0.4547142583452114
31646513567522,-0.4547142583452114
31675756772132,-0.6990257650229246
31682799002197,-0.3484302192705804
31752054035642,-0.7540643423936192
31771997540804,-0.7311111818334803
31827848594342,-0.37016749323526815
31887932412934,-0.6719321285344858
31981261312386,-0.4547142583452114
32018599878976,-0.4547142583452114
32018647795219,-0.4340556041136897
32172457577866,-0.7311111818334803
32237120709977,-0.7311111818334803
32288152001464,-0.37016749323526815
32382618840958,-0.5329307810791537
32424587532770,-0.5240268331974867
32493817078725,-0.4340556041136897
32525160440118,-0.7540643423936192
32631259087756,-0.6719321285344858
32636123687386,-0.4547142583452114
32672076735193,-0.4340556041136897
32705686740924,-0.4547142583452114
32910464048464,-0.6990257650229246
32927863889723,-0.4340556041136897
32938462930463,-0.4547142583452114
32942630197982,-0.5825053462263596
33009929417484,-0.6719321285344858
33041722021847,-0.7540643423936192
33198598833507,-0.4547142583452114
33337140820305,-0.6719321285344858
33565202660085,-0.4340556041136897
33593026383617,-0.7540643423936192
33620717974906,-0.7540643423936192
33708154773722,-0.4547142583452114
33709011353822,-0.4547142583452114
33807976559097,-0.6719321285344858
33893219830739,-0.6719321285344858
33941675236958,-0.7540643423936192
34044781987531,-0.5329307810791537
34123469560813,-0.4547142583452114
34169175962718,-0.7311111818334803
34364862921053,-0.7311111818334803
34428630810671,-0.4547142583452114
34464922734439,-0.712375224530957
34558027787791,-0.4340556041136897
34911945874003,-0.4547142583452114
34961363998209,-0.7393400558468726
34961724224362,-0.7311111818334803
35055339711515,-0.4547142583452114
35155334886347,-0.4547142583452114
35195278987371,-0.5240268331974867
35212616943506,-0.5329307810791537
35454264111269,-0.4547142583452114
35464969594305,-0.4547142583452114
35594903146681,-0.4340556041136897
35660587534859,-0.4340556041136897
35724202108659,-0.4547142583452114
35733888643667,-0.4547142583452114
35890796918750,-0.4547142583452114
35944253820213,-0.6719321285344858
36215242736625,-0.4547142583452114
36403133233064,-0.4547142583452114
36403782243263,-0.5329307810791537
36547654754278,-0.37016749323526815
36595292286795,-0.4547142583452114
36659127796283,-0.5825053462263596
36767930387710,-0.7311111818334803
36771429737417,-0.6990257650229246
36864094785780,-0.5329307810791537
36956534894794,-0.7540643423936192
36987641848295,-0.5329307810791537
37104745196472,-0.712375224530957
37112700789956,-0.6719321285344858
37143918336671,-0.4547142583452114
37362592886047,-0.4547142583452114
37854730444689,-0.3484302192705804
37867283809724,-0.7311111818334803
37997311246047,-0.5329307810791537
38000748078213,-0.7540643423936192
38005967066548,-0.4340556041136897
38069159201644,-0.4340556041136897
38479189594316,-0.7540643423936192
38625914245024,-0.7311111818334803
38633499172406,-0.4547142583452114
38730259217897,-0.4340556041136897
38894203764772,-0.712375224530957
39047664696141,-0.7311111818334803
39155425859914,-0.7540643423936192
39305700925823,-0.4547142583452114
39598805417307,-0.6719321285344858
39744478462399,-0.4547142583452114
40063326901032,-0.3484302192705804
40128861782820,-0.4547142583452114
40191920267644,-0.4547142583452114
40279004976610,-0.7159602082500641
40481189652638,-0.4547142583452114
40556897138991,-0.4547142583452114
40566415692810,-0.4547142583452114
40600078796222,-0.7540643423936192
40672812083094,-0.37016749323526815
40684613646650,-0.7540643423936192
40833296424528,-0.7540643423936192
40875842004488,-0.6719321285344858
40898643840062,-0.6719321285344858
40935613417180,-0.7540643423936192
40959991306151,-0.4547142583452114
41153576659142,-0.7540643423936192
41182371972941,-0.5825053462263596
41216960885423,-0.4340556041136897
41222129535492,-0.7540643423936192
41468131528818,-0.37016749323526815
41529978105243,-0.5825053462263596
41583393454508,-0.4547142583452114
41651284231986,-0.6719321285344858
41916326130177,-0.6719321285344858
41992615911459,-0.37016749323526815
42006612731974,-0.6719321285344858
42059717960577,-0.6719321285344858
42204163905483,-0.5240268331974867
42267357251180,-0.4547142583452114
42284205704420,-0.6719321285344858
42288558148727,-0.4547142583452114
42546890156722,-0.7540643423936192
42584710114148,-0.4547142583452114
42586219457424,-0.6719321285344858
42641730943000,-0.4547142583452114
42654719757498,-0.7540643423936192
42804983606192,-0.3484302192705804
42943190041438,-0.7393400558468726
43106900719148,-0.4547142583452114
43324848523831,-0.7540643423936192
43344458523403,-0.5329307810791537
43519991060918,-0.6990257650229246
43549303682526,-0.7540643423936192
43637292906987,-0.4590443828435093
43674745588476,-0.6719321285344858
43690124958978,-0.7540643423936192
43720651635128,-0.5825053462263596
43798073661796,-0.7540643423936192
43865037252039,-0.3484302192705804
44060377317847,-0.7311111818334803
44062329049750,-0.6990257650229246
44133907263927,-0.4547142583452114
44167137423862,-0.3484302192705804
44199333801954,-0.6719321285344858
44216003341475,-0.39540878482795266
44363282697362,-0.6719321285344858
44439782548607,-0.7540643423936192
44475004154543,-0.7159602082500641
44522822228140,-0.7540643423936192
44549732324463,-0.7159602082500641
44571462757542,-0.7540643423936192
44583541347019,-0.7311111818334803
44787598902132,-0.5825053462263596
44996476451352,-0.4547142583452114
45044637819727,-0.6719321285344858
45054147071404,-0.4547142583452114
45217598374563,-0.6990257650229246
45356800943202,-0.712375224530957
45438484890708,-0.7311111818334803
45476353918145,-0.712375224530957
45577530652969,-0.4547142583452114
45934250448403,-0.37016749323526815
46102348697759,-0.712375224530957
46250552755941,-0.4547142583452114
46426830365169,-0.37016749323526815
46431391174730,-0.3484302192705804
46441330592114,-0.7540643423936192
46448263298935,-0.4340556041136897
46642755396793,-0.7540643423936192
46761333501059,-0.4547142583452114
46765612717759,-0.6719321285344858
46777765603668,-0.37016749323526815
46794960939830,-0.3484302192705804
46842188366232,-0.6719321285344858
46873396716712,-0.7540643423936192
46946689727403,-0.6597748090798966
47086614178719,-0.4340556041136897
47142631976598,-0.5240268331974867
47145293803802,-0.39540878482795266
47156455395224,-0.5329307810791537
47251855029268,-0.4547142583452114
47267081206564,-0.7540643423936192
47359064340687,-0.37016749323526815
47403474043109,-0.7393400558468726
47690842332954,-0.5329307810791537
48124353206546,-0.7311111818334803
48260592856413,-0.4547142583452114
48352262271583,-0.37016749323526815
48437024390578,-0.6719321285344858
48497653266604,-0.7540643423936192
48595052312988,-0.5240268331974867
48698321559027,-0.5329307810791537
48776171451544,-0.6990257650229246
48800168481821,-0.7540643423936192
48950551112240,-0.7393400558468726
49013960154823,-0.4547142583452114
49107850541863,-0.5825053462263596
49109475813092,-0.5825053462263596
49114704921544,-0.6597748090798966
49140321549626,-0.7540643423936192
49181536255241,-0.6719321285344858
49187826093122,-0.7311111818334803
49245174912811,-0.7540643423936192
49341166783391,-0.6719321285344858
49383605419546,-0.5825053462263596
49457979933089,-0.7311111818334803
49501021970924,-0.7540643423936192
49714357540234,-0.37016749323526815
49960448854087,-0.5825053462263596
49986436413086,-0.4547142583452114
50063570730067,-0.7540643423936192
50327313240902,-0.6990257650229246
50393910363123,-0.6990257650229246
50447404444104,-0.7393400558468726
50547313277125,-0.7393400558468726
50643552316946,-0.3484302192705804
50706340620530,-0.5240268331974867
50825738244324,-0.37016749323526815
50890244369172,-0.4547142583452114
51046354192406,-0.4547142583452114
51126360439840,-0.6719321285344858
51150197298052,-0.6990257650229246
51229022352495,-0.6719321285344858
51256625512600,-0.6719321285344858
51406337094445,-0.7540643423936192
51441865290601,-0.5240268331974867
51465179973999,-0.4547142583452114
51545828020585,-0.5825053462263596
51551799611615,-0.7311111818334803
51744188180156,-0.4547142583452114
51827604855538,-0.4340556041136897
51898525271825,-0.7540643423936192
52016360048029,-0.6719321285344858
52232213878874,-0.4547142583452114
52261297703691,-0.39540878482795266
52510706281744,-0.37016749323526815
52638967279442,-0.7540643423936192
52712150734365,-0.3484302192705804
52826002028388,-0.7540643423936192
52988329541978,-0.4547142583452114
53126794783964,-0.4547142583452114
53156434769451,-0.7311111818334803
53284012500024,-0.7540643423936192
53358227044877,-0.39540878482795266
53366157692523,-0.4547142583452114
53382320506301,-0.6719321285344858
53563211882629,-0.4547142583452114
53587843475486,-0.7540643423936192
53732969485070,-0.5825053462263596
53904991682149,-0.7540643423936192
53981581275563,-0.7393400558468726
54055016258798,-0.4547142583452114
54310057022074,-0.5240268331974867
54358093789905,-0.7540643423936192
54367664865911,-0.712375224530957
54439897230883,-0.6990257650229246
54466660826687,-0.7393400558468726
54558559475619,-0.6990257650229246
54615407893408,-0.5240268331974867
54685906404449,-0.5825053462263596
54800057659950,-0.6719321285344858
54820617361654,-0.7540643423936192
54837722206931,-0.6990257650229246
55038264446398,-0.4547142583452114
55142464566505,-0.4547142583452114
55228681689292,-0.5329307810791537
55282382078485,-0.7540643423936192
55393597474959,-0.5329307810791537
55410631456666,-0.4547142583452114
55518082143573,-0.4547142583452114
55518652638001,-0.4547142583452114
55673198659595,-0.6597748090798966
55779649136852,-0.6719321285344858
55796538055475,-0.7393400558468726
55802229332412,-0.7540643423936192
55817732494820,-0.6719321285344858
55951543650339,-0.3484302192705804
55952455697067,-0.7540643423936192
56051696191068,-0.5329307810791537
56219533706964,-0.7393400558468726
56325754744231,-0.6719321285344858
56353128510433,-0.7540643423936192
56361419055999,-0.39540878482795266
56398026815632,-0.5825053462263596
56645226421296,-0.7311111818334803
56661139092806,-0.7540643423936192
56690148099175,-0.4547142583452114
56786944202282,-0.7540643423936192
56928548582812,-0.5240268331974867
56966270799965,-0.7393400558468726
56991918349387,-0.6719321285344858
57225539264373,-0.7393400558468726
57265754521481,-0.5825053462263596
57280719065297,-0.4547142583452114
57319318179578,-0.7540643423936192
57320463452985,-0.4547142583452114
57703827841647,-0.7540643423936192
57707319359243,-0.4547142583452114
57766393859093,-0.7311111818334803
57775096181989,-0.6719321285344858
57899093304771,-0.7540643423936192
58107939431732,-0.6719321285344858
58236295175808,-0.6719321285344858
58637775259389,-0.6719321285344858
58657527146165,-0.4547142583452114
58701697198341,-0.7540643423936192
59047026246082,-0.6719321285344858
59066903197386,-0.6990257650229246
59284532457853,-0.4547142583452114
59389610774465,-0.4547142583452114
59779842897829,-0.5240268331974867
59843286805388,-0.7311111818334803
60216053946774,-0.6719321285344858
60235818270298,-0.712375224530957
60263837768118,-0.6719321285344858
60263892137242,-0.4340556041136897
60319288606144,-0.37016749323526815
60338064849324,-0.6719321285344858
60472749612210,-0.7540643423936192
60504050944717,-0.5329307810791537
60674045987693,-0.5825053462263596
60702270952686,-0.7540643423936192
60762587057768,-0.4547142583452114
60922376383976,-0.712375224530957
61069857099955,-0.712375224530957
61074835782675,-0.5240268331974867
61237554349502,-0.7311111818334803
61240627085683,-0.4547142583452114
61368320526081,-0.3484302192705804
61422062172047,-0.5329307810791537
61960587202712,-0.5825053462263596
61982182618072,-0.3484302192705804
62027153462597,-0.37016749323526815
62119429706493,-0.4547142583452114
62195201599553,-0.6719321285344858
62204176550621,-0.5240268331974867
62226629119787,-0.712375224530957
62272276824336,-0.5825053462263596
62283380424214,-0.7540643423936192
62318183048111,-0.7540643423936192
62359493943940,-0.4547142583452114
62493537978617,-0.6597748090798966
62596620076406,-0.4340556041136897
62600223046173,-0.7393400558468726
62641842882092,-0.5240268331974867
62682373559631,-0.4547142583452114
62722614329713,-0.7540643423936192
62918974306117,-0.4547142583452114
63291511255262,-0.7393400558468726
63870914434942,-0.4547142583452114
63952081215237,-0.4547142583452114
64016425988463,-0.3484302192705804
64099032985395,-0.6719321285344858
64118821141443,-0.4340556041136897
64241488184524,-0.7540643423936192
64241910380653,-0.6990257650229246
64266339186502,-0.7311111818334803
64593616287948,-0.5329307810791537
64614404164602,-0.6719321285344858
65104272162301,-0.6719321285344858
65137796015865,-0.7540643423936192
65373933621535,-0.6719321285344858
65394400347680,-0.7540643423936192
65474739756752,-0.3484302192705804
65565909622485,-0.7311111818334803
65599309032884,-0.5825053462263596
65684840589930,-0.7311111818334803
65850976463126,-0.7540643423936192
65857614826349,-0.4547142583452114
65936712978107,-0.7311111818334803
65945353505635,-0.7311111818334803
65962467953128,-0.5240268331974867
65999645242324,-0.4547142583452114
66003517992621,-0.7540643423936192
66023766104592,-0.7540643423936192
66045885877090,-0.7393400558468726
66100790324411,-0.6719321285344858
66155785620546,-0.7311111818334803
66158588449473,-0.6719321285344858
66236478610215,-0.37016749323526815
66262057777514,-0.4547142583452114
66386044581230,-0.5240268331974867
66432804385191,-0.7540643423936192
66469825280307,-0.7540643423936192
66629321797248,-0.6719321285344858
66638276848471,-0.7311111818334803
66705111923267,-0.6719321285344858
66804388550568,-0.4547142583452114
66963783882478,-0.712375224530957
67098512815459,-0.4547142583452114
67122851515807,-0.7540643423936192
67151673463120,-0.4547142583452114
67170936393932,-0.6719321285344858
67198057284672,-0.6719321285344858
67351262357493,-0.6719321285344858
67394684900296,-0.4340556041136897
67959300837559,-0.7311111818334803
67976616944208,-0.7540643423936192
68042752144878,-0.7540643423936192
68074929708569,-0.7393400558468726
68124382292701,-0.7393400558468726
68139231104510,-0.5825053462263596
68174885944419,-0.4547142583452114
68212563307589,-0.5825053462263596
68240387769197,-0.6719321285344858
68297149207901,-0.7540643423936192
68415573481528,-0.5825053462263596
68541895495838,-0.7311111818334803
68666392103769,-0.4547142583452114
68704763249715,-0.4547142583452114
68721651252160,-0.7540643423936192
68840047325230,-0.4547142583452114
68862443314051,-0.4547142583452114
68894025073638,-0.4547142583452114
68993858578946,-0.6719321285344858
69020140231167,-0.7311111818334803
69044176735228,-0.3484302192705804
69118228593780,-0.6719321285344858
69176282043018,-0.4340556041136897
69348195402969,-0.7540643423936192
69450844745155,-0.4547142583452114
69487097278008,-0.4547142583452114
69541946784774,-0.7540643423936192
69551473248154,-0.5240268331974867
69606673556880,-0.7159602082500641
69672932586954,-0.4547142583452114
69752173648326,-0.4547142583452114
69855384315502,-0.4547142583452114
69884542024343,-0.712375224530957
69931834506887,-0.7540643423936192
70056929876266,-0.6719321285344858
70121275023858,-0.5825053462263596
70198104319828,-0.7393400558468726
70275679345672,-0.3484302192705804
70293862356744,-0.5825053462263596
70495565794174,-0.7540643423936192
70540604025119,-0.5329307810791537
70624817732049,-0.6990257650229246
70738468299744,-0.5240268331974867
70744329537147,-0.4547142583452114
70775308640469,-0.7540643423936192
70864460352855,-0.7311111818334803
70986883527835,-0.6597748090798966
71117618882083,-0.4340556041136897
71259049007190,-0.5825053462263596
71383178344508,-0.6719321285344858
71394436989244,-0.5825053462263596
71449952896676,-0.5329307810791537
71473086851371,-0.5825053462263596
71488185050378,-0.7540643423936192
71492571660026,-0.6719321285344858
71530925460636,-0.4547142583452114
71616981912448,-0.7540643423936192
71639128058520,-0.5825053462263596
71940907335782,-0.5825053462263596
72133658163406,-0.4547142583452114
72171059527105,-0.6719321285344858
72317381267478,-0.5329307810791537
72336261947888,-0.4547142583452114
72384683958615,-0.4547142583452114
72393310507176,-0.4547142583452114
72436020820021,-0.4547142583452114
72454974121228,-0.7540643423936192
72506311069101,-0.7540643423936192
72531265585541,-0.6597748090798966
72729373682437,-0.7393400558468726
72794310517952,-0.3484302192705804
72994134262312,-0.7311111818334803
73340617427227,-0.712375224530957
73346149704601,-0.7540643423936192
73389095824965,-0.7159602082500641
73556625452359,-0.5329307810791537
73579963076183,-0.6719321285344858
73591042629309,-0.7540643423936192
73662191637457,-0.7540643423936192
73833989798234,-0.4547142583452114
73877508086397,-0.4340556041136897
73970184888758,-0.6719321285344858
74090974976292,-0.7311111818334803
74093444053626,-0.7393400558468726
74230017226216,-0.4547142583452114
74262144851365,-0.5825053462263596
74293528028291,-0.7311111818334803
74307890965866,-0.6719321285344858
74462021394914,-0.37016749323526815
74490891612373,-0.4547142583452114
74674819571011,-0.37016749323526815
74762970089425,-0.4547142583452114
74791779574524,-0.7393400558468726
75130432947061,-0.6719321285344858
75230675080537,-0.5329307810791537
75274040893114,-0.4547142583452114
75368200341386,-0.7393400558468726
75451714656360,-0.5825053462263596
75474282171847,-0.7540643423936192
75531136691970,-0.7540643423936192
75670733679828,-0.4547142583452114
75847922263723,-0.5329307810791537
75983897562172,-0.6719321285344858
76046447602898,-0.4547142583452114
76099117186198,-0.4547142583452114
76242631360708,-0.7540643423936192
76246641018198,-0.7540643423936192
76251561769083,-0.5240268331974867
76259323823003,-0.6719321285344858
76416007806028,-0.7311111818334803
76830606155097,-0.6719321285344858
76926321591939,-0.6719321285344858
77046398695997,-0.7393400558468726
77414523683868,-0.4547142583452114
77424188398058,-0.7311111818334803
77441030447438,-0.4547142583452114
77529115828212,-0.4547142583452114
77832014614514,-0.6597748090798966
77938182410849,-0.4547142583452114
78049232604093,-0.7540643423936192
78191777393020,-0.5240268331974867
78247410979667,-0.6719321285344858
78433456398897,-0.7311111818334803
78596267942434,-0.7311111818334803
78600605929477,-0.712375224530957
78876662581754,-0.4547142583452114
79143072351141,-0.7540643423936192
79186781194493,-0.4547142583452114
79318768156379,-0.5240268331974867
79611493384041,-0.4547142583452114
79739355800798,-0.4547142583452114
79747927473613,-0.7540643423936192
79748064182968,-0.4340556041136897
79899000940625,-0.6719321285344858
79935966435733,-0.7540643423936192
79971319141371,-0.4547142583452114
80026176673917,-0.6597748090798966
80544347167810,-0.5825053462263596
80556418166017,-0.7311111818334803
80583469295800,-0.6719321285344858
80683970075711,-0.6719321285344858
80897223187467,-0.6597748090798966
80916840867803,-0.7311111818334803
81054484480398,-0.4340556041136897
81173200805986,-0.7393400558468726
81230409205904,-0.712375224530957
81258746185207,-0.7393400558468726
81261836926950,-0.712375224530957
81282191504302,-0.5825053462263596
81404086970392,-0.7540643423936192
81623003875689,-0.4547142583452114
81708851723990,-0.5329307810791537
81911532385768,-0.4340556041136897
81948744962960,-0.7393400558468726
81968746297433,-0.6990257650229246
82068978211116,-0.6719321285344858
82090712322259,-0.7311111818334803
82137393023375,-0.712375224530957
82219759002345,-0.7540643423936192
82327153923829,-0.6719321285344858
82501599420782,-0.6719321285344858
82702311673446,-0.4547142583452114
82718533711970,-0.6719321285344858
82739463347853,-0.7540643423936192
82812074749458,-0.4547142583452114
82894169698233,-0.37016749323526815
83169146490136,-0.4547142583452114
83209366763861,-0.4547142583452114
83359054340279,-0.5825053462263596
83424203388773,-0.6597748090798966
83466702200453,-0.5825053462263596
83518560254144,-0.7311111818334803
83553484797853,-0.6990257650229246
83728724602855,-0.7311111818334803
83991728815376,-0.7540643423936192
84386843204830,-0.7540643423936192
84459324266368,-0.5329307810791537
84473842647330,-0.6719321285344858
84510535024257,-0.4547142583452114
84547806104902,-0.4547142583452114
84560365002131,-0.37016749323526815
84599651114557,-0.712375224530957
84752201688373,-0.5240268331974867
84882162529545,-0.7540643423936192
84890945821922,-0.6719321285344858
84901225785357,-0.37016749323526815
84940183729311,-0.4340556041136897
85044611492193,-0.6719321285344858
85072271713330,-0.6719321285344858
85080458905101,-0.6990257650229246
85088531917620,-0.39540878482795266
85162714817286,-0.7159602082500641
85165392221618,-0.4547142583452114
85169587768654,-0.5240268331974867
85283376495454,-0.4547142583452114
85515579781024,-0.4547142583452114
85522058722469,-0.5825053462263596
85593091490251,-0.4547142583452114
85695867419009,-0.712375224530957
85706326611759,-0.7540643423936192
85708036858082,-0.712375224530957
85744651051408,-0.7540643423936192
85966687449844,-0.7540643423936192
86091171839110,-0.39540878482795266
86280948371024,-0.39540878482795266
86400813931110,-0.6719321285344858
86600654978059,-0.7311111818334803
86975271317503,-0.7540643423936192
87000202965261,-0.7311111818334803
87036057140991,-0.6719321285344858
87099689906646,-0.5329307810791537
87209272836396,-0.3484302192705804
87254336263050,-0.5329307810791537
87270855197935,-0.6719321285344858
87292325353972,-0.4547142583452114
87353603854685,-0.5329307810791537
87570392715049,-0.4547142583452114
87637359303839,-0.7311111818334803
87646998994284,-0.6719321285344858
87698455416731,-0.7311111818334803
87754582392444,-0.7540643423936192
87775537183461,-0.5825053462263596
87796177263399,-0.712375224530957
87985107028440,-0.7393400558468726
88099626246875,-0.5825053462263596
88108775564255,-0.5240268331974867
88110511814492,-0.4547142583452114
88146979395293,-0.4547142583452114
88156396939327,-0.5825053462263596
88312664236724,-0.6719321285344858
88371779780049,-0.7540643423936192
88376531051105,-0.5240268331974867
88435353288051,-0.4547142583452114
88774802059863,-0.3484302192705804
88972676751840,-0.5240268331974867
89043435225095,-0.4547142583452114
89056401284942,-0.5329307810791537
89068536348604,-0.7311111818334803
89073329847717,-0.7540643423936192
89081474512986,-0.7540643423936192
89118162559272,-0.4547142583452114
89211912696946,-0.4547142583452114
89252417507470,-0.4547142583452114
89431323371907,-0.7540643423936192
89582543222124,-0.6719321285344858
89820723102017,-0.37016749323526815
89823611356418,-0.5825053462263596
90048139260908,-0.5240268331974867
90057580089231,-0.7393400558468726
90256954270469,-0.5329307810791537
90272218980542,-0.5329307810791537
90442034354421,-0.6719321285344858
90845012230305,-0.4547142583452114
90890827946134,-0.4547142583452114
91020015850556,-0.4547142583452114
91051175391806,-0.4547142583452114
91174151505474,-0.7540643423936192
91294708145317,-0.6990257650229246
91299721681760,-0.6719321285344858
91360256477750,-0.7540643423936192
91370847446393,-0.4547142583452114
91581053104955,-0.7540643423936192
91750688281545,-0.6990257650229246
91810059617138,-0.7540643423936192
91934562403356,-0.7393400558468726
92069241350986,-0.4340556041136897
92177699394480,-0.7311111818334803
92187568872275,-0.712375224530957
92210237353486,-0.5329307810791537
92314099786343,-0.4547142583452114
92362458236482,-0.6719321285344858
92400554356182,-0.5329307810791537
92410086183971,-0.5825053462263596
92939468416662,-0.5240268331974867
92960557687824,-0.4340556041136897
93112569826627,-0.4340556041136897
93361062414786,-0.712375224530957
93410440190322,-0.5825053462263596
93480855150846,-0.4547142583452114
93554363593336,-0.4547142583452114
93572075045051,-0.4547142583452114
93577339085789,-0.5329307810791537
93607199908949,-0.7393400558468726
93741921172549,-0.4547142583452114
93830965110654,-0.5825053462263596
93842940931286,-0.7540643423936192
93997008677540,-0.7540643423936192
94010605595852,-0.5329307810791537
94109723872378,-0.4547142583452114
94294509514732,-0.3484302192705804
94343378859485,-0.7540643423936192
94602911892908,-0.4547142583452114
94621478814073,-0.5825053462263596
94793582244142,-0.6719321285344858
94794758286384,-0.7311111818334803
94809334238164,-0.7311111818334803
95034233363370,-0.7311111818334803
95097044498689,-0.4547142583452114
95151998364850,-0.5329307810791537
95154830964779,-0.5825053462263596
95162581235824,-0.7311111818334803
95334949964655,-0.5240268331974867
95366027264730,-0.7540643423936192
95587365311525,-0.7540643423936192
95617978859999,-0.6719321285344858
95723669065208,-0.7393400558468726
96097526991612,-0.5240268331974867
96200885890989,-0.4340556041136897
96309368996617,-0.4547142583452114
96360082205695,-0.5825053462263596
96366059243422,-0.712375224530957
96367442504332,-0.7393400558468726
96443802082787,-0.39540878482795266
96527253454010,-0.7540643423936192
96629520669002,-0.7540643423936192
96743843166951,-0.7540643423936192
96768364356294,-0.5240268331974867
96849750554294,-0.6990257650229246
97047154850474,-0.3484302192705804
97151487063608,-0.6719321285344858
97299695205915,-0.7311111818334803
97313971736967,-0.7393400558468726
97434529522957,-0.7311111818334803
97447041664339,-0.5240268331974867
97571958941270,-0.5825053462263596
97669030207761,-0.6719321285344858
98082800321313,-0.7540643423936192
98173396268504,-0.6719321285344858
98251097986159,-0.6719321285344858
98295016796129,-0.5825053462263596
98322623449997,-0.7540643423936192
98459753204418,-0.7540643423936192
98634858795640,-0.7540643423936192
98960665162845,-0.5329307810791537
99173985444052,-0.7540643423936192
99214079897632,-0.4547142583452114
99245076841237,-0.7393400558468726
99247860005355,-0.7393400558468726
99325402682200,-0.7540643423936192
99433709637628,-0.5825053462263596
99451003871940,-0.7393400558468726
99556213514853,-0.4547142583452114
99585779467094,-0.7540643423936192
99610488146116,-0.7311111818334803
99634639693704,-0.7311111818334803
99665487616143,-0.7159602082500641
99879268999436,-0.712375224530957
99909834285523,-0.712375224530957
99982610367897,-0.6597748090798966
100016000214397,-0.4547142583452114
100068556655179,-0.6719321285344858
100183508781375,-0.5240268331974867
100321728296922,-0.5329307810791537
100335077785399,-0.7540643423936192
100448132893064,-0.6719321285344858
100470301555470,-0.39540878482795266
100474918892742,-0.6597748090798966
100546018070703,-0.7311111818334803
100585877291720,-0.7311111818334803
100640917612463,-0.7540643423936192
100645067672704,-0.7159602082500641
100679798534570,-0.6990257650229246
100700589048911,-0.7393400558468726
100752064043005,-0.5825053462263596
100786110151411,-0.7540643423936192
100933312427938,-0.4547142583452114
101029640343332,-0.4547142583452114
101153579975722,-0.6597748090798966
101410289455612,-0.4547142583452114
101540004679971,-0.7540643423936192
101594685646838,-0.4547142583452114
101610859166342,-0.7540643423936192
101789859706221,-0.4547142583452114
102093726952994,-0.7393400558468726
102104125242641,-0.6719321285344858
102238300124357,-0.4547142583452114
102392472073863,-0.7540643423936192
102396839820635,-0.5825053462263596
102409272102279,-0.6719321285344858
102471488739350,-0.7540643423936192
102487465356648,-0.6719321285344858
102617015425173,-0.7540643423936192
102727193111178,-0.5240268331974867
102727950197378,-0.712375224530957
102805799477781,-0.4547142583452114
102880454353849,-0.5329307810791537
102906254427916,-0.4547142583452114
102910190149634,-0.4547142583452114
102920676336119,-0.6719321285344858
102966511094370,-0.4547142583452114
102999431535289,-0.6990257650229246
103108233154081,-0.4547142583452114
103374827140597,-0.7540643423936192
103430505949823,-0.7540643423936192
103461948683851,-0.4547142583452114
103577708573449,-0.6990257650229246
103598027996997,-0.5240268331974867
103599874648533,-0.7540643423936192
103658142217492,-0.7540643423936192
103667549386433,-0.7540643423936192
103720818945523,-0.4547142583452114
103759016930222,-0.4547142583452114
103778170769269,-0.6719321285344858
103861477961503,-0.7393400558468726
103882222464025,-0.7540643423936192
104108848631157,-0.4547142583452114
104207181788078,-0.5825053462263596
104482473648757,-0.37016749323526815
104485945295907,-0.4547142583452114
104658229113950,-0.4340556041136897
104851821179869,-0.7393400558468726
105025125926033,-0.4547142583452114
105187647955746,-0.4547142583452114
105273146992084,-0.6719321285344858
105506207644552,-0.6719321285344858
105520755498770,-0.712375224530957
105527682427636,-0.5825053462263596
105669045906523,-0.6719321285344858
105822927435087,-0.5240268331974867
105830838244302,-0.4547142583452114
105891435544106,-0.3484302192705804
105964021871934,-0.7540643423936192
105972511823341,-0.4547142583452114
105991734579042,-0.37016749323526815
106129980382001,-0.6719321285344858
106266744563234,-0.5825053462263596
106298526077769,-0.7540643423936192
106414168954961,-0.4340556041136897
106431737938019,-0.7540643423936192
106527189114009,-0.7540643423936192
106575019702418,-0.6719321285344858
106784211493378,-0.7311111818334803
107005005391762,-0.7159602082500641
107097129792418,-0.4340556041136897
107181211609098,-0.5329307810791537
107242999527368,-0.4340556041136897
107287824426750,-0.5240268331974867
107316178067892,-0.7540643423936192
107577203039115,-0.7540643423936192
107639802732469,-0.4547142583452114
107725809596623,-0.7311111818334803
107923572022567,-0.4547142583452114
108132995902648,-0.7540643423936192
108157232932239,-0.5240268331974867
108213988466089,-0.6719321285344858
108247035791092,-0.7540643423936192
108388089981467,-0.7540643423936192
108747527703335,-0.7311111818334803
108796554289879,-0.4547142583452114
108943076297895,-0.39540878482795266
109015547350542,-0.4547142583452114
109131366060791,-0.6719321285344858
109204743731930,-0.4340556041136897
109324818115866,-0.6719321285344858
109395440343169,-0.4547142583452114
109619350348257,-0.5240268331974867
109907397386514,-0.7311111818334803
109999215338205,-0.6719321285344858
110005563379591,-0.7540643423936192
110170417989407,-0.712375224530957
110347582246292,-0.4547142583452114
110432679644198,-0.6719321285344858
110447921252290,-0.6990257650229246
110545856062435,-0.6719321285344858
110579645087042,-0.5825053462263596
110756937505068,-0.712375224530957
110851126543555,-0.6990257650229246
110976807888012,-0.4547142583452114
110988534578813,-0.5329307810791537
111117774228229,-0.7540643423936192
111220684665545,-0.6990257650229246
111468949671615,-0.7159602082500641
111474396429431,-0.7311111818334803
111563095810201,-0.6597748090798966
111573568413296,-0.4547142583452114
111664015930350,-0.4547142583452114
111722517234505,-0.5329307810791537
111807267155783,-0.7540643423936192
111847217797966,-0.5825053462263596
112000929120886,-0.712375224530957
112051669067364,-0.37016749323526815
112155131770400,-0.7540643423936192
112186534043649,-0.3484302192705804
112245055715538,-0.5329307810791537
112253108033658,-0.37016749323526815
112399705566121,-0.37016749323526815
112435888111447,-0.4547142583452114
112547867341951,-0.5329307810791537
112618974590311,-0.7540643423936192
112871975359481,-0.7540643423936192
112946585208988,-0.6719321285344858
112973979210668,-0.7540643423936192
113194346280461,-0.712375224530957
113318600886674,-0.3484302192705804
113327108860561,-0.6597748090798966
113479005255177,-0.4547142583452114
113572203404663,-0.4547142583452114
113586006834701,-0.6719321285344858
113662258078494,-0.4547142583452114
113677906767156,-0.5329307810791537
113694964607092,-0.4340556041136897
113795368523161,-0.4547142583452114
113895476085976,-0.7540643423936192
113923162755512,-0.4547142583452114
114004594017798,-0.7540643423936192
114104560800537,-0.7311111818334803
114171158221113,-0.5825053462263596
114304946566751,-0.712375224530957
114611545348544,-0.5825053462263596
114658803584489,-0.4547142583452114
114700152093721,-0.4340556041136897
114765381993943,-0.4547142583452114
114834045059328,-0.4547142583452114
114870748347904,-0.7540643423936192
114903631991043,-0.5240268331974867
114945943341760,-0.6719321285344858
115260611693891,-0.4547142583452114
115449384244932,-0.6990257650229246
115958875229919,-0.5329307810791537
116188110392604,-0.3484302192705804
116206602098255,-0.7540643423936192
116268581725119,-0.4547142583452114
116402891405540,-0.4547142583452114
116718894531331,-0.7393400558468726
116775162581637,-0.6719321285344858
116829500773451,-0.6719321285344858
116834764943427,-0.4547142583452114
116899666698525,-0.5825053462263596
116938011901513,-0.5240268331974867
117060631087130,-0.5240268331974867
117250171936267,-0.5825053462263596
117288928023538,-0.6719321285344858
117533541246094,-0.4547142583452114
117602322761558,-0.39540878482795266
117678961274856,-0.6719321285344858
117694410843783,-0.7311111818334803
117699114456879,-0.7540643423936192
117706734692371,-0.5240268331974867
117946788276358,-0.4547142583452114
118009898234949,-0.6719321285344858
118057852007251,-0.4547142583452114
118078547957023,-0.4547142583452114
118259676634338,-0.7311111818334803
118355562373466,-0.39540878482795266
118363529402010,-0.5329307810791537
118401117569635,-0.5240268331974867
118525901276922,-0.4547142583452114
118844786741628,-0.4547142583452114
119015485745674,-0.4547142583452114
119185163646777,-0.7393400558468726
119192712739075,-0.6719321285344858
119289572909965,-0.7540643423936192
119319620159603,-0.6719321285344858
119375879681148,-0.6719321285344858
119382024009201,-0.4547142583452114
119519453253503,-0.6990257650229246
119524586494145,-0.6719321285344858
119595840607821,-0.4547142583452114
119747276107263,-0.7540643423936192
119760420344052,-0.4547142583452114
119872961667588,-0.6719321285344858
119918308738011,-0.39540878482795266
120133492142003,-0.5329307810791537
120207588454947,-0.6719321285344858
120477143185454,-0.5329307810791537
120606266757622,-0.6719321285344858
120893065801777,-0.7540643423936192
120900996104832,-0.37016749323526815
120928302664015,-0.7311111818334803
121049428596057,-0.5240268331974867
121206761802439,-0.39540878482795266
121428580718411,-0.5329307810791537
121547331632278,-0.4547142583452114
121787959012280,-0.7540643423936192
121826755472233,-0.7159602082500641
121878870513465,-0.4590443828435093
121905646946712,-0.5329307810791537
121969510437752,-0.4340556041136897
122040131064446,-0.7540643423936192
122224109464650,-0.7540643423936192
122380304553961,-0.4340556041136897
122475302905408,-0.4547142583452114
122543595655247,-0.37016749323526815
122551537412102,-0.6719321285344858
122852719934137,-0.7540643423936192
122889785603104,-0.6719321285344858
122929759741911,-0.4547142583452114
123013376650500,-0.712375224530957
123113641272934,-0.7393400558468726
123161978891113,-0.6719321285344858
123411424219231,-0.5240268331974867
123427119511815,-0.4340556041136897
123481372932072,-0.7311111818334803
123559996720490,-0.7393400558468726
123693257177821,-0.6719321285344858
123937112140141,-0.4547142583452114
124062376725626,-0.6719321285344858
124116990988804,-0.6719321285344858
124141373397367,-0.7311111818334803
124280407591088,-0.6990257650229246
124281856096453,-0.6719321285344858
124402410281464,-0.39540878482795266
124510953890378,-0.3484302192705804
124582217392881,-0.6719321285344858
124586113338973,-0.712375224530957
124642321577516,-0.7540643423936192
124649577165259,-0.7540643423936192
124802961670129,-0.5825053462263596
124819198998691,-0.4547142583452114
125060840586745,-0.7540643423936192
125076691950229,-0.4547142583452114
125244387600531,-0.5329307810791537
125283944665626,-0.6990257650229246
125636880853906,-0.5240268331974867
125891986033232,-0.5329307810791537
125901440864420,-0.5825053462263596
125941064751487,-0.4340556041136897
126022164154440,-0.4547142583452114
126044928905370,-0.6719321285344858
126261550152648,-0.5329307810791537
126317734155557,-0.5825053462263596
126322356521234,-0.5329307810791537
126360286357117,-0.5329307810791537
126511756763533,-0.7540643423936192
126726639276166,-0.7540643423936192
126930231096770,-0.7540643423936192
126993200358482,-0.4547142583452114
127101815778873,-0.4547142583452114
127162316112436,-0.4547142583452114
127226683695048,-0.6719321285344858
127312939507118,-0.5240268331974867
127314305136754,-0.5825053462263596
127346631066336,-0.7540643423936192
127380775126475,-0.7393400558468726
127461378591476,-0.5329307810791537
127461917686186,-0.7393400558468726
127596371303372,-0.7540643423936192
127764241568821,-0.5825053462263596
127777160633575,-0.3484302192705804
127850902057803,-0.5825053462263596
127879118863815,-0.4547142583452114
127923727173915,-0.6719321285344858
127985423490653,-0.6719321285344858
128038317083629,-0.3484302192705804
128061602317303,-0.6990257650229246
128204013573976,-0.7393400558468726
128242659669068,-0.5825053462263596
128429051120383,-0.7393400558468726
128470261991695,-0.7159602082500641
128655685982284,-0.4547142583452114
128711411305954,-0.4340556041136897
128820719966683,-0.7540643423936192
128859652484625,-0.5825053462263596
128898247034327,-0.39540878482795266
129067321627519,-0.7540643423936192
129068428783864,-0.4547142583452114
129254574685831,-0.4547142583452114
129323200930102,-0.5240268331974867
129453765785840,-0.4547142583452114
129526214805069,-0.4340556041136897
129532752091524,-0.5240268331974867
129587578531656,-0.7540643423936192
129590844484357,-0.5329307810791537
129638703659909,-0.4547142583452114
129912296005453,-0.5240268331974867
129959175860102,-0.6719321285344858
129975854488603,-0.4547142583452114
130131600557226,-0.5825053462263596
130236603469531,-0.6719321285344858
130287756272114,-0.7540643423936192
130627768604100,-0.4547142583452114
130746555786740,-0.6719321285344858
130898365313300,-0.6719321285344858
130955008505274,-0.4547142583452114
131081767051163,-0.4547142583452114
131146178193176,-0.4547142583452114
131154744200637,-0.7311111818334803
131162706052469,-0.712375224530957
131198316747758,-0.7540643423936192
131234663609498,-0.6990257650229246
131356342332379,-0.7311111818334803
131517135981832,-0.7159602082500641
131529750018561,-0.4547142583452114
131556934411716,-0.6719321285344858
131576277853809,-0.5329307810791537
131602457882676,-0.4547142583452114
131609155817558,-0.6719321285344858
131660168656219,-0.37016749323526815
131717246601692,-0.7540643423936192
131991043960473,-0.37016749323526815
132210081603828,-0.4590443828435093
132281789094564,-0.37016749323526815
132316689046262,-0.39540878482795266
132365330506715,-0.6719321285344858
132680984361893,-0.4547142583452114
132895667653808,-0.7540643423936192
132913580259634,-0.4547142583452114
133036595670461,-0.7311111818334803
133064349676525,-0.4547142583452114
133076703628186,-0.5240268331974867
133078728743426,-0.4547142583452114
133206106144486,-0.7311111818334803
133218152272279,-0.5825053462263596
133541290940495,-0.5329307810791537
133600203054161,-0.5825053462263596
133845148149944,-0.5825053462263596
134014102661023,-0.5240268331974867
134053093749415,-0.7311111818334803
134115173819504,-0.4547142583452114
134122578578115,-0.6719321285344858
134140742384912,-0.7540643423936192
134395939956654,-0.7393400558468726
134464046095856,-0.7540643423936192
134597567580599,-0.5825053462263596
134674695152201,-0.4547142583452114
134781519064154,-0.6719321285344858
134864707958357,-0.6719321285344858
134922841310048,-0.4547142583452114
134935338982707,-0.7311111818334803
134987318220552,-0.3484302192705804
135042233434209,-0.4547142583452114
135066092798744,-0.712375224530957
135261253154338,-0.5825053462263596
135290922204695,-0.4547142583452114
135461258129202,-0.3484302192705804
135548881433591,-0.7540643423936192
135628754575249,-0.5329307810791537
135660498433893,-0.7540643423936192
135775442082647,-0.5825053462263596
135793771261175,-0.4340556041136897
135975807930039,-0.6990257650229246
136010395820656,-0.5329307810791537
136135695068570,-0.4547142583452114
136216916021391,-0.5825053462263596
136246885926710,-0.7159602082500641
136253818607329,-0.5825053462263596
136269344147858,-0.7393400558468726
136311904466398,-0.7540643423936192
136371036773462,-0.4547142583452114
136462908604177,-0.7540643423936192
136512858263053,-0.6990257650229246
136622375050618,-0.5329307810791537
136629676211245,-0.6990257650229246
136705391598504,-0.6990257650229246
136951361910511,-0.4340556041136897
136993418152042,-0.5825053462263596
136996818779807,-0.5240268331974867
137008259620447,-0.5825053462263596
137137194171175,-0.39540878482795266
137181740983392,-0.7540643423936192
137270235801456,-0.39540878482795266
137298974105668,-0.6719321285344858
137321571965101,-0.6719321285344858
137400351860514,-0.7540643423936192
137543761455778,-0.6719321285344858
137647149437838,-0.6719321285344858
137670141548109,-0.5240268331974867
137782625351794,-0.7311111818334803
137830294373012,-0.37016749323526815
138139058371006,-0.4547142583452114
138147000828833,-0.712375224530957
138175895973043,-0.7540643423936192
138237921089737,-0.5825053462263596
138251605120553,-0.5329307810791537
138606058420414,-0.5240268331974867
138618918511338,-0.6990257650229246
138680029547674,-0.3484302192705804
138680823021309,-0.5825053462263596
138912347055899,-0.37016749323526815
138994088712555,-0.37016749323526815
139084040896288,-0.7540643423936192
139144004332886,-0.7540643423936192
139212957436739,-0.4547142583452114
139234706790725,-0.4547142583452114
139237670308749,-0.6719321285344858
139378202270203,-0.4340556041136897
139520140321192,-0.7393400558468726
139539153390586,-0.37016749323526815
139748002290729,-0.6597748090798966
139804381910073,-0.5825053462263596
139947091850913,-0.5825053462263596
139976088621728,-0.7540643423936192
140303403909626,-0.7311111818334803
140489210318294,-0.7540643423936192
140613692202773,-0.37016749323526815
140675761544268,-0.7540643423936192
140844300320391,-0.4547142583452114
140969050031134,-0.5240268331974867
141059530244911,-0.5825053462263596
141177280712351,-0.6719321285344858
141224110778088,-0.7540643423936192
141326516676938,-0.7393400558468726
141358622657470,-0.6719321285344858
141435091031650,-0.5329307810791537
141618289257410,-0.4340556041136897
141862584470081,-0.7393400558468726
141921903687490,-0.4547142583452114
141927045270088,-0.39540878482795266
141928413518827,-0.7540643423936192
141941320202658,-0.4547142583452114
142127558526445,-0.6719321285344858
142138348538928,-0.7540643423936192
142168834747644,-0.4547142583452114
142191663257104,-0.5240268331974867
142230662306530,-0.4547142583452114
142234879977212,-0.712375224530957
142344771025695,-0.5329307810791537
142441836666160,-0.7540643423936192
142592701137903,-0.7540643423936192
142619398948326,-0.5329307810791537
142646028004761,-0.4340556041136897
142668732147934,-0.7540643423936192
142769133626834,-0.39540878482795266
142886730862045,-0.37016749323526815
143131487019171,-0.4547142583452114
143256925152761,-0.6719321285344858
143465991346429,-0.6990257650229246
143528086016454,-0.4547142583452114
143666165041881,-0.4547142583452114
143721118688556,-0.5240268331974867
143741540463341,-0.7311111818334803
143961987527232,-0.4547142583452114
144036013847392,-0.7311111818334803
144069589630517,-0.4547142583452114
144106125993072,-0.4547142583452114
144124457068391,-0.5329307810791537
144183749955062,-0.4547142583452114
144192246497840,-0.7311111818334803
144334511572898,-0.7540643423936192
144350243266246,-0.4547142583452114
144363600209620,-0.4547142583452114
144438684982677,-0.7311111818334803
144458699460193,-0.4547142583452114
144474008915289,-0.4547142583452114
144650869493366,-0.3484302192705804
144703683962405,-0.7393400558468726
144915620026937,-0.5825053462263596
145000066122276,-0.6719321285344858
145009688375028,-0.37016749323526815
145092394774507,-0.7540643423936192
145228210304844,-0.7311111818334803
145319941798826,-0.6719321285344858
145367153790963,-0.39540878482795266
145419359983749,-0.7311111818334803
145474936923934,-0.5825053462263596
145676217892234,-0.7540643423936192
145743846904794,-0.7311111818334803
145820477308432,-0.5825053462263596
145972690446459,-0.5329307810791537
146010429619167,-0.5825053462263596
146082959673925,-0.4547142583452114
146141963455053,-0.6719321285344858
146196465431803,-0.7393400558468726
146496165903876,-0.5240268331974867
146608882091595,-0.6719321285344858
146689327018554,-0.5825053462263596
146985817368160,-0.7540643423936192
147178582471814,-0.4547142583452114
147263628994422,-0.4547142583452114
147312511114898,-0.5329307810791537
147316561673388,-0.7311111818334803
147390711426063,-0.6990257650229246
147467237707047,-0.6719321285344858
147607246875787,-0.5825053462263596
147679592560369,-0.6990257650229246
147837742883496,-0.6719321285344858
148024290503356,-0.5240268331974867
148119842951397,-0.7540643423936192
148248664671124,-0.39540878482795266
148428489105386,-0.6990257650229246
148556599396082,-0.5825053462263596
148567268114659,-0.7540643423936192
148639007552078,-0.7540643423936192
148907049945338,-0.5329307810791537
148956341940345,-0.7540643423936192
149004134357731,-0.7311111818334803
149141937763339,-0.7311111818334803
149332083559257,-0.4547142583452114
149480826985848,-0.7159602082500641
149677329867588,-0.4547142583452114
149692468392726,-0.4547142583452114
149831547610060,-0.4547142583452114
150117619622128,-0.6719321285344858
150133429909479,-0.5825053462263596
150157855352247,-0.5329307810791537
150245366176864,-0.6990257650229246
150314171622217,-0.7540643423936192
150341394396280,-0.6719321285344858
150387270467161,-0.4547142583452114
150559803859725,-0.6719321285344858
150716726977205,-0.4547142583452114
150799781586484,-0.4547142583452114
150969302386654,-0.4340556041136897
150991726941898,-0.4547142583452114
151065114844954,-0.6719321285344858
151190528447321,-0.7311111818334803
151379319875160,-0.6719321285344858
151443097296597,-0.6719321285344858
151463912930970,-0.7311111818334803
151491430810144,-0.7393400558468726
151635580626326,-0.7311111818334803
151701075985508,-0.6719321285344858
151728918589035,-0.6719321285344858
151763444736875,-0.4547142583452114
151883133047129,-0.7311111818334803
151941392254286,-0.7393400558468726
151961589363745,-0.7393400558468726
151962763295018,-0.4340556041136897
151983822903626,-0.7540643423936192
152012202811219,-0.6990257650229246
152016039266836,-0.6719321285344858
152035978072451,-0.6719321285344858
152269016824516,-0.4547142583452114
152335340614948,-0.4547142583452114
152468673446988,-0.7540643423936192
152666532337595,-0.5825053462263596
152749160344984,-0.5240268331974867
152949795943586,-0.6719321285344858
153128214620857,-0.5825053462263596
153137508706961,-0.4547142583452114
153439219468645,-0.6719321285344858
153665633199645,-0.5240268331974867
153812972840062,-0.7540643423936192
154269060790351,-0.6597748090798966
154299401950874,-0.39540878482795266
154346269170606,-0.4340556041136897
154557098233143,-0.5329307810791537
154633886297033,-0.4340556041136897
154875957500860,-0.7540643423936192
154928563530175,-0.7540643423936192
154956643745352,-0.4547142583452114
155335976186971,-0.37016749323526815
155518100026048,-0.6719321285344858
155541362292937,-0.712375224530957
155578785127935,-0.4547142583452114
155578817996563,-0.7540643423936192
155622570891853,-0.3484302192705804
155809351028928,-0.7540643423936192
155821864804768,-0.6719321285344858
155875696900726,-0.4547142583452114
155894540080930,-0.7311111818334803
156242751634684,-0.6719321285344858
156379683656804,-0.7540643423936192
156391148918816,-0.4547142583452114
156675618118815,-0.5329307810791537
156685668260635,-0.4547142583452114
156886762040006,-0.4547142583452114
156995084198890,-0.7393400558468726
157001007195424,-0.4340556041136897
157112913790574,-0.7540643423936192
157141896324457,-0.4547142583452114
157165866233028,-0.7393400558468726
157210796918355,-0.4547142583452114
157365228095806,-0.4547142583452114
157473709748251,-0.6719321285344858
157511128456123,-0.6990257650229246
157624208137887,-0.5240268331974867
157741570084238,-0.6719321285344858
157776210596023,-0.6719321285344858
157845072419409,-0.5825053462263596
157942711191560,-0.5240268331974867
158263835831735,-0.7540643423936192
158272687220920,-0.4547142583452114
158331507661001,-0.4547142583452114
158352657748411,-0.4547142583452114
158368061989307,-0.5240268331974867
158517748687998,-0.5240268331974867
158534256914913,-0.4547142583452114
158589254053538,-0.5825053462263596
158619931262250,-0.4547142583452114
158863447221099,-0.4547142583452114
158864986705753,-0.7393400558468726
158913760047265,-0.7311111818334803
158929177295243,-0.7540643423936192
159138380923629,-0.7540643423936192
159734430007289,-0.7540643423936192
159783266443916,-0.6719321285344858
159873254216576,-0.7540643423936192
159984119783390,-0.7540643423936192
160045354495644,-0.4547142583452114
160069753483773,-0.712375224530957
160283821680658,-0.4547142583452114
160593684266953,-0.5825053462263596
160637976361942,-0.7311111818334803
160670946389472,-0.4547142583452114
161078459152874,-0.712375224530957
161226417550950,-0.6597748090798966
161301389174781,-0.7393400558468726
161385304850931,-0.5329307810791537
161462368988377,-0.6719321285344858
161517735644275,-0.4340556041136897
161592285385643,-0.5825053462263596
161639561864038,-0.6719321285344858
161905429633569,-0.4547142583452114
161992002723668,-0.6597748090798966
162106022825496,-0.6990257650229246
162375374443135,-0.7311111818334803
162400933634819,-0.7540643423936192
162459332260281,-0.4340556041136897
162625708324343,-0.4547142583452114
162758218306117,-0.37016749323526815
162793803195499,-0.7540643423936192
162828198243371,-0.6719321285344858
162889571446273,-0.6719321285344858
163031907957193,-0.7311111818334803
163032588387671,-0.37016749323526815
163122429797666,-0.39540878482795266
163155022955176,-0.7311111818334803
163291541413366,-0.7540643423936192
163308424686284,-0.4547142583452114
163333177729970,-0.712375224530957
163355943876416,-0.5329307810791537
163539680269906,-0.5825053462263596
163556792315622,-0.7540643423936192
163595612906408,-0.5329307810791537
163684869132783,-0.6719321285344858
163817869712448,-0.7393400558468726
163958653834781,-0.7393400558468726
164188104473231,-0.712375224530957
164250038439455,-0.6990257650229246
164360339911879,-0.5240268331974867
164501932483970,-0.7311111818334803
164597265773193,-0.7311111818334803
164623619383395,-0.7540643423936192
164708256253600,-0.7159602082500641
164817957189186,-0.6719321285344858
164830725371119,-0.4547142583452114
164896065537764,-0.5240268331974867
164916783937305,-0.7540643423936192
164939445935648,-0.4547142583452114
165163373686908,-0.6719321285344858
165349084371644,-0.37016749323526815
165483616105820,-0.6990257650229246
165617354488181,-0.4547142583452114
165617980367623,-0.6719321285344858
165826600550650,-0.7540643423936192
165960908868904,-0.4547142583452114
165971823173449,-0.7540643423936192
166064183242809,-0.6597748090798966
166066258026901,-0.712375224530957
166089175275020,-0.4340556041136897
166122491071574,-0.712375224530957
166463616086505,-0.4547142583452114
166606012599388,-0.7540643423936192
166923102168881,-0.37016749323526815
166993346607397,-0.7540643423936192
167060822011021,-0.712375224530957
167206045526979,-0.4547142583452114
167211492608660,-0.7393400558468726
167243736235459,-0.37016749323526815
167371302384959,-0.7540643423936192
167375412749657,-0.4340556041136897
167640288361930,-0.39540878482795266
167701712171507,-0.5825053462263596
167715185653147,-0.4547142583452114
167757059991088,-0.7540643423936192
167917846804557,-0.5825053462263596
167994020781091,-0.5329307810791537
168130736529890,-0.7540643423936192
168483686197533,-0.6719321285344858
168504070998794,-0.6990257650229246
168696113057303,-0.4547142583452114
168843174919580,-0.7311111818334803
168858521721618,-0.7540643423936192
168976034494270,-0.7540643423936192
168979433659179,-0.7393400558468726
169019908170621,-0.4547142583452114
169042858419721,-0.7393400558468726
169076467441036,-0.6990257650229246
169099351572753,-0.712375224530957
169278023694598,-0.5240268331974867
169335597486064,-0.5329307810791537
169371153871141,-0.7540643423936192
169415468809329,-0.7540643423936192
169483564623682,-0.712375224530957
169521578144415,-0.5825053462263596
169603327314690,-0.4547142583452114
169620424858224,-0.4547142583452114
169656204509465,-0.4547142583452114
169676827049308,-0.7393400558468726
169678079626407,-0.6719321285344858
169682504248479,-0.6719321285344858
169725593088889,-0.6597748090798966
169883588651725,-0.5825053462263596
170043872779977,-0.4547142583452114
170191633267278,-0.7393400558468726
170248428817467,-0.6719321285344858
170347069799225,-0.7311111818334803
170429158734717,-0.5825053462263596
170480972491957,-0.39540878482795266
170591746620577,-0.7540643423936192
170692986810487,-0.3484302192705804
170791776869294,-0.6719321285344858
170979477285949,-0.37016749323526815
171045469818684,-0.6719321285344858
171290798608593,-0.5240268331974867
171511240790524,-0.4547142583452114
171526647937477,-0.7540643423936192
171544397274614,-0.7393400558468726
171547641991926,-0.6719321285344858
171746468529115,-0.7311111818334803
172020917575580,-0.7540643423936192
172132762873636,-0.5825053462263596
172365997099202,-0.5329307810791537
172371109644420,-0.7540643423936192
172387483105216,-0.712375224530957
172391955301011,-0.7540643423936192
172434730983905,-0.6719321285344858
172461422597650,-0.6719321285344858
172506877879971,-0.6719321285344858
172821801369637,-0.7311111818334803
172969960437177,-0.6719321285344858
172983785370020,-0.5825053462263596
173013166080805,-0.3484302192705804
173098439216288,-0.7540643423936192
173156703372281,-0.6719321285344858
173316929343488,-0.5329307810791537
173444240504022,-0.6719321285344858
173456256999506,-0.7393400558468726
173604836117848,-0.7540643423936192
173714228456334,-0.5329307810791537
173724210060708,-0.5825053462263596
173734620177747,-0.6719321285344858
173739185850889,-0.4547142583452114
173846112276332,-0.3484302192705804
173854412004402,-0.6719321285344858
174223993968068,-0.7540643423936192
174260911976036,-0.6719321285344858
174341395145466,-0.7311111818334803
174374517675993,-0.7540643423936192
174553241483844,-0.6719321285344858
174807192245230,-0.5240268331974867
175054179951091,-0.7540643423936192
175078134472797,-0.7540643423936192
175102939199867,-0.4547142583452114
175131193104788,-0.7540643423936192
175490616354469,-0.4547142583452114
175515468883505,-0.5240268331974867
175554366747657,-0.7311111818334803
175631811483722,-0.7311111818334803
175720588601107,-0.4547142583452114
175724148418930,-0.4547142583452114
175785907971746,-0.4547142583452114
175810198675214,-0.4547142583452114
175898350840501,-0.6597748090798966
176003381057305,-0.5825053462263596
176132596745584,-0.5329307810791537
176153839340680,-0.6719321285344858
176307230301619,-0.6719321285344858
176482782374953,-0.5825053462263596
176509918973389,-0.5825053462263596
176748794498897,-0.4547142583452114
176799387526875,-0.6719321285344858
177047162181797,-0.39540878482795266
177055167327312,-0.39540878482795266
177330963118986,-0.6990257650229246
177406634339834,-0.4547142583452114
177447767752658,-0.4547142583452114
177518602623961,-0.5329307810791537
177656164031957,-0.4547142583452114
177662358469232,-0.6597748090798966
177708628251511,-0.5825053462263596
177867612436569,-0.5329307810791537
178117027160469,-0.6719321285344858
178333144519320,-0.7311111818334803
178364018583973,-0.4547142583452114
178437723670607,-0.5240268331974867
178868111044736,-0.7311111818334803
179037489861671,-0.5329307810791537
179334972050955,-0.4340556041136897
179342565079311,-0.5329307810791537
179604293431171,-0.5240268331974867
179726595227046,-0.6719321285344858
179836808142187,-0.37016749323526815
180006139133982,-0.7540643423936192
180536637683325,-0.6719321285344858
180552486045461,-0.7540643423936192
180572836253711,-0.5329307810791537
180621280061822,-0.5825053462263596
180637755967801,-0.7540643423936192
180727366268840,-0.7540643423936192
180901917521217,-0.4547142583452114
180908258498040,-0.6597748090798966
180991616172640,-0.5825053462263596
180994058599559,-0.4547142583452114
181072202049958,-0.7540643423936192
181082020650029,-0.7311111818334803
181145253015277,-0.4547142583452114
181211557047295,-0.6719321285344858
181308534947453,-0.4547142583452114
181356748675895,-0.7540643423936192
181399470032847,-0.7540643423936192
181467433815612,-0.4547142583452114
181688688290343,-0.6719321285344858
181810306917010,-0.6719321285344858
181852348505479,-0.6990257650229246
181877539523521,-0.39540878482795266
182012862144805,-0.6597748090798966
182046393780247,-0.7540643423936192
182231273221449,-0.7311111818334803
182289480746373,-0.4547142583452114
182417549537517,-0.7393400558468726
182428253384412,-0.5825053462263596
182497410284537,-0.7540643423936192
182748938251870,-0.7393400558468726
182878123210123,-0.6990257650229246
182952651036105,-0.6990257650229246
183191291000302,-0.5240268331974867
183309109136638,-0.7540643423936192
183315263393486,-0.6719321285344858
183343538453397,-0.7540643423936192
183471219906923,-0.3484302192705804
183492674076483,-0.7393400558468726
183579959725112,-0.4547142583452114
183748661506931,-0.7393400558468726
183841006549861,-0.4547142583452114
183905624379747,-0.712375224530957
184008341107497,-0.7311111818334803
184200676726515,-0.4547142583452114
184385756986967,-0.3484302192705804
184617785246291,-0.7540643423936192
184722388011805,-0.7311111818334803
184856968203951,-0.5329307810791537
184864807626489,-0.7311111818334803
184957863446508,-0.5825053462263596
184970899271917,-0.4547142583452114
184992540849594,-0.6719321285344858
185056872053854,-0.4547142583452114
185218561834644,-0.5240268331974867
185359936082702,-0.6597748090798966
185484905849582,-0.6719321285344858
185604738908520,-0.712375224530957
185771717659464,-0.5240268331974867
185796937137461,-0.4547142583452114
186043018712948,-0.7540643423936192
186084745019701,-0.7540643423936192
186221111560443,-0.7540643423936192
186232854086709,-0.5825053462263596
186269055761533,-0.37016749323526815
186419994568911,-0.6719321285344858
186571909572816,-0.4547142583452114
186866701099719,-0.7540643423936192
186883852703201,-0.7311111818334803
186923342224717,-0.39540878482795266
186968422450697,-0.37016749323526815
187207929058311,-0.4547142583452114
187444696818720,-0.712375224530957
187447339356792,-0.6719321285344858
187484679935373,-0.4547142583452114
187694308606153,-0.5329307810791537
187756321272960,-0.6990257650229246
187848719635605,-0.4547142583452114
187897061913990,-0.5825053462263596
187933000919936,-0.5825053462263596
187990528223809,-0.7540643423936192
188159160453275,-0.4340556041136897
188268432019601,-0.712375224530957
188315425664831,-0.7540643423936192
188389372642279,-0.6719321285344858
188542076809615,-0.4547142583452114
188544898865953,-0.7540643423936192
188916647794524,-0.5329307810791537
188920573492944,-0.5825053462263596
189114531728579,-0.7540643423936192
189307292817273,-0.7311111818334803
189356557754335,-0.4547142583452114
189405017544285,-0.4340556041136897
189500099499806,-0.7311111818334803
189612115644481,-0.4547142583452114
189664911968792,-0.712375224530957
189767072617513,-0.6719321285344858
189773979590190,-0.5825053462263596
189809863106036,-0.7540643423936192
189853662339611,-0.4547142583452114
189901990951973,-0.5240268331974867
189931768323602,-0.7311111818334803
189967841011290,-0.6719321285344858
190012131450742,-0.6719321285344858
190123407789367,-0.7540643423936192
190167593289463,-0.7540643423936192
190298623725928,-0.6719321285344858
190506328384878,-0.4547142583452114
190694642778381,-0.7311111818334803
190779782002100,-0.5825053462263596
190788792757573,-0.5825053462263596
190796626810129,-0.4340556041136897
190829409202652,-0.7311111818334803
190907462373673,-0.7540643423936192
190989813656910,-0.7540643423936192
191064112064008,-0.4547142583452114
191262954272410,-0.6719321285344858
191583886188344,-0.7393400558468726
191901280879268,-0.5240268331974867
192012842275360,-0.37016749323526815
192252758064061,-0.6719321285344858
192282872200392,-0.4547142583452114
192475192170706,-0.4547142583452114
192566668265526,-0.7540643423936192
192612737488877,-0.5329307810791537
192648796533630,-0.7311111818334803
192771647393988,-0.7540643423936192
192860619495930,-0.4340556041136897
192895494803839,-0.7540643423936192
192899391003457,-0.5329307810791537
193110271702219,-0.7540643423936192
193227665354791,-0.5240268331974867
193232956864901,-0.5825053462263596
193304607250034,-0.4547142583452114
193468879883265,-0.6719321285344858
193489921268303,-0.6719321285344858
193855765271761,-0.5329307810791537
193965148837658,-0.37016749323526815
194014066381830,-0.6719321285344858
194095416145785,-0.4547142583452114
194230480230899,-0.6990257650229246
194355141137816,-0.5329307810791537
194513254478283,-0.4547142583452114
194594640821912,-0.7540643423936192
194782613058463,-0.4547142583452114
194881873659112,-0.7540643423936192
194961385665304,-0.7311111818334803
194987319095359,-0.6597748090798966
195147325417342,-0.712375224530957
195233601609031,-0.4547142583452114
195282308951590,-0.4547142583452114
195300073118248,-0.4340556041136897
195343614806418,-0.3484302192705804
195370403261705,-0.7311111818334803
195371453783357,-0.4547142583452114
195454374096296,-0.7540643423936192
195476361675897,-0.37016749323526815
195727149279034,-0.712375224530957
195894737682644,-0.5825053462263596
195947062260022,-0.7540643423936192
196003804146735,-0.6990257650229246
196052038069516,-0.6719321285344858
196076137853709,-0.4547142583452114
196145403809982,-0.37016749323526815
196197258119184,-0.7540643423936192
196219027062169,-0.7311111818334803
196247256503948,-0.7159602082500641
196272372272344,-0.4547142583452114
196358134409527,-0.7540643423936192
196503536376650,-0.6990257650229246
196576874469888,-0.6719321285344858
196589274934364,-0.4340556041136897
196679799687689,-0.4547142583452114
196787699681162,-0.5825053462263596
196836486289552,-0.4547142583452114
196888098010322,-0.4547142583452114
197049000930149,-0.7311111818334803
197197079475794,-0.7540643423936192
197309312386423,-0.7540643423936192
197426926724419,-0.6719321285344858
197611772632475,-0.4547142583452114
197621118429957,-0.37016749323526815
197771244903869,-0.6719321285344858
198110483536946,-0.5329307810791537
198130842253074,-0.7311111818334803
198577425872056,-0.5329307810791537
198630700742511,-0.7393400558468726
198650608581953,-0.4340556041136897
198754831073628,-0.6719321285344858
198969780683138,-0.7311111818334803
198989234815505,-0.7540643423936192
199098460565909,-0.5329307810791537
199341609203861,-0.5825053462263596
199357876650801,-0.4547142583452114
199504662069309,-0.5825053462263596
199550362855281,-0.4547142583452114
199590086439241,-0.712375224530957
199899960281388,-0.4547142583452114
199910853145970,-0.5825053462263596
199914487744867,-0.5825053462263596
199951061463503,-0.7540643423936192
200065475773939,-0.5329307810791537
200286906464690,-0.7311111818334803
200303504394085,-0.4547142583452114
200383840093964,-0.6597748090798966
200394963658209,-0.5329307810791537
200407220843751,-0.5825053462263596
200434321298723,-0.4547142583452114
200434777183622,-0.5240268331974867
200452301047428,-0.7540643423936192
200499243215408,-0.5825053462263596
200531207041942,-0.7311111818334803
200551845884943,-0.4547142583452114
200831613914288,-0.6990257650229246
200878676616649,-0.6719321285344858
200966160233429,-0.7540643423936192
201121983432016,-0.7540643423936192
201359009283394,-0.7540643423936192
201395881801089,-0.4547142583452114
201439146154301,-0.4547142583452114
201545469908891,-0.5825053462263596
201762283033909,-0.7311111818334803
201789241400226,-0.39540878482795266
201903148075959,-0.7311111818334803
201947197838358,-0.5240268331974867
202082781094974,-0.7540643423936192
202286836886376,-0.7311111818334803
202358566063158,-0.4547142583452114
202373258973648,-0.7393400558468726
202412304949177,-0.5825053462263596
202498930410110,-0.5329307810791537
202569340456637,-0.6990257650229246
202578540560897,-0.4547142583452114
202926279592062,-0.7540643423936192
202959285352840,-0.4547142583452114
203068863568630,-0.7311111818334803
203116466308448,-0.6719321285344858
203118947140292,-0.4547142583452114
203225434729566,-0.4547142583452114
203295642736114,-0.6719321285344858
203326185571847,-0.6719321285344858
203489001739870,-0.7540643423936192
203632289765211,-0.4547142583452114
203750956869687,-0.6990257650229246
203770607017814,-0.7311111818334803
203821998149337,-0.4547142583452114
203830366559470,-0.7311111818334803
204056159428048,-0.5240268331974867
204187827089283,-0.7311111818334803
204309622985760,-0.7540643423936192
204342988700328,-0.6990257650229246
204722968424737,-0.4547142583452114
204781168697788,-0.6719321285344858
204784549381122,-0.5329307810791537
204805912778231,-0.5329307810791537
204891732223647,-0.6719321285344858
204897880874897,-0.7311111818334803
205005268225614,-0.6719321285344858
205185961952845,-0.39540878482795266
205232443436921,-0.4547142583452114
205422071711431,-0.7540643423936192
205440921661025,-0.6597748090798966
205569649120227,-0.7393400558468726
205802306768866,-0.4547142583452114
205806395416651,-0.4547142583452114
205902542998855,-0.4340556041136897
206066363785645,-0.5329307810791537
206092909074210,-0.4547142583452114
206231826739039,-0.4340556041136897
206301543900786,-0.5825053462263596
206460238654396,-0.5240268331974867
206469256249904,-0.7540643423936192
206494889865216,-0.7540643423936192
206588702623159,-0.5240268331974867
206871238538442,-0.7311111818334803
206999846838170,-0.7540643423936192
207172975140146,-0.7393400558468726
207191349090000,-0.7540643423936192
207253220378593,-0.5825053462263596
207352272480883,-0.6719321285344858
207601935502170,-0.4547142583452114
207857783001199,-0.4547142583452114
207923167266989,-0.4547142583452114
207958797786121,-0.5825053462263596
207973439231826,-0.7540643423936192
207995429454412,-0.6719321285344858
208133973481650,-0.4547142583452114
208156472656002,-0.7393400558468726
208201507135881,-0.7311111818334803
208217315863442,-0.7540643423936192
208230863528684,-0.7393400558468726
208283314508376,-0.5825053462263596
208373850794289,-0.7540643423936192
208611751440694,-0.5329307810791537
208632894113034,-0.4547142583452114
208661846065675,-0.6990257650229246
208706960144210,-0.5825053462263596
208839644178623,-0.712375224530957
208849169352504,-0.6719321285344858
208894948692046,-0.5240268331974867
208995719616969,-0.4340556041136897
209072991211592,-0.7311111818334803
209114237970493,-0.7540643423936192
209138109162977,-0.4547142583452114
209374349417962,-0.7540643423936192
209398857985561,-0.712375224530957
209756088786849,-0.4547142583452114
210004706971224,-0.7540643423936192
210069178260288,-0.7311111818334803
210463929371547,-0.4547142583452114
210465335404416,-0.4547142583452114
210516949400061,-0.4547142583452114
210522476490349,-0.4547142583452114
210629817338432,-0.4547142583452114
210991462392397,-0.4547142583452114
211140711706667,-0.4547142583452114
211295976155929,-0.7311111818334803
211407803686756,-0.3484302192705804
211499937091945,-0.6719321285344858
211590771013236,-0.6597748090798966
211797830943338,-0.5825053462263596
211868319629690,-0.4547142583452114
212286593780320,-0.4547142583452114
212335951089404,-0.7540643423936192
212359210428973,-0.5825053462263596
212573777024616,-0.7540643423936192
212588199869931,-0.5825053462263596
212630756802255,-0.7540643423936192
212715262640930,-0.7540643423936192
212918508874439,-0.37016749323526815
212977385322722,-0.5825053462263596
213101881351856,-0.4340556041136897
213124442448250,-0.3484302192705804
213155150086388,-0.5240268331974867
213192533946200,-0.5329307810791537
213208340176149,-0.712375224530957
213235369519183,-0.5825053462263596
213236844242319,-0.4340556041136897
213331178818392,-0.7540643423936192
213349118036031,-0.7540643423936192
213462433260983,-0.5240268331974867
213490880032905,-0.7540643423936192
213629717562327,-0.7393400558468726
213890514179890,-0.7311111818334803
213927386834390,-0.4547142583452114
213970775833980,-0.4547142583452114
214525450661521,-0.7311111818334803
214537856349442,-0.3484302192705804
214580471264559,-0.5825053462263596
214608178073133,-0.6597748090798966
214626633779891,-0.4547142583452114
214718903327919,-0.4340556041136897
214741760751120,-0.4547142583452114
214742606508973,-0.4547142583452114
214815396948475,-0.5329307810791537
214824492607522,-0.6719321285344858
214919223070503,-0.3484302192705804
214920506192940,-0.4547142583452114
214990236586547,-0.4547142583452114
215092488895240,-0.4340556041136897
215413123942023,-0.7540643423936192
215550863075811,-0.6719321285344858
215562733869522,-0.4547142583452114
215645051309996,-0.6990257650229246
215685918849616,-0.37016749323526815
215776386515910,-0.5825053462263596
215798249882287,-0.7540643423936192
215864386572015,-0.37016749323526815
215867180259153,-0.6719321285344858
215879740784576,-0.7393400558468726
216143634063286,-0.5825053462263596
216188503886687,-0.37016749323526815
216273537877886,-0.4547142583452114
216361572479715,-0.6990257650229246
216385239543507,-0.5825053462263596
216429057873604,-0.7540643423936192
216477866474585,-0.3484302192705804
216496028089886,-0.6719321285344858
216545368536971,-0.6990257650229246
216554728321139,-0.5240268331974867
216826437510779,-0.6597748090798966
216881828038146,-0.712375224530957
216885186720544,-0.6719321285344858
217087643646402,-0.6719321285344858
217235468274178,-0.6597748090798966
217245011780127,-0.5329307810791537
217274233545599,-0.7540643423936192
217277067349148,-0.7311111818334803
217374139228294,-0.4547142583452114
217417184316879,-0.7393400558468726
217516047981029,-0.37016749323526815
217641917333340,-0.4547142583452114
217682667837055,-0.7540643423936192
217783154279216,-0.7540643423936192
217869737728023,-0.5825053462263596
217974836952127,-0.6597748090798966
218060537163835,-0.5825053462263596
218069087495573,-0.6719321285344858
218087575672262,-0.37016749323526815
218288726166563,-0.4547142583452114
218467466723115,-0.3484302192705804
218514845341453,-0.5825053462263596
218889800369144,-0.7540643423936192
219065055793150,-0.7393400558468726
219289587894359,-0.7393400558468726
219432927150383,-0.5240268331974867
219546115414796,-0.4547142583452114
219626549476043,-0.7540643423936192
219670696325073,-0.4547142583452114
219820037295230,-0.6719321285344858
219920256408182,-0.7311111818334803
220125735471942,-0.4547142583452114
220133816607243,-0.4547142583452114
220138751199696,-0.4340556041136897
220272398836685,-0.37016749323526815
220585278700996,-0.4340556041136897
220656341027182,-0.5240268331974867
220675156134839,-0.6990257650229246
220705800927095,-0.4547142583452114
220732636744901,-0.7393400558468726
220764657729757,-0.6719321285344858
220786490302742,-0.4547142583452114
220839809106545,-0.6719321285344858
220967770931886,-0.7311111818334803
221054566297739,-0.5240268331974867
221105044452540,-0.712375224530957
221414298770311,-0.5825053462263596
221435998675567,-0.4547142583452114
221450453947350,-0.6719321285344858
221459716340118,-0.4547142583452114
221499228776005,-0.4547142583452114
221648085631332,-0.5825053462263596
221677164926276,-0.4547142583452114
221936857866892,-0.5329307810791537
221972753085993,-0.37016749323526815
222312799756509,-0.7540643423936192
222340128185234,-0.7540643423936192
222363166634578,-0.7393400558468726
222434064907901,-0.37016749323526815
222503203663012,-0.4547142583452114
222506262191193,-0.4547142583452114
222686229891024,-0.712375224530957
222690800322214,-0.4547142583452114
222726344779931,-0.3484302192705804
222759424742819,-0.3484302192705804
222836931647198,-0.5825053462263596
222911975893260,-0.4340556041136897
223038319076073,-0.5825053462263596
223091722352012,-0.5825053462263596
223092578644750,-0.7311111818334803
223349638490707,-0.4547142583452114
223555751970975,-0.5825053462263596
223574371527274,-0.37016749323526815
223580265422335,-0.4340556041136897
223583915745610,-0.6990257650229246
223725631868177,-0.39540878482795266
223896993818396,-0.5825053462263596
224157984085149,-0.4547142583452114
224168963060410,-0.4547142583452114
224379213048008,-0.6719321285344858
224446252527110,-0.6719321285344858
224625134937410,-0.7311111818334803
224726400883037,-0.7540643423936192
224785681040185,-0.6990257650229246
224924584651725,-0.5825053462263596
224944196188602,-0.7393400558468726
224967847317305,-0.6719321285344858
225071168209981,-0.5825053462263596
225193567899707,-0.6719321285344858
225327220533995,-0.712375224530957
225348730806166,-0.3484302192705804
225445056521866,-0.7311111818334803
225603725708750,-0.5329307810791537
225627462860909,-0.5825053462263596
225647898250534,-0.6719321285344858
225700576989048,-0.6719321285344858
225852146365268,-0.6719321285344858
225886641249898,-0.7311111818334803
225890208073301,-0.7159602082500641
225927205735785,-0.6719321285344858
225928783089682,-0.6719321285344858
225950839895348,-0.5825053462263596
225989315201494,-0.4547142583452114
225990138262107,-0.3484302192705804
226043324470337,-0.5329307810791537
226211086291457,-0.6719321285344858
226442293427903,-0.4547142583452114
226454235423020,-0.37016749323526815
226479481135377,-0.5329307810791537
226561380026334,-0.4547142583452114
226619545554591,-0.39540878482795266
226684679854718,-0.6719321285344858
226696851061637,-0.7540643423936192
226721573417409,-0.4547142583452114
226797631892088,-0.6990257650229246
226836511614723,-0.7540643423936192
227038015727063,-0.6597748090798966
227118363413555,-0.5240268331974867
227155204593128,-0.6719321285344858
227315835050470,-0.7540643423936192
227418228646009,-0.7540643423936192
227489380897240,-0.37016749323526815
227498427409731,-0.4547142583452114
227619423520325,-0.6719321285344858
227696505217549,-0.7540643423936192
227797703171728,-0.4547142583452114
227823595829373,-0.5329307810791537
227863831614408,-0.7393400558468726
227893104644055,-0.6719321285344858
227939764543732,-0.7540643423936192
227946454629027,-0.6990257650229246
228176744991707,-0.7311111818334803
228221155027483,-0.7540643423936192
228242983822015,-0.7540643423936192
228271347429811,-0.5329307810791537
228313132843940,-0.7540643423936192
228633936708726,-0.6990257650229246
228755825764127,-0.6719321285344858
228760116606885,-0.4340556041136897
228932435522843,-0.6719321285344858
228979325541945,-0.5240268331974867
229122726210360,-0.6719321285344858
229177862503619,-0.4547142583452114
229408434568855,-0.37016749323526815
229489756010420,-0.6719321285344858
229498137325741,-0.4547142583452114
229530135277392,-0.5240268331974867
229755401595915,-0.5825053462263596
229756920428943,-0.4547142583452114
229766603474306,-0.712375224530957
229844485949139,-0.3484302192705804
229971938193995,-0.6719321285344858
230094575888656,-0.5825053462263596
230148732147853,-0.7540643423936192
230404099404235,-0.37016749323526815
230514194491857,-0.7540643423936192
230823210253109,-0.4340556041136897
230941828482534,-0.4547142583452114
231058944509861,-0.5825053462263596
231070086715751,-0.7540643423936192
231080845353616,-0.4547142583452114
231157230315109,-0.4340556041136897
231239159491928,-0.6719321285344858
231320324933583,-0.6719321285344858
231329126187581,-0.4547142583452114
231360605242366,-0.4547142583452114
231395848729199,-0.7311111818334803
231574626945253,-0.7159602082500641
231594606485869,-0.7540643423936192
231630093951941,-0.6719321285344858
231682027662660,-0.5825053462263596
231742782865803,-0.7540643423936192
231744558605713,-0.712375224530957
231903116515667,-0.5240268331974867
232221603761429,-0.7311111818334803
232293900631196,-0.5329307810791537
232337232737743,-0.6719321285344858
232542031863036,-0.7540643423936192
232643343597284,-0.5329307810791537
232900551522276,-0.7311111818334803
232925954207597,-0.6990257650229246
232973103503653,-0.37016749323526815
232999829619926,-0.6719321285344858
233065069382841,-0.7159602082500641
233077853862693,-0.6719321285344858
233178993358812,-0.6719321285344858
233182540777858,-0.7393400558468726
233383153405343,-0.4547142583452114
233542442555838,-0.4547142583452114
233603311531090,-0.7311111818334803
233692453704544,-0.7540643423936192
233711459313654,-0.7393400558468726
233734572173703,-0.4547142583452114
233757668580924,-0.7540643423936192
233795642661162,-0.7311111818334803
233803777267054,-0.4547142583452114
233912083700604,-0.5240268331974867
233919830437569,-0.7540643423936192
233950557264556,-0.5825053462263596
234032627092416,-0.5240268331974867
234095477953271,-0.7393400558468726
234492848534654,-0.4547142583452114
234510306832857,-0.4547142583452114
234592071008764,-0.5329307810791537
234605401484709,-0.6719321285344858
234622465035017,-0.6719321285344858
234649803809926,-0.4547142583452114
234813707960016,-0.4547142583452114
235030484434692,-0.5329307810791537
235096052488924,-0.5329307810791537
235257438492893,-0.6990257650229246
235392656828971,-0.4547142583452114
235417835452754,-0.7540643423936192
235472257724057,-0.5825053462263596
235512327130464,-0.4340556041136897
235539927718524,-0.4547142583452114
235590794341662,-0.39540878482795266
235622030712152,-0.712375224530957
235627130903047,-0.6719321285344858
236035347171339,-0.6719321285344858
236227283746966,-0.4547142583452114
236306745831323,-0.5825053462263596
236377993236385,-0.4547142583452114
236399433997509,-0.4547142583452114
236606589502154,-0.4340556041136897
236716477392087,-0.712375224530957
236736047927002,-0.7540643423936192
236749804783559,-0.5240268331974867
236896570000629,-0.4547142583452114
237087986828394,-0.712375224530957
237278524128389,-0.37016749323526815
237284627733157,-0.4547142583452114
237297185163901,-0.5329307810791537
237300165927656,-0.7540643423936192
237524618826456,-0.6990257650229246
237682355056515,-0.7311111818334803
237697386156943,-0.4547142583452114
237715891341319,-0.7311111818334803
237753328512171,-0.4547142583452114
237928487401281,-0.5825053462263596
238090312839498,-0.7311111818334803
238200344240848,-0.4547142583452114
238240698527267,-0.6597748090798966
238416057991978,-0.6990257650229246
238502484589247,-0.6990257650229246
238855574151634,-0.7159602082500641
238902665928055,-0.5329307810791537
239148993084472,-0.5825053462263596
239171034887123,-0.5825053462263596
239190288121081,-0.4547142583452114
239297160577259,-0.6990257650229246
239352868912997,-0.7540643423936192
239588604257690,-0.5240268331974867
239673982891983,-0.6719321285344858
239706175148528,-0.39540878482795266
239852912462638,-0.4547142583452114
239871348374537,-0.5329307810791537
240320638267367,-0.4547142583452114
240382412816801,-0.6990257650229246
240432143608460,-0.4547142583452114
240471409844738,-0.6719321285344858
240489593360032,-0.5240268331974867
240490083680411,-0.4547142583452114
240493464651244,-0.7393400558468726
240517819235363,-0.6990257650229246
240586845942917,-0.5329307810791537
240636278501005,-0.6597748090798966
240775464027310,-0.4547142583452114
240971991102200,-0.5240268331974867
241246938375977,-0.7540643423936192
241462849765241,-0.4547142583452114
241619041670970,-0.7540643423936192
241829810052545,-0.6597748090798966
241861512197102,-0.6719321285344858
241909001119280,-0.4547142583452114
242261139945326,-0.7311111818334803
242329939876797,-0.7540643423936192
242371226437915,-0.6719321285344858
242371880591990,-0.5329307810791537
242406312605110,-0.39540878482795266
242414134009858,-0.7540643423936192
242461282631035,-0.5240268331974867
242511380293788,-0.5825053462263596
242512799471622,-0.4547142583452114
242522860992899,-0.7393400558468726
242612211841010,-0.4547142583452114
242614905740039,-0.4340556041136897
242662653241470,-0.4547142583452114
242702960285315,-0.4547142583452114
242711281131014,-0.37016749323526815
242734206834418,-0.7540643423936192
242769879502727,-0.7159602082500641
242775108143777,-0.6719321285344858
242861293129744,-0.7540643423936192
242976321497484,-0.37016749323526815
243058454297448,-0.712375224530957
243121147595295,-0.4547142583452114
243132636113533,-0.5240268331974867
243313105405485,-0.7311111818334803
243431767773433,-0.6597748090798966
243470884749831,-0.5329307810791537
243492195116622,-0.4340556041136897
243570433853324,-0.7540643423936192
243573019058145,-0.5825053462263596
243591471606763,-0.5240268331974867
243625966246475,-0.4547142583452114
243711583123936,-0.6719321285344858
243969926050099,-0.6719321285344858
243976912128633,-0.7311111818334803
244557555544119,-0.6719321285344858
245221152865318,-0.37016749323526815
245637462662802,-0.712375224530957
245647435289076,-0.5825053462263596
245761175803680,-0.5240268331974867
245801055424255,-0.4547142583452114
245871375236533,-0.6719321285344858
245940248759680,-0.7540643423936192
246009299751837,-0.7540643423936192
246067741730027,-0.4547142583452114
246114879238165,-0.712375224530957
246152190570471,-0.7311111818334803
246230850602250,-0.4547142583452114
246252078866332,-0.4547142583452114
246338629370797,-0.3484302192705804
246533814289904,-0.7540643423936192
246732930388974,-0.6719321285344858
246856072197124,-0.7540643423936192
246955615942631,-0.4547142583452114
247114761279566,-0.7393400558468726
247232642017494,-0.5825053462263596
247258750081040,-0.4547142583452114
247288384410249,-0.37016749323526815
247316806694150,-0.5329307810791537
247342516133910,-0.7540643423936192
247523697279378,-0.7540643423936192
247856927477142,-0.7311111818334803
247973285655640,-0.4547142583452114
248009943491535,-0.7540643423936192
248026461387288,-0.7540643423936192
248118307603517,-0.6719321285344858
248123653626734,-0.6990257650229246
248210350016250,-0.6719321285344858
248437912549978,-0.5825053462263596
248484272570950,-0.7540643423936192
248500808370505,-0.6990257650229246
248507460512447,-0.7311111818334803
248510757987365,-0.7540643423936192
248784925792308,-0.5240268331974867
248854239988291,-0.6597748090798966
248986139630276,-0.7540643423936192
249145961254347,-0.7540643423936192
249181568955667,-0.4547142583452114
249253623633894,-0.5240268331974867
249304081615753,-0.4547142583452114
249414905660722,-0.7311111818334803
249554414184542,-0.7159602082500641
249610696800721,-0.37016749323526815
249769251448580,-0.6719321285344858
249821281061092,-0.3484302192705804
249893105113952,-0.3484302192705804
249913496618827,-0.7311111818334803
250040181522452,-0.4340556041136897
250044165306499,-0.712375224530957
250099917074037,-0.6719321285344858
250132155967906,-0.6719321285344858
250246354274410,-0.6719321285344858
250259804798192,-0.5825053462263596
250311496858571,-0.7540643423936192
250605382700787,-0.5825053462263596
250610225331033,-0.7540643423936192
250630430657763,-0.4340556041136897
250720344272450,-0.6719321285344858
250884283903974,-0.37016749323526815
250926688054338,-0.6719321285344858
251005889798299,-0.4547142583452114
251352036283083,-0.6719321285344858
251489566763974,-0.4547142583452114
251503202732938,-0.6719321285344858
251557333170642,-0.7311111818334803
251964981895311,-0.7311111818334803
252301938860812,-0.4547142583452114
252467812850929,-0.7540643423936192
252872801441127,-0.5329307810791537
253056852195289,-0.7540643423936192
253135636471754,-0.4340556041136897
253245334995850,-0.7540643423936192
253288524381906,-0.7311111818334803
253358435481514,-0.7540643423936192
253450727554160,-0.39540878482795266
253803324183158,-0.7540643423936192
253952621053618,-0.6719321285344858
254241346315572,-0.4547142583452114
254379928190444,-0.6990257650229246
254436640984387,-0.7311111818334803
254452344890500,-0.5240268331974867
254554288254123,-0.3484302192705804
254570946518395,-0.6719321285344858
254573591620109,-0.37016749323526815
254589406153946,-0.4547142583452114
254777192288756,-0.7540643423936192
254862655809153,-0.6719321285344858
254996225991927,-0.4547142583452114
255000743755999,-0.7540643423936192
255099190979607,-0.6719321285344858
255197970505033,-0.7540643423936192
255362374278820,-0.4547142583452114
255537420255320,-0.39540878482795266
255550243710339,-0.7540643423936192
255625968866809,-0.7393400558468726
255907160603402,-0.5329307810791537
255909048362976,-0.6719321285344858
255909101743737,-0.4547142583452114
256149284181517,-0.7393400558468726
256220855246967,-0.6719321285344858
256271561554695,-0.5825053462263596
256595491080588,-0.37016749323526815
256676538322039,-0.7540643423936192
256740873777171,-0.3484302192705804
256764885447653,-0.39540878482795266
256794254390188,-0.6719321285344858
256850933266700,-0.712375224530957
256853669259127,-0.3484302192705804
256925427628828,-0.6719321285344858
256998626429781,-0.6719321285344858
257014898162162,-0.6719321285344858
257138288397608,-0.3484302192705804
257161463373437,-0.6719321285344858
257163222790675,-0.4547142583452114
257589061091375,-0.7540643423936192
257612139683906,-0.4340556041136897
257613772806664,-0.6719321285344858
257642855383436,-0.4547142583452114
257652338789338,-0.5825053462263596
257936570133028,-0.4547142583452114
257952045125488,-0.5329307810791537
257989288395537,-0.4547142583452114
258010404590209,-0.4547142583452114
258017876337396,-0.4547142583452114
258019616606963,-0.7540643423936192
258033432329233,-0.7540643423936192
258137351538853,-0.4340556041136897
258224374683932,-0.6719321285344858
258295959070280,-0.5825053462263596
258301027523634,-0.4547142583452114
258328169839604,-0.6719321285344858
258398206858279,-0.4340556041136897
258588066658306,-0.4547142583452114
258648912283417,-0.4547142583452114
258723735380771,-0.5329307810791537
258775075566058,-0.4547142583452114
258906486636132,-0.4547142583452114
258962726413277,-0.6719321285344858
258964234513456,-0.6719321285344858
259225594075877,-0.7540643423936192
259271869553144,-0.3484302192705804
259393652335166,-0.5825053462263596
259531677574845,-0.4547142583452114
259663432277214,-0.4547142583452114
259722833592589,-0.37016749323526815
259793453923638,-0.37016749323526815
259923697000098,-0.7159602082500641
260363134432295,-0.3484302192705804
260535185339407,-0.37016749323526815
260759150426570,-0.6719321285344858
260919871343056,-0.4547142583452114
260955184870923,-0.5825053462263596
261038671724774,-0.6719321285344858
261123773550998,-0.37016749323526815
261130822587290,-0.7393400558468726
261142226483060,-0.6597748090798966
261162012317538,-0.6719321285344858
261262770061861,-0.37016749323526815
261319936519381,-0.3484302192705804
261347650560619,-0.4547142583452114
261379759229666,-0.7393400558468726
261405670728452,-0.39540878482795266
261424505041012,-0.7540643423936192
261437383742857,-0.5329307810791537
261565858390252,-0.7540643423936192
261592228397821,-0.5329307810791537
261686086433883,-0.5825053462263596
261739415336763,-0.4547142583452114
261823710150369,-0.7540643423936192
261985828028462,-0.4547142583452114
262003910036575,-0.5240268331974867
262076555543609,-0.4547142583452114
262205786513186,-0.7540643423936192
262646804294850,-0.7393400558468726
262837910242600,-0.4590443828435093
262839123975955,-0.5240268331974867
262918765436200,-0.5825053462263596
262943738598361,-0.5240268331974867
262971944003716,-0.4547142583452114
262990028891641,-0.7540643423936192
263000659110271,-0.6719321285344858
263118660995533,-0.7311111818334803
263345877458078,-0.4340556041136897
263375841310463,-0.6719321285344858
263392468867237,-0.7540643423936192
263516966393962,-0.4547142583452114
263594824296431,-0.4547142583452114
263800786110200,-0.6719321285344858
263938134668895,-0.37016749323526815
263963232869559,-0.5240268331974867
263964685705690,-0.4547142583452114
264012359271446,-0.4547142583452114
264053947066473,-0.4547142583452114
264172780291632,-0.6719321285344858
264360772154401,-0.6597748090798966
264535212073572,-0.5240268331974867
264837050164278,-0.7540643423936192
264847286422141,-0.39540878482795266
264903016733010,-0.7540643423936192
265012382185854,-0.6719321285344858
265047583126012,-0.5825053462263596
265127476885555,-0.712375224530957
265192363897801,-0.7540643423936192
265287563709696,-0.4547142583452114
265399766737684,-0.4547142583452114
265520204304909,-0.6719321285344858
265704754199212,-0.5825053462263596
266028631803129,-0.5240268331974867
266065469885975,-0.39540878482795266
266082742268048,-0.712375224530957
266205783332876,-0.6719321285344858
266251739174405,-0.6719321285344858
266312525233491,-0.6990257650229246
266468636820850,-0.6990257650229246
266584685077723,-0.5825053462263596
266668107368795,-0.7311111818334803
266783578959943,-0.5240268331974867
266872652592006,-0.4547142583452114
266981808367306,-0.5825053462263596
267197997307436,-0.4547142583452114
267232418291266,-0.7540643423936192
267292003099953,-0.5825053462263596
267299097435824,-0.712375224530957
267395921688784,-0.5825053462263596
267409503287550,-0.6719321285344858
267420498780575,-0.7393400558468726
267531970687785,-0.7311111818334803
267978314001215,-0.7540643423936192
268083622152236,-0.4547142583452114
268530356492066,-0.7540643423936192
268567470505980,-0.6719321285344858
268796765029808,-0.7311111818334803
268820259706070,-0.7311111818334803
268860029922393,-0.4547142583452114
268868185620419,-0.7540643423936192
268872168283860,-0.5825053462263596
269159564292939,-0.7311111818334803
269228394039332,-0.6719321285344858
269283901533897,-0.7393400558468726
269439782022773,-0.6719321285344858
269628347331456,-0.6990257650229246
270303709288591,-0.6719321285344858
270388690904394,-0.7311111818334803
270464011990863,-0.7311111818334803
270597596308378,-0.4547142583452114
270626678767707,-0.5825053462263596
270694730581945,-0.5825053462263596
270744611446650,-0.7393400558468726
270825290582371,-0.5329307810791537
270950929929821,-0.6719321285344858
270965815632173,-0.7393400558468726
271009763054262,-0.4547142583452114
271060970406398,-0.37016749323526815
271083612539388,-0.6719321285344858
271248349081569,-0.7540643423936192
271380985536909,-0.5825053462263596
271445413712012,-0.7540643423936192
271490005348332,-0.7540643423936192
271545839221337,-0.7311111818334803
271550254761639,-0.4547142583452114
271837386129952,-0.7540643423936192
271863676733300,-0.3484302192705804
271980840353057,-0.5329307810791537
271991000775243,-0.4547142583452114
272069589615886,-0.3484302192705804
272152105696336,-0.4547142583452114
272261608552382,-0.7311111818334803
272372192907551,-0.5329307810791537
272394396281408,-0.6719321285344858
272474660971538,-0.4547142583452114
272521022938905,-0.7393400558468726
272585357974472,-0.6719321285344858
272743477279521,-0.3484302192705804
272780578492044,-0.6719321285344858
272944233065051,-0.6719321285344858
272978447391262,-0.4547142583452114
273147568020627,-0.6719321285344858
273210764169129,-0.4547142583452114
273225422663331,-0.4547142583452114
273296986673338,-0.6719321285344858
273425872609997,-0.4547142583452114
273560951204066,-0.4547142583452114
273573212042755,-0.5329307810791537
273633991335114,-0.5240268331974867
273718577962614,-0.4547142583452114
273738098513162,-0.7540643423936192
273739309540766,-0.7540643423936192
273870118704885,-0.6719321285344858
274059938317740,-0.712375224530957
274075713909269,-0.7540643423936192
274077103844540,-0.4547142583452114
274142076512906,-0.4547142583452114
274257636228928,-0.7311111818334803
274294188006762,-0.7540643423936192
274357438773304,-0.7540643423936192
274375536378503,-0.6719321285344858
274649188172684,-0.7540643423936192
274706527257841,-0.4547142583452114
274753112643835,-0.5825053462263596
274817312440618,-0.7540643423936192
274875034798182,-0.6990257650229246
274880750150031,-0.5240268331974867
274890377889937,-0.4547142583452114
274969834246390,-0.5329307810791537
275072429722901,-0.5329307810791537
275119043556769,-0.4547142583452114
275151296631557,-0.712375224530957
275258458830366,-0.4547142583452114
275378685351465,-0.4547142583452114
275491149993689,-0.4547142583452114
275515167175859,-0.712375224530957
275647235607015,-0.4547142583452114
275664192808043,-0.7540643423936192
275926704250445,-0.7540643423936192
276135888070810,-0.6719321285344858
276156840835286,-0.5329307810791537
276201728464948,-0.7540643423936192
276544849775738,-0.4547142583452114
276557436881830,-0.7540643423936192
276558690705279,-0.5825053462263596
276721846289378,-0.7311111818334803
276748653582874,-0.7540643423936192
276802478926279,-0.5329307810791537
276828263802456,-0.5825053462263596
276880224577193,-0.7540643423936192
277417962840256,-0.3484302192705804
277426993160849,-0.5240268331974867
277524449957730,-0.7540643423936192
277571482694104,-0.6719321285344858
277692488431065,-0.7540643423936192
277703422238349,-0.4547142583452114
277704720683831,-0.4547142583452114
277753453962891,-0.7311111818334803
277771169659235,-0.6719321285344858
277773242493096,-0.4547142583452114
277856157534661,-0.6719321285344858
277992341304870,-0.6719321285344858
278023435100478,-0.37016749323526815
278097465566869,-0.7311111818334803
278201155723394,-0.5240268331974867
278585908281763,-0.7540643423936192
278588316198970,-0.6719321285344858
278705231006832,-0.4340556041136897
278723050144937,-0.37016749323526815
278762458267193,-0.5825053462263596
278811724102870,-0.5825053462263596
278828910313076,-0.4547142583452114
279299146125608,-0.712375224530957
279436900417691,-0.4547142583452114
279465443879787,-0.7311111818334803
279536808953361,-0.7540643423936192
279709468026253,-0.3484302192705804
279719497959825,-0.37016749323526815
279847518011841,-0.5825053462263596
279872832391647,-0.39540878482795266
279921622393690,-0.4547142583452114
279956010579014,-0.7540643423936192
280012311234725,-0.7393400558468726
280048824234224,-0.4547142583452114
280057384964157,-0.7311111818334803
280126238311582,-0.4547142583452114
280158728685679,-0.7311111818334803
280236223876035,-0.7540643423936192
280249022606936,-0.7540643423936192
280285312465851,-0.7540643423936192
280405675172418,-0.4590443828435093
280461703655641,-0.7540643423936192
280534814402786,-0.7540643423936192
280577791023143,-0.4547142583452114
280897218701764,-0.5825053462263596
281054287599458,-0.6597748090798966
281132937796589,-0.4547142583452114
281165380540758,-0.5825053462263596
281220082101072,-0.712375224530957
281468256139268,-0.5825053462263596
