item_key,main_category,sub_category,brnd,elasticity_item,source,n_obs,cat_reg_elasticity,cat_promo_elasticity,cat_se,elasticity_reconciled,reconciled_source
158263835831735,im6,sc34,b332,-1.557733340004855,item_ridge,1006.0,-0.7540643423936192,-1.1052321719674671,0.0117226556316826,-1.5557491862094832,item
247288384410249,im15,sc61,b43,-0.3701674932352681,category_fe_positive_fallback,933.0,-0.3701674932352681,-0.4867729418820625,0.0094473752650418,-0.37606314727235,sub_category
257163222790675,im14,sc51,b122,-1.7369258510901724,item_ridge,517.0,-0.4547142583452114,-0.5090817434280027,0.0066479608065638,-1.7356107709449757,item
234622465035017,im20,sc89,b551,-1.453416288677882,item_ridge,727.0,-0.6719321285344858,-1.1053539421228344,0.0112772387829762,-1.4536641006306201,item
23373539363200,im14,sc51,b169,-1.4175300418037906,item_ridge,186.0,-0.4547142583452114,-0.5090817434280027,0.0066479608065638,-1.416723386520126,item
78247410979667,im20,sc89,b348,-1.138083035447861,item_ridge,338.0,-0.6719321285344858,-1.1053539421228344,0.0112772387829762,-1.1381953252389436,item
66629321797248,im20,sc89,b332,-0.9833748588572834,item_ridge,943.0,-0.6719321285344858,-1.1053539421228344,0.0112772387829762,-0.9838090137822988,item
144124457068391,im5,sc26,b332,-0.2621554082464906,item_ridge,876.0,-0.5329307810791537,-1.0012805344071898,0.0196419014737194,-0.2636433950267959,item
60702270952686,im6,sc34,b332,-1.1070568851828155,item_ridge,957.0,-0.7540643423936192,-1.1052321719674671,0.0117226556316826,-1.1065916942585272,item
78191777393020,im8,sc81,b332,-0.1261657198652168,item_ridge,929.0,-0.5240268331974867,-0.98244493005407,0.0158566637101308,-0.12568950236795484,item
176748794498897,im14,sc51,b367,-1.378996559399586,item_ridge,448.0,-0.4547142583452114,-0.5090817434280027,0.0066479608065638,-1.3784813100432678,item
172983785370020,im17,sc55,b391,-1.5642505421232018,item_ridge,794.0,-0.5825053462263596,-0.9597630819115917,0.0120962057980395,-1.5632556514767737,item
106266744563234,im17,sc67,b24,-2.261635149121295,item_ridge,726.0,-0.5825053462263596,-0.9597630819115917,0.0120962057980395,-2.260100481208846,item
53587843475486,im6,sc34,b520,-0.5833428466597339,item_ridge,278.0,-0.7540643423936192,-1.1052321719674671,0.0117226556316826,-0.5831203343219593,item
65373933621535,im20,sc89,b332,-0.2783350513330319,item_ridge,917.0,-0.6719321285344858,-1.1053539421228344,0.0112772387829762,-0.27856108293836185,item
57280719065297,im14,sc51,b283,-0.1519004994754588,item_ridge,568.0,-0.4547142583452114,-0.5090817434280027,0.0066479608065638,-0.15123988838020655,item
82894169698233,im15,sc63,b65,-0.3958003876894505,item_ridge,720.0,-0.3701674932352681,-0.4867729418820625,0.0094473752650418,-0.3958222186130145,item
10650991296578,im8,sc37,b520,-0.5615441895942203,item_ridge,816.0,-0.5240268331974867,-0.98244493005407,0.0158566637101308,-0.5609338368528141,item
5277700535289,im9,sc42,b224,-0.6371098408075764,item_ridge,207.0,-0.6990257650229246,-0.3020684723539735,0.0133293137954538,-0.6385705810040929,item
213124442448250,im19,sc59,b476,-0.8295740266681335,item_ridge,914.0,-0.3484302192705804,-0.4712393146436414,0.0168972418100549,-0.8298292530575971,item
207253220378593,im17,sc55,b391,-0.5825053462263596,category_fe_positive_fallback,802.0,-0.5825053462263596,-0.9597630819115917,0.0120962057980395,-0.6443482333568126,sub_category
231070086715751,im6,sc34,b520,-0.0797733000902516,item_ridge,502.0,-0.7540643423936192,-1.1052321719674671,0.0117226556316826,-0.07959146205077966,item
243132636113533,im8,sc37,b395,-0.8349662697250851,item_ridge,795.0,-0.5240268331974867,-0.98244493005407,0.0158566637101308,-0.8345596251047046,item
179342565079311,im5,sc78,b302,-1.0465641501043417,item_ridge,925.0,-0.5329307810791537,-1.0012805344071898,0.0196419014737194,-1.0473234965269116,item
233178993358812,im20,sc72,b520,-0.112173948880703,item_ridge,576.0,-0.6719321285344858,-1.1053539421228344,0.0112772387829762,-0.1122750572648017,item
101029640343332,im14,sc51,b283,-0.8867158635897596,item_ridge,390.0,-0.4547142583452114,-0.5090817434280027,0.0066479608065638,-0.8864142209202326,item
84560365002131,im15,sc61,b350,-0.3701674932352681,category_fe_positive_fallback,468.0,-0.3701674932352681,-0.4867729418820625,0.0094473752650418,-0.37606314727235,sub_category
228221155027483,im6,sc9,b332,-0.9108730607583452,item_ridge,859.0,-0.7540643423936192,-1.1052321719674671,0.0117226556316826,-0.9106144343480486,item
228176744991707,im16,sc83,b332,-1.1734027692358069,item_ridge,782.0,-0.7311111818334803,-1.1262045944613654,0.02034177093961,-1.174139947604223,item
645553196889,im6,sc34,b332,-1.227196957980533,item_ridge,495.0,-0.7540643423936192,-1.1052321719674671,0.0117226556316826,-1.2270263993683175,item
261347650560619,im14,sc51,b66,-0.6243124427352625,item_ridge,217.0,-0.4547142583452114,-0.5090817434280027,0.0066479608065638,-0.624081774811507,item
145228210304844,im16,sc83,b324,-0.6641602010975965,item_ridge,792.0,-0.7311111818334803,-1.1262045944613654,0.02034177093961,-0.6648505353556448,item
162625708324343,im14,sc51,b481,-0.4934654491743803,item_ridge,136.0,-0.4547142583452114,-0.5090817434280027,0.0066479608065638,-0.49316175915641863,item
153137508706961,im14,sc51,b122,-0.8025733735642975,item_ridge,334.0,-0.4547142583452114,-0.5090817434280027,0.0066479608065638,-0.8021714108214205,item
200831613914288,im9,sc23,b224,-0.3291146085675884,item_ridge,924.0,-0.6990257650229246,-0.3020684723539735,0.0133293137954538,-0.33237598814739333,item
91360256477750,im6,sc34,b332,-0.5215099349175047,item_ridge,841.0,-0.7540643423936192,-1.1052321719674671,0.0117226556316826,-0.5210683282502163,item
85283376495454,im14,sc51,b283,-0.5597962116494101,item_ridge,231.0,-0.4547142583452114,-0.5090817434280027,0.0066479608065638,-0.5596324237745536,item
4328357489459,im4,sc3,b496,-1.5981897118192545,item_ridge,276.0,-0.6597748090798966,-0.6259883664315813,0.0291194429147193,-1.5980194057137858,item
277773242493096,im14,sc51,b169,-0.8385875420807002,item_ridge,270.0,-0.4547142583452114,-0.5090817434280027,0.0066479608065638,-0.8383684757980823,item
175898350840501,im4,sc3,b371,-0.7377934476620231,item_ridge,632.0,-0.6597748090798966,-0.6259883664315813,0.0291194429147193,-0.7374202146298866,item
183905624379747,im7,sc33,b24,-0.5432221422964637,item_ridge,732.0,-0.712375224530957,-1.226191510591962,0.0322433928253026,-0.5451474347120205,item
208894948692046,im8,sc37,b164,-0.4318857474857823,item_ridge,584.0,-0.5240268331974867,-0.98244493005407,0.0158566637101308,-0.43155742246496337,item
189612115644481,im14,sc51,b455,-0.9142010573727016,item_ridge,172.0,-0.4547142583452114,-0.5090817434280027,0.0066479608065638,-0.9139901804838245,item
85165392221618,im14,sc51,b169,-1.2485838027820344,item_ridge,240.0,-0.4547142583452114,-0.5090817434280027,0.0066479608065638,-1.248391352029078,item
203489001739870,im6,sc34,b332,-0.9931364301616032,item_ridge,992.0,-0.7540643423936192,-1.1052321719674671,0.0117226556316826,-0.9926360337522283,item
230094575888656,im17,sc55,b301,-0.6143487465637826,item_ridge,218.0,-0.5825053462263596,-0.9597630819115917,0.0120962057980395,-0.613971056596156,item
262943738598361,im8,sc37,b395,-0.7514446681714497,item_ridge,784.0,-0.5240268331974867,-0.98244493005407,0.0158566637101308,-0.7512012215343913,item
31517729663529,im3,sc16,b332,-0.5769426074767547,item_ridge,854.0,-0.4340556041136897,-0.8987359235912883,0.0202666082602156,-0.5732258245594897,item
280577791023143,im14,sc51,b143,-1.172184211984297,item_ridge,160.0,-0.4547142583452114,-0.5090817434280027,0.0066479608065638,-1.1719910787818624,item
154557098233143,im5,sc26,b332,-1.039150434258877,item_ridge,798.0,-0.5329307810791537,-1.0012805344071898,0.0196419014737194,-1.0395951105504022,item
27681940073549,im17,sc67,b520,-0.2335504095370676,item_ridge,854.0,-0.5825053462263596,-0.9597630819115917,0.0120962057980395,-0.23287460303698773,item
57319318179578,im6,sc9,b546,-0.4186879605056774,item_ridge,217.0,-0.7540643423936192,-1.1052321719674671,0.0117226556316826,-0.41858430468250396,item
181852348505479,im9,sc44,b548,-0.1378783362934461,item_ridge,686.0,-0.6990257650229246,-0.3020684723539735,0.0133293137954538,-0.14049455149342632,item
83169146490136,im14,sc51,b169,-1.391750524721906,item_ridge,156.0,-0.4547142583452114,-0.5090817434280027,0.0066479608065638,-1.3915437425299007,item
232221603761429,im16,sc97,b153,-1.561997519497572,item_ridge,797.0,-0.7311111818334803,-1.1262045944613654,0.02034177093961,-1.5623566107158924,item
126022164154440,im14,sc51,b283,-0.2506180971605503,item_ridge,819.0,-0.4547142583452114,-0.5090817434280027,0.0066479608065638,-0.25021749931663173,item
62596620076406,im3,sc16,b24,-1.80982586956919,item_ridge,673.0,-0.4340556041136897,-0.8987359235912883,0.0202666082602156,-1.8069205675583924,item
117060631087130,im8,sc81,b153,-0.3658417550452552,item_ridge,570.0,-0.5240268331974867,-0.98244493005407,0.0158566637101308,-0.3655574922082841,item
180908258498040,im4,sc94,b396,-0.4564651358329454,item_ridge,225.0,-0.6597748090798966,-0.6259883664315813,0.0291194429147193,-0.456349507828186,item
39744478462399,im14,sc51,b367,-0.5240248175204885,item_ridge,392.0,-0.4547142583452114,-0.5090817434280027,0.0066479608065638,-0.5238159879800469,item
22725415658226,im14,sc51,b283,-0.2325752486198475,item_ridge,1046.0,-0.4547142583452114,-0.5090817434280027,0.0066479608065638,-0.23193101631208074,item
7192183069053,im14,sc51,b481,-0.3409584331210716,item_ridge,244.0,-0.4547142583452114,-0.5090817434280027,0.0066479608065638,-0.34078577340299443,item
109204743731930,im3,sc16,b451,-0.5227700950713969,item_ridge,647.0,-0.4340556041136897,-0.8987359235912883,0.0202666082602156,-0.5193588697794055,item
231744558605713,im7,sc33,b24,-0.4340667479452657,item_ridge,426.0,-0.712375224530957,-1.226191510591962,0.0322433928253026,-0.43530343212459943,item
260759150426570,im20,sc57,b336,-0.1724155776183423,item_ridge,696.0,-0.6719321285344858,-1.1053539421228344,0.0112772387829762,-0.17249603750893613,item
265127476885555,im7,sc33,b332,-0.712375224530957,category_fe_positive_fallback,907.0,-0.712375224530957,-1.226191510591962,0.0322433928253026,-0.5987735288605195,sub_category
170191633267278,im2,sc6,b425,-0.770267783548416,item_ridge,106.0,-0.7393400558468726,-1.0300616525541268,0.0204705834618003,-0.7703825805948578,item
163817869712448,im2,sc6,b425,-0.7393400558468726,category_fe_positive_fallback,125.0,-0.7393400558468726,-1.0300616525541268,0.0204705834618003,-0.6985609852903643,sub_category
2753991183399,im19,sc69,b63,-0.5712032566984554,item_ridge,591.0,-0.3484302192705804,-0.4712393146436414,0.0168972418100549,-0.5713023269110379,item
72133658163406,im14,sc99,b369,-0.4349655538257372,item_ridge,220.0,-0.4547142583452114,-0.5090817434280027,0.0066479608065638,-0.4348126511940367,item
6604891549977,im14,sc51,b481,-0.1942358266543055,item_ridge,122.0,-0.4547142583452114,-0.5090817434280027,0.0066479608065638,-0.19397444850401466,item
112973979210668,im6,sc34,b218,-0.0393539687680131,item_ridge,222.0,-0.7540643423936192,-1.1052321719674671,0.0117226556316826,-0.039305433050710444,item
166066258026901,im7,sc11,b24,-0.556973661370134,item_ridge,862.0,-0.712375224530957,-1.226191510591962,0.0322433928253026,-0.5579630083607601,item
67170936393932,im20,sc57,b135,-0.0189885920170951,item_ridge,746.0,-0.6719321285344858,-1.1053539421228344,0.0112772387829762,-0.019060022340808405,item
271545839221337,im16,sc85,b460,-0.7353648474504121,item_ridge,883.0,-0.7311111818334803,-1.1262045944613654,0.02034177093961,-0.7356899800227689,item
170979477285949,im15,sc63,b65,-0.1939821517761463,item_ridge,713.0,-0.3701674932352681,-0.4867729418820625,0.0094473752650418,-0.19399291150501066,item
268567470505980,im20,sc57,b551,-0.3598207668813158,item_ridge,794.0,-0.6719321285344858,-1.1053539421228344,0.0112772387829762,-0.3599096113697274,item
196836486289552,im14,sc51,b66,-0.0911399719193012,item_ridge,513.0,-0.4547142583452114,-0.5090817434280027,0.0066479608065638,-0.09057080905417696,item
148024290503356,im8,sc81,b395,-0.8740469743284637,item_ridge,788.0,-0.5240268331974867,-0.98244493005407,0.0158566637101308,-0.8738720136421211,item
130898365313300,im20,sc57,b301,-0.6306478919448517,item_ridge,198.0,-0.6719321285344858,-1.1053539421228344,0.0112772387829762,-0.6306828815165127,item
32705686740924,im14,sc51,b122,-0.9780593616563988,item_ridge,345.0,-0.4547142583452114,-0.5090817434280027,0.0066479608065638,-0.9776840144431864,item
188315425664831,im6,sc34,b332,-0.7239836307964801,item_ridge,245.0,-0.7540643423936192,-1.1052321719674671,0.0117226556316826,-0.7239265500585286,item
170692986810487,im19,sc59,b476,-0.6415764010525563,item_ridge,752.0,-0.3484302192705804,-0.4712393146436414,0.0168972418100549,-0.6416372190505135,item
35212616943506,im5,sc25,b164,-0.513302187910306,item_ridge,778.0,-0.5329307810791537,-1.0012805344071898,0.0196419014737194,-0.5136492218135044,item
94602911892908,im14,sc51,b346,-0.8806329416222138,item_ridge,216.0,-0.4547142583452114,-0.5090817434280027,0.0066479608065638,-0.8805462705384377,item
172969960437177,im20,sc89,b520,-0.2423116965112519,item_ridge,853.0,-0.6719321285344858,-1.1053539421228344,0.0112772387829762,-0.24240091526767416,item
32927863889723,im3,sc16,b24,-0.8127510717799267,item_ridge,526.0,-0.4340556041136897,-0.8987359235912883,0.0202666082602156,-0.8110329362804354,item
95723669065208,im2,sc6,b166,-0.5969519501923567,item_ridge,776.0,-0.7393400558468726,-1.0300616525541268,0.0204705834618003,-0.597215107828479,item
195371453783357,im14,sc99,b369,-0.4034066186039662,item_ridge,140.0,-0.4547142583452114,-0.5090817434280027,0.0066479608065638,-0.4033028632467404,item
201762283033909,im16,sc83,b218,-0.2290034389304504,item_ridge,438.0,-0.7311111818334803,-1.1262045944613654,0.02034177093961,-0.2291556822891447,item
281165380540758,im17,sc55,b391,-0.2283894728600413,item_ridge,665.0,-0.5825053462263596,-0.9597630819115917,0.0120962057980395,-0.22787936110498697,item
203068863568630,im16,sc31,b332,-0.8955311236707476,item_ridge,834.0,-0.7311111818334803,-1.1262045944613654,0.02034177093961,-0.895832431812271,item
145000066122276,im20,sc57,b301,-0.3379304714041996,item_ridge,186.0,-0.6719321285344858,-1.1053539421228344,0.0112772387829762,-0.337963042341875,item
261142226483060,im4,sc3,b516,-0.443997980597436,item_ridge,176.0,-0.6597748090798966,-0.6259883664315813,0.0291194429147193,-0.44390816742738703,item
206231826739039,im3,sc16,b389,-0.1200979881828747,item_ridge,522.0,-0.4340556041136897,-0.8987359235912883,0.0202666082602156,-0.11892584909575837,item
232542031863036,im6,sc22,b24,-0.1598883885187103,item_ridge,872.0,-0.7540643423936192,-1.1052321719674671,0.0117226556316826,-0.15971701331692384,item
93842940931286,im6,sc22,b24,-0.7540643423936192,category_fe_positive_fallback,772.0,-0.7540643423936192,-1.1052321719674671,0.0117226556316826,-0.5733983862388061,sub_category
46250552755941,im14,sc51,b66,-1.3718066471699286,item_ridge,344.0,-0.4547142583452114,-0.5090817434280027,0.0066479608065638,-1.3716633327794259,item
127380775126475,im2,sc6,b301,-0.5961121177756863,item_ridge,828.0,-0.7393400558468726,-1.0300616525541268,0.0204705834618003,-0.596311553322468,item
4472639882936,im14,sc51,b353,-0.2585028475488488,item_ridge,250.0,-0.4547142583452114,-0.5090817434280027,0.0066479608065638,-0.2584004801270637,item
81948744962960,im2,sc6,b425,-0.3728202733649188,item_ridge,880.0,-0.7393400558468726,-1.0300616525541268,0.0204705834618003,-0.37310337455571974,item
177518602623961,im5,sc78,b302,-0.4926930060027665,item_ridge,800.0,-0.5329307810791537,-1.0012805344071898,0.0196419014737194,-0.4929737589503531,item
699237237377,im14,sc51,b481,-0.7812891381541522,item_ridge,267.0,-0.4547142583452114,-0.5090817434280027,0.0066479608065638,-0.7811826760354961,item
213236844242319,im3,sc16,b451,-0.6730757082627478,item_ridge,406.0,-0.4340556041136897,-0.8987359235912883,0.0202666082602156,-0.6720989256901514,item
240775464027310,im14,sc51,b122,-1.36449072106243,item_ridge,198.0,-0.4547142583452114,-0.5090817434280027,0.0066479608065638,-1.3643351225813154,item
256271561554695,im17,sc67,b301,-0.2972630726851484,item_ridge,750.0,-0.5825053462263596,-0.9597630819115917,0.0120962057980395,-0.2968106162038339,item
44133907263927,im14,sc51,b283,-0.5436074176914477,item_ridge,390.0,-0.4547142583452114,-0.5090817434280027,0.0066479608065638,-0.5434866241337422,item
164830725371119,im14,sc51,b344,-0.3531855666541507,item_ridge,363.0,-0.4547142583452114,-0.5090817434280027,0.0066479608065638,-0.35289347827732415,item
272743477279521,im19,sc59,b476,-0.131129663691232,item_ridge,983.0,-0.3484302192705804,-0.4712393146436414,0.0168972418100549,-0.1312075167058169,item
157845072419409,im17,sc67,b551,-0.7325879711954659,item_ridge,348.0,-0.5825053462263596,-0.9597630819115917,0.0120962057980395,-0.7323784366417785,item
131556934411716,im20,sc89,b153,-0.1551798082439382,item_ridge,378.0,-0.6719321285344858,-1.1053539421228344,0.0112772387829762,-0.1552141727920722,item
127162316112436,im14,sc51,b481,-0.224147784838276,item_ridge,200.0,-0.4547142583452114,-0.5090817434280027,0.0066479608065638,-0.2240624786534548,item
44216003341475,im11,sc18,b451,-0.8769667789073047,item_ridge,569.0,-0.3954087848279526,-0.4174127415726866,0.0176249681656319,-0.8765647463477017,item
78600605929477,im7,sc33,b24,-0.7478612620462421,item_ridge,350.0,-0.712375224530957,-1.226191510591962,0.0322433928253026,-0.7487325622634999,item
93830965110654,im17,sc55,b391,-0.5825053462263596,category_fe_positive_fallback,501.0,-0.5825053462263596,-0.9597630819115917,0.0120962057980395,-0.6443482333568126,sub_category
270744611446650,im2,sc87,b139,-0.8835994961414139,item_ridge,370.0,-0.7393400558468726,-1.0300616525541268,0.0204705834618003,-0.8836738698622495,item
221972753085993,im15,sc61,b43,-0.0524930500275625,item_ridge,927.0,-0.3701674932352681,-0.4867729418820625,0.0094473752650418,-0.05261660844767833,item
190989813656910,im6,sc34,b332,-1.2012094269035165,item_ridge,725.0,-0.7540643423936192,-1.1052321719674671,0.0117226556316826,-1.2002024816698988,item
119595840607821,im14,sc51,b122,-0.961993560079109,item_ridge,264.0,-0.4547142583452114,-0.5090817434280027,0.0066479608065638,-0.9606095525365742,item
55410631456666,im14,sc51,b481,-0.8100374871704952,item_ridge,198.0,-0.4547142583452114,-0.5090817434280027,0.0066479608065638,-0.8080925061565826,item
4679187658941,im6,sc34,b332,-0.957194856938758,item_ridge,706.0,-0.7540643423936192,-1.1052321719674671,0.0117226556316826,-0.9565232183155168,item
169682504248479,im20,sc72,b395,-1.619235646807554,item_ridge,456.0,-0.6719321285344858,-1.1053539421228344,0.0112772387829762,-1.6193564915482284,item
30727313486772,im6,sc34,b332,-0.7258503293722423,item_ridge,685.0,-0.7540643423936192,-1.1052321719674671,0.0117226556316826,-0.7253964178752124,item
69020140231167,im16,sc31,b520,-0.33891717996974,item_ridge,826.0,-0.7311111818334803,-1.1262045944613654,0.02034177093961,-0.33975763867125625,item
185359936082702,im4,sc3,b496,-1.6305813051336977,item_ridge,656.0,-0.6597748090798966,-0.6259883664315813,0.0291194429147193,-1.6300682685821448,item
68415573481528,im17,sc55,b401,-1.696803946448769,item_ridge,807.0,-0.5825053462263596,-0.9597630819115917,0.0120962057980395,-1.6951930066173417,item
144183749955062,im14,sc51,b169,-1.517158506631296,item_ridge,186.0,-0.4547142583452114,-0.5090817434280027,0.0066479608065638,-1.5163511688981501,item
175720588601107,im14,sc99,b273,-0.8710471195307101,item_ridge,250.0,-0.4547142583452114,-0.5090817434280027,0.0066479608065638,-0.8706614499462878,item
123559996720490,im2,sc5,b496,-0.9182654429921084,item_ridge,706.0,-0.7393400558468726,-1.0300616525541268,0.0204705834618003,-0.9188891545750636,item
146010429619167,im17,sc55,b391,-0.737009288792119,item_ridge,904.0,-0.5825053462263596,-0.9597630819115917,0.0120962057980395,-0.7358957942839083,item
149692468392726,im14,sc51,b122,-0.614391308210806,item_ridge,177.0,-0.4547142583452114,-0.5090817434280027,0.0066479608065638,-0.6140569079663094,item
165971823173449,im6,sc9,b520,-0.7540643423936192,category_fe_positive_fallback,356.0,-0.7540643423936192,-1.1052321719674671,0.0117226556316826,-0.7741767854440029,sub_category
9152089347230,im14,sc51,b481,-0.911119717210898,item_ridge,471.0,-0.4547142583452114,-0.5090817434280027,0.0066479608065638,-0.9106078801019734,item
180637755967801,im6,sc34,b332,-0.9970325865570084,item_ridge,974.0,-0.7540643423936192,-1.1052321719674671,0.0117226556316826,-0.996261825694209,item
40875842004488,im20,sc57,b520,-0.6719321285344858,category_fe_positive_fallback,786.0,-0.6719321285344858,-1.1053539421228344,0.0112772387829762,-0.5185301370479203,sub_category
129587578531656,im6,sc9,b153,-1.2415379946218448,item_ridge,998.0,-0.7540643423936192,-1.1052321719674671,0.0117226556316826,-1.2410751354510394,item
235539927718524,im14,sc51,b91,-0.8597078794980544,item_ridge,799.0,-0.4547142583452114,-0.5090817434280027,0.0066479608065638,-0.8588548176498456,item
81230409205904,im7,sc33,b24,-0.0627384214162293,item_ridge,745.0,-0.712375224530957,-1.226191510591962,0.0322433928253026,-0.06484239060444814,item
279709468026253,im19,sc59,b476,-0.5805652088309966,item_ridge,917.0,-0.3484302192705804,-0.4712393146436414,0.0168972418100549,-0.5807125467818223,item
139084040896288,im6,sc34,b135,-1.213737540699679,item_ridge,1003.0,-0.7540643423936192,-1.1052321719674671,0.0117226556316826,-1.2132241558589112,item
138606058420414,im8,sc37,b332,-0.5400439541956984,item_ridge,214.0,-0.5240268331974867,-0.98244493005407,0.0158566637101308,-0.5399096920250226,item
165349084371644,im15,sc63,b350,-0.1178733735291539,item_ridge,804.0,-0.3701674932352681,-0.4867729418820625,0.0094473752650418,-0.11789143854761532,item
237087986828394,im7,sc33,b520,-0.205271690015282,item_ridge,934.0,-0.712375224530957,-1.226191510591962,0.0322433928253026,-0.20726724857739046,item
158929177295243,im6,sc34,b520,-1.343763286195732,item_ridge,615.0,-0.7540643423936192,-1.1052321719674671,0.0117226556316826,-1.3434344738010455,item
53981581275563,im2,sc7,b425,-1.2055492158737002,item_ridge,109.0,-0.7393400558468726,-1.0300616525541268,0.0204705834618003,-1.2057220743308372,item
150314171622217,im6,sc34,b332,-0.061926409607107,item_ridge,395.0,-0.7540643423936192,-1.1052321719674671,0.0117226556316826,-0.06177396643867729,item
72317381267478,im5,sc26,b551,-0.6047219009113858,item_ridge,743.0,-0.5329307810791537,-1.0012805344071898,0.0196419014737194,-0.6052304533552882,item
192899391003457,im5,sc78,b520,-0.5329307810791537,category_fe_positive_fallback,928.0,-0.5329307810791537,-1.0012805344071898,0.0196419014737194,-0.30769732064234073,sub_category
40191920267644,im14,sc51,b122,-0.9907132179172472,item_ridge,510.0,-0.4547142583452114,-0.5090817434280027,0.0066479608065638,-0.9903644862336992,item
159783266443916,im20,sc89,b332,-0.2937472476475021,item_ridge,847.0,-0.6719321285344858,-1.1053539421228344,0.0112772387829762,-0.29388083377827595,item
67394684900296,im3,sc16,b24,-0.6347289039620129,item_ridge,654.0,-0.4340556041136897,-0.8987359235912883,0.0202666082602156,-0.6302857955420469,item
169278023694598,im8,sc81,b153,-0.3871080766438294,item_ridge,835.0,-0.5240268331974867,-0.98244493005407,0.0158566637101308,-0.3867593139511869,item
84882162529545,im6,sc22,b332,-0.7283762846393704,item_ridge,993.0,-0.7540643423936192,-1.1052321719674671,0.0117226556316826,-0.7280071951329287,item
229177862503619,im14,sc51,b346,-1.205025774435682,item_ridge,214.0,-0.4547142583452114,-0.5090817434280027,0.0066479608065638,-1.2048428779754257,item
10474797981763,im6,sc34,b551,-0.4120837149800309,item_ridge,603.0,-0.7540643423936192,-1.1052321719674671,0.0117226556316826,-0.4118793180860372,item
167243736235459,im15,sc63,b547,-0.7705880004301865,item_ridge,853.0,-0.3701674932352681,-0.4867729418820625,0.0094473752650418,-0.7706110205869392,item
107316178067892,im6,sc34,b332,-0.3139276968352695,item_ridge,724.0,-0.7540643423936192,-1.1052321719674671,0.0117226556316826,-0.3135202702505874,item
124402410281464,im11,sc54,b135,-0.6772414962446581,item_ridge,818.0,-0.3954087848279526,-0.4174127415726866,0.0176249681656319,-0.6757957847330759,item
208706960144210,im17,sc67,b332,-0.6335436552493625,item_ridge,293.0,-0.5825053462263596,-0.9597630819115917,0.0120962057980395,-0.6330106085550928,item
236377993236385,im14,sc51,b122,-0.8968373078696514,item_ridge,541.0,-0.4547142583452114,-0.5090817434280027,0.0066479608065638,-0.8964626431059192,item
193304607250034,im14,sc51,b283,-0.4887540863736409,item_ridge,396.0,-0.4547142583452114,-0.5090817434280027,0.0066479608065638,-0.4885118168087499,item
24269905596168,im16,sc83,b332,-0.5550094223505773,item_ridge,504.0,-0.7311111818334803,-1.1262045944613654,0.02034177093961,-0.5552337809844434,item
276135888070810,im20,sc72,b510,-0.5203494818164227,item_ridge,769.0,-0.6719321285344858,-1.1053539421228344,0.0112772387829762,-0.5205261383851212,item
70624817732049,im9,sc44,b224,-0.4384466731709817,item_ridge,671.0,-0.6990257650229246,-0.3020684723539735,0.0133293137954538,-0.44049973233000544,item
101410289455612,im14,sc51,b66,-0.9740902735480736,item_ridge,345.0,-0.4547142583452114,-0.5090817434280027,0.0066479608065638,-0.9738643827706682,item
34123469560813,im14,sc51,b481,-0.2607979727058568,item_ridge,154.0,-0.4547142583452114,-0.5090817434280027,0.0066479608065638,-0.26053932435348,item
21715013908376,im14,sc51,b481,-0.513517163499527,item_ridge,212.0,-0.4547142583452114,-0.5090817434280027,0.0066479608065638,-0.5133233478476138,item
248123653626734,im9,sc23,b224,-0.3808908158166639,item_ridge,500.0,-0.6990257650229246,-0.3020684723539735,0.0133293137954538,-0.38285474539612774,item
106431737938019,im6,sc22,b24,-0.7540643423936192,category_fe_positive_fallback,872.0,-0.7540643423936192,-1.1052321719674671,0.0117226556316826,-0.5733983862388061,sub_category
78596267942434,im16,sc31,b332,-0.2631364618952576,item_ridge,393.0,-0.7311111818334803,-1.1262045944613654,0.02034177093961,-0.2634254465954125,item
35195278987371,im8,sc37,b153,-1.136027260192461,item_ridge,555.0,-0.5240268331974867,-0.98244493005407,0.0158566637101308,-1.1358864392375874,item
280057384964157,im16,sc30,b520,-0.4413081913925073,item_ridge,165.0,-0.7311111818334803,-1.1262045944613654,0.02034177093961,-0.44141969578035956,item
69348195402969,im6,sc34,b153,-1.113112167105489,item_ridge,902.0,-0.7540643423936192,-1.1052321719674671,0.0117226556316826,-1.1126825234671132,item
22966777129050,im2,sc6,b510,-0.5846833315486009,item_ridge,825.0,-0.7393400558468726,-1.0300616525541268,0.0204705834618003,-0.5851045783376619,item
127226683695048,im20,sc57,b457,-0.5082217209027914,item_ridge,807.0,-0.6719321285344858,-1.1053539421228344,0.0112772387829762,-0.5083083079994822,item
15639633395989,im3,sc16,b24,-1.2092289485706458,item_ridge,647.0,-0.4340556041136897,-0.8987359235912883,0.0202666082602156,-1.2063837562566222,item
30631881667929,im8,sc37,b551,-0.4486451033309274,item_ridge,226.0,-0.5240268331974867,-0.98244493005407,0.0158566637101308,-0.448545949946262,item
224785681040185,im9,sc41,b224,-0.0982489960386083,item_ridge,743.0,-0.6990257650229246,-0.3020684723539735,0.0133293137954538,-0.10048155732534587,item
169656204509465,im14,sc99,b508,-0.5693363094620634,item_ridge,312.0,-0.4547142583452114,-0.5090817434280027,0.0066479608065638,-0.5690721428617591,item
261985828028462,im14,sc51,b346,-0.7793884455310777,item_ridge,191.0,-0.4547142583452114,-0.5090817434280027,0.0066479608065638,-0.7792778887155496,item
32672076735193,im3,sc16,b24,-1.0513358804824486,item_ridge,599.0,-0.4340556041136897,-0.8987359235912883,0.0202666082602156,-1.0488964286216573,item
117706734692371,im8,sc37,b24,-0.6883134168616428,item_ridge,903.0,-0.5240268331974867,-0.98244493005407,0.0158566637101308,-0.6881347864449101,item
196589274934364,im3,sc16,b392,-0.1444624385666886,item_ridge,810.0,-0.4340556041136897,-0.8987359235912883,0.0202666082602156,-0.1416523102424486,item
2751905588963,im20,sc72,b486,-0.6719321285344858,category_fe_positive_fallback,346.0,-0.6719321285344858,-1.1053539421228344,0.0112772387829762,-0.6233376155185413,sub_category
172461422597650,im20,sc72,b301,-0.1704531775926299,item_ridge,828.0,-0.6719321285344858,-1.1053539421228344,0.0112772387829762,-0.17053390252649417,item
275515167175859,im7,sc33,b332,-0.0234414360561512,item_ridge,861.0,-0.712375224530957,-1.226191510591962,0.0322433928253026,-0.024469329400013846,item
279847518011841,im17,sc67,b301,-0.4269089060112365,item_ridge,670.0,-0.5825053462263596,-0.9597630819115917,0.0120962057980395,-0.4262826049276873,item
217783154279216,im6,sc34,b153,-0.6065836746216446,item_ridge,725.0,-0.7540643423936192,-1.1052321719674671,0.0117226556316826,-0.6064609681250832,item
48776171451544,im9,sc42,b460,-0.426340356254745,item_ridge,794.0,-0.6990257650229246,-0.3020684723539735,0.0133293137954538,-0.4285451438921833,item
233603311531090,im16,sc30,b520,-0.385675848619375,item_ridge,168.0,-0.7311111818334803,-1.1262045944613654,0.02034177093961,-0.3857818085901523,item
236896570000629,im14,sc51,b68,-0.4603957864370564,item_ridge,149.0,-0.4547142583452114,-0.5090817434280027,0.0066479608065638,-0.46035347456938497,item
215776386515910,im17,sc55,b301,-0.7629284282918677,item_ridge,174.0,-0.5825053462263596,-0.9597630819115917,0.0120962057980395,-0.7626497667913653,item
53126794783964,im14,sc99,b482,-0.4546685251739315,item_ridge,969.0,-0.4547142583452114,-0.5090817434280027,0.0066479608065638,-0.4543210812474335,item
186084745019701,im6,sc34,b332,-0.4029976347448,item_ridge,1005.0,-0.7540643423936192,-1.1052321719674671,0.0117226556316826,-0.40273547351119965,item
220675156134839,im9,sc58,b224,-0.7137668854581838,item_ridge,639.0,-0.6990257650229246,-0.3020684723539735,0.0133293137954538,-0.7164145309682298,item
132210081603828,im1,sc96,b457,-1.213104701947615,item_ridge,835.0,-0.4590443828435093,-0.8944099676397969,0.062460179797843,-1.0661350798453657,item
251005889798299,im14,sc51,b344,-0.4977072899846813,item_ridge,505.0,-0.4547142583452114,-0.5090817434280027,0.0066479608065638,-0.4975264408728621,item
10198739923178,im3,sc20,b236,-0.9477958583027511,item_ridge,933.0,-0.4340556041136897,-0.8987359235912883,0.0202666082602156,-0.9463483910359767,item
48950551112240,im2,sc6,b164,-1.0643884523408398,item_ridge,498.0,-0.7393400558468726,-1.0300616525541268,0.0204705834618003,-1.0645694036174338,item
215562733869522,im14,sc51,b122,-0.3019434109612109,item_ridge,541.0,-0.4547142583452114,-0.5090817434280027,0.0066479608065638,-0.30165678218021286,item
258648912283417,im14,sc51,b459,-0.4078727970243429,item_ridge,90.0,-0.4547142583452114,-0.5090817434280027,0.0066479608065638,-0.4078454990451992,item
144069589630517,im14,sc51,b122,-1.0122714096247232,item_ridge,367.0,-0.4547142583452114,-0.5090817434280027,0.0066479608065638,-1.0115548376722272,item
138175895973043,im6,sc9,b24,-0.8335758073275711,item_ridge,958.0,-0.7540643423936192,-1.1052321719674671,0.0117226556316826,-0.8333674693859447,item
225647898250534,im20,sc92,b348,-0.250805917977984,item_ridge,89.0,-0.6719321285344858,-1.1053539421228344,0.0112772387829762,-0.25082995226816696,item
278762458267193,im17,sc55,b391,-0.3336065295609689,item_ridge,798.0,-0.5825053462263596,-0.9597630819115917,0.0120962057980395,-0.33304344909094263,item
85162714817286,im12,sc84,b414,-0.9542974602105996,item_ridge,494.0,-0.7159602082500641,-1.7759215692028727,0.0614701148056001,-0.9538775849030242,item
260955184870923,im17,sc55,b391,-0.1759137149603023,item_ridge,800.0,-0.5825053462263596,-0.9597630819115917,0.0120962057980395,-0.17543469353794855,item
243625966246475,im14,sc51,b169,-1.0717923724075873,item_ridge,168.0,-0.4547142583452114,-0.5090817434280027,0.0066479608065638,-1.071627902083252,item
19683788972433,im14,sc51,b508,-1.5549242951594002,item_ridge,110.0,-0.4547142583452114,-0.5090817434280027,0.0066479608065638,-1.5548103260964816,item
88972676751840,im8,sc37,b546,-0.3285892562671798,item_ridge,334.0,-0.5240268331974867,-0.98244493005407,0.0158566637101308,-0.3285240542360177,item
258137351538853,im3,sc16,b505,-0.2235664482707799,item_ridge,508.0,-0.4340556041136897,-0.8987359235912883,0.0202666082602156,-0.22251953771861216,item
221054566297739,im8,sc37,b401,-0.2662528986219832,item_ridge,493.0,-0.5240268331974867,-0.98244493005407,0.0158566637101308,-0.2661826810499632,item
85708036858082,im7,sc33,b24,-0.6869542191356016,item_ridge,437.0,-0.712375224530957,-1.226191510591962,0.0322433928253026,-0.6879580212292173,item
263800786110200,im20,sc72,b332,-0.2840320490183624,item_ridge,137.0,-0.6719321285344858,-1.1053539421228344,0.0112772387829762,-0.28405356488249855,item
267292003099953,im17,sc67,b24,-0.6549417048260592,item_ridge,593.0,-0.5825053462263596,-0.9597630819115917,0.0120962057980395,-0.6545917130440759,item
91750688281545,im9,sc39,b460,-0.1862015478490414,item_ridge,642.0,-0.6990257650229246,-0.3020684723539735,0.0133293137954538,-0.1873505897153537,item
206460238654396,im8,sc81,b332,-0.5240268331974867,category_fe_positive_fallback,669.0,-0.5240268331974867,-0.98244493005407,0.0158566637101308,-0.6501183013557981,sub_category
134674695152201,im14,sc51,b283,-0.1029685333554907,item_ridge,911.0,-0.4547142583452114,-0.5090817434280027,0.0066479608065638,-0.10258840899592943,item
145743846904794,im16,sc83,b324,-0.3890099323680831,item_ridge,585.0,-0.7311111818334803,-1.1262045944613654,0.02034177093961,-0.38921888175511743,item
213490880032905,im6,sc34,b348,-0.0039075113611648,item_ridge,57.0,-0.7540643423936192,-1.1052321719674671,0.0117226556316826,-0.003854190432297033,item
222686229891024,im7,sc33,b510,-0.5739487473289596,item_ridge,756.0,-0.712375224530957,-1.226191510591962,0.0322433928253026,-0.5750368687984388,item
242406312605110,im11,sc38,b165,-0.4041352040204652,item_ridge,721.0,-0.3954087848279526,-0.4174127415726866,0.0176249681656319,-0.403122356815394,item
36956534894794,im6,sc34,b460,-0.179384570177858,item_ridge,284.0,-0.7540643423936192,-1.1052321719674671,0.0117226556316826,-0.17934252867625056,item
334741852012,im16,sc75,b332,-1.592730248122192,item_ridge,837.0,-0.7311111818334803,-1.1262045944613654,0.02034177093961,-1.593208896268351,item
15576933097427,im16,sc30,b153,-0.2849891118070248,item_ridge,510.0,-0.7311111818334803,-1.1262045944613654,0.02034177093961,-0.28513819502172316,item
177055167327312,im11,sc54,b180,-0.3940662166273573,item_ridge,406.0,-0.3954087848279526,-0.4174127415726866,0.0176249681656319,-0.3936858768256199,item
245871375236533,im20,sc89,b510,-0.6223945161804681,item_ridge,885.0,-0.6719321285344858,-1.1053539421228344,0.0112772387829762,-0.6225398798324342,item
180991616172640,im17,sc55,b237,-0.1077692922912876,item_ridge,541.0,-0.5825053462263596,-0.9597630819115917,0.0120962057980395,-0.10755741743140049,item
181308534947453,im14,sc51,b66,-0.4547142583452114,category_fe_positive_fallback,543.0,-0.4547142583452114,-0.5090817434280027,0.0066479608065638,-0.6979409003363024,sub_category
271009763054262,im14,sc51,b346,-0.2640501029920544,item_ridge,464.0,-0.4547142583452114,-0.5090817434280027,0.0066479608065638,-0.2639129306468623,item
29771676227908,im17,sc55,b391,-0.5825053462263596,category_fe_positive_fallback,498.0,-0.5825053462263596,-0.9597630819115917,0.0120962057980395,-0.6443482333568126,sub_category
183343538453397,im6,sc34,b332,-1.1230387675517566,item_ridge,975.0,-0.7540643423936192,-1.1052321719674671,0.0117226556316826,-1.1215071580501101,item
170043872779977,im14,sc51,b283,-0.912677778122875,item_ridge,1068.0,-0.4547142583452114,-0.5090817434280027,0.0066479608065638,-0.9098067131665448,item
172132762873636,im17,sc55,b391,-0.1425835871696472,item_ridge,804.0,-0.5825053462263596,-0.9597630819115917,0.0120962057980395,-0.14003072540676667,item
27974902818301,im14,sc51,b283,-0.5816265384913413,item_ridge,321.0,-0.4547142583452114,-0.5090817434280027,0.0066479608065638,-0.5811317626193808,item
277771169659235,im20,sc89,b332,-1.1644144104360146,item_ridge,931.0,-0.6719321285344858,-1.1053539421228344,0.0112772387829762,-1.1649219731985934,item
167757059991088,im6,sc34,b153,-1.0967629024475498,item_ridge,281.0,-0.7540643423936192,-1.1052321719674671,0.0117226556316826,-1.0964730553470379,item
129638703659909,im14,sc51,b283,-0.8128936839387179,item_ridge,364.0,-0.4547142583452114,-0.5090817434280027,0.0066479608065638,-0.8124227937985063,item
56051696191068,im5,sc26,b114,-0.9697715836111664,item_ridge,239.0,-0.5329307810791537,-1.0012805344071898,0.0196419014737194,-0.9704447399861872,item
2741204919379,im5,sc78,b24,-0.5329307810791537,category_fe_positive_fallback,689.0,-0.5329307810791537,-1.0012805344071898,0.0196419014737194,-0.30769732064234073,sub_category
278828910313076,im14,sc51,b122,-0.814081163660353,item_ridge,535.0,-0.4547142583452114,-0.5090817434280027,0.0066479608065638,-0.813410315822919,item
149831547610060,im14,sc99,b369,-1.5742280356298777,item_ridge,360.0,-0.4547142583452114,-0.5090817434280027,0.0066479608065638,-1.5737904883668388,item
193110271702219,im6,sc34,b332,-0.867924776588278,item_ridge,1006.0,-0.7540643423936192,-1.1052321719674671,0.0117226556316826,-0.8671263298585672,item
112155131770400,im6,sc34,b520,-0.3432878187787525,item_ridge,208.0,-0.7540643423936192,-1.1052321719674671,0.0117226556316826,-0.3431398190210614,item
272069589615886,im19,sc59,b476,-0.6154659099803604,item_ridge,644.0,-0.3484302192705804,-0.4712393146436414,0.0168972418100549,-0.6156092133219854,item
11421541905593,im11,sc17,b54,-0.588892862101858,item_ridge,530.0,-0.3954087848279526,-0.4174127415726866,0.0176249681656319,-0.5861102605748753,item
236749804783559,im8,sc37,b520,-0.7367027309818863,item_ridge,739.0,-0.5240268331974867,-0.98244493005407,0.0158566637101308,-0.7362509464937792,item
126511756763533,im6,sc34,b332,-0.7540643423936192,category_fe_positive_fallback,669.0,-0.7540643423936192,-1.1052321719674671,0.0117226556316826,-1.0002026257281673,sub_category
202358566063158,im14,sc51,b283,-0.7195985694927198,item_ridge,603.0,-0.4547142583452114,-0.5090817434280027,0.0066479608065638,-0.7191850051087079,item
83728724602855,im16,sc30,b520,-0.1307833561181623,item_ridge,832.0,-0.7311111818334803,-1.1262045944613654,0.02034177093961,-0.13130145109155636,item
19590392185187,im17,sc55,b391,-1.4040267580224932,item_ridge,798.0,-0.5825053462263596,-0.9597630819115917,0.0120962057980395,-1.402950111316001,item
206469256249904,im6,sc34,b301,-0.7474705156242616,item_ridge,276.0,-0.7540643423936192,-1.1052321719674671,0.0117226556316826,-0.7473348206963069,item
246856072197124,im6,sc34,b218,-0.589861381855121,item_ridge,648.0,-0.7540643423936192,-1.1052321719674671,0.0117226556316826,-0.5895824723810432,item
62359493943940,im14,sc51,b122,-0.5594287190332664,item_ridge,451.0,-0.4547142583452114,-0.5090817434280027,0.0066479608065638,-0.5588772998545853,item
209114237970493,im6,sc9,b546,-1.9547541193526925,item_ridge,506.0,-0.7540643423936192,-1.1052321719674671,0.0117226556316826,-1.9545413341315185,item
38479189594316,im6,sc9,b153,-0.8900998228878066,item_ridge,819.0,-0.7540643423936192,-1.1052321719674671,0.0117226556316826,-0.8895993328901075,item
96367442504332,im2,sc6,b139,-1.6532646136297109,item_ridge,381.0,-0.7393400558468726,-1.0300616525541268,0.0204705834618003,-1.6534737777397568,item
248510757987365,im6,sc22,b24,-0.7872211123577678,item_ridge,750.0,-0.7540643423936192,-1.1052321719674671,0.0117226556316826,-0.7869700357148327,item
102880454353849,im5,sc25,b153,-0.9080841349976048,item_ridge,910.0,-0.5329307810791537,-1.0012805344071898,0.0196419014737194,-0.9087092882700334,item
226454235423020,im15,sc61,b43,-0.4824230133954917,item_ridge,820.0,-0.3701674932352681,-0.4867729418820625,0.0094473752650418,-0.4824533720079974,item
267531970687785,im16,sc30,b332,-0.6509643284630044,item_ridge,700.0,-0.7311111818334803,-1.1262045944613654,0.02034177093961,-0.6515637415535056,item
207973439231826,im6,sc34,b332,-0.9362838655506928,item_ridge,721.0,-0.7540643423936192,-1.1052321719674671,0.0117226556316826,-0.93592258207753,item
147178582471814,im14,sc99,b169,-0.2762553274723915,item_ridge,804.0,-0.4547142583452114,-0.5090817434280027,0.0066479608065638,-0.275462827671481,item
133600203054161,im17,sc67,b556,-0.5825053462263596,category_fe_positive_fallback,868.0,-0.5825053462263596,-0.9597630819115917,0.0120962057980395,-0.9343200143175835,sub_category
229489756010420,im20,sc72,b395,-0.6712533833089964,item_ridge,645.0,-0.6719321285344858,-1.1053539421228344,0.0112772387829762,-0.6713294168138408,item
116829500773451,im20,sc89,b348,-0.7801279612440105,item_ridge,456.0,-0.6719321285344858,-1.1053539421228344,0.0112772387829762,-0.7801747486569627,item
68541895495838,im16,sc30,b332,-0.3373510590716868,item_ridge,693.0,-0.7311111818334803,-1.1262045944613654,0.02034177093961,-0.33789317985240924,item
38894203764772,im7,sc33,b332,-0.6211429997116307,item_ridge,939.0,-0.712375224530957,-1.226191510591962,0.0322433928253026,-0.62281131879122,item
36547654754278,im15,sc63,b65,-0.8136992126162721,item_ridge,702.0,-0.3701674932352681,-0.4867729418820625,0.0094473752650418,-0.8137103687561995,item
22101454483004,im14,sc51,b346,-0.478517189498309,item_ridge,245.0,-0.4547142583452114,-0.5090817434280027,0.0066479608065638,-0.478332245689618,item
207601935502170,im14,sc51,b10,-0.4547142583452114,category_fe_positive_fallback,311.0,-0.4547142583452114,-0.5090817434280027,0.0066479608065638,-0.6979409003363024,sub_category
106784211493378,im16,sc75,b332,-1.6935992554129435,item_ridge,808.0,-0.7311111818334803,-1.1262045944613654,0.02034177093961,-1.6945972614702727,item
145676217892234,im6,sc9,b332,-1.0854017418058095,item_ridge,919.0,-0.7540643423936192,-1.1052321719674671,0.0117226556316826,-1.0851499573640406,item
16931086748242,im20,sc92,b220,-0.8816029855883364,item_ridge,818.0,-0.6719321285344858,-1.1053539421228344,0.0112772387829762,-0.8816686363004452,item
208632894113034,im14,sc51,b481,-0.5086095552897929,item_ridge,298.0,-0.4547142583452114,-0.5090817434280027,0.0066479608065638,-0.508350906937418,item
135461258129202,im19,sc59,b476,-0.5951076889792013,item_ridge,643.0,-0.3484302192705804,-0.4712393146436414,0.0168972418100549,-0.5951874845834021,item
24941311350710,im20,sc57,b153,-0.613182182936368,item_ridge,684.0,-0.6719321285344858,-1.1053539421228344,0.0112772387829762,-0.6132997285480787,item
186968422450697,im15,sc63,b547,-0.3701674932352681,category_fe_positive_fallback,792.0,-0.3701674932352681,-0.4867729418820625,0.0094473752650418,-0.3596437625319346,sub_category
895469897618,im14,sc51,b283,-0.1062998573944811,item_ridge,872.0,-0.4547142583452114,-0.5090817434280027,0.0066479608065638,-0.10542768696087323,item
116899666698525,im17,sc55,b505,-0.3024877049227524,item_ridge,914.0,-0.5825053462263596,-0.9597630819115917,0.0120962057980395,-0.301924624452727,item
100448132893064,im20,sc92,b153,-0.1357243052993366,item_ridge,516.0,-0.6719321285344858,-1.1053539421228344,0.0112772387829762,-0.13580382815208827,item
91299721681760,im20,sc72,b486,-0.4764565164351669,item_ridge,316.0,-0.6719321285344858,-1.1053539421228344,0.0112772387829762,-0.47652106402757605,item
267395921688784,im17,sc55,b391,-0.5825053462263596,category_fe_positive_fallback,670.0,-0.5825053462263596,-0.9597630819115917,0.0120962057980395,-0.6443482333568126,sub_category
62272276824336,im17,sc55,b505,-1.3599311861470167,item_ridge,748.0,-0.5825053462263596,-0.9597630819115917,0.0120962057980395,-1.3590456874119428,item
71383178344508,im20,sc92,b520,-0.8023777637075816,item_ridge,806.0,-0.6719321285344858,-1.1053539421228344,0.0112772387829762,-0.8025253568318562,item
164916783937305,im6,sc9,b301,-0.3216657856489591,item_ridge,861.0,-0.7540643423936192,-1.1052321719674671,0.0117226556316826,-0.32142426415997954,item
264172780291632,im20,sc92,b153,-0.6719321285344858,category_fe_positive_fallback,707.0,-0.6719321285344858,-1.1053539421228344,0.0112772387829762,-0.504697012925296,sub_category
268860029922393,im14,sc99,b369,-0.7579511329838043,item_ridge,193.0,-0.4547142583452114,-0.5090817434280027,0.0066479608065638,-0.7577989129531397,item
270965815632173,im2,sc6,b371,-0.3811814620529651,item_ridge,676.0,-0.7393400558468726,-1.0300616525541268,0.0204705834618003,-0.381408137576871,item
213349118036031,im6,sc34,b332,-0.640846279976977,item_ridge,715.0,-0.7540643423936192,-1.1052321719674671,0.0117226556316826,-0.6405458370508554,item
7456238216778,im14,sc51,b66,-0.9751430066087938,item_ridge,357.0,-0.4547142583452114,-0.5090817434280027,0.0066479608065638,-0.974972394239155,item
125076691950229,im14,sc51,b283,-1.1116290714121928,item_ridge,854.0,-0.4547142583452114,-0.5090817434280027,0.0066479608065638,-1.1109882513518183,item
175054179951091,im6,sc34,b332,-0.8236046349148091,item_ridge,359.0,-0.7540643423936192,-1.1052321719674671,0.0117226556316826,-0.8235085888826822,item
75230675080537,im5,sc26,b155,-0.1626118902771362,item_ridge,526.0,-0.5329307810791537,-1.0012805344071898,0.0196419014737194,-0.1628649381115415,item
196003804146735,im9,sc43,b316,-0.6990257650229246,category_fe_positive_fallback,729.0,-0.6990257650229246,-0.3020684723539735,0.0133293137954538,-0.2667176326480474,sub_category
139947091850913,im17,sc55,b301,-0.6105263226069018,item_ridge,798.0,-0.5825053462263596,-0.9597630819115917,0.0120962057980395,-0.6096696112169234,item
254573591620109,im15,sc61,b237,-0.2259398314593583,item_ridge,186.0,-0.3701674932352681,-0.4867729418820625,0.0094473752650418,-0.2259455236992037,item
16348241051244,im2,sc6,b425,-0.6781874380932442,item_ridge,401.0,-0.7393400558468726,-1.0300616525541268,0.0204705834618003,-0.6784895099823974,item
169415468809329,im6,sc9,b551,-0.7540643423936192,category_fe_positive_fallback,756.0,-0.7540643423936192,-1.1052321719674671,0.0117226556316826,-0.7741767854440029,sub_category
87270855197935,im20,sc57,b520,-1.1775814815566157,item_ridge,808.0,-0.6719321285344858,-1.1053539421228344,0.0112772387829762,-1.177718859967006,item
150991726941898,im14,sc51,b122,-0.4672865988167979,item_ridge,358.0,-0.4547142583452114,-0.5090817434280027,0.0066479608065638,-0.4670497888477351,item
224726400883037,im6,sc34,b218,-0.1033035791179479,item_ridge,219.0,-0.7540643423936192,-1.1052321719674671,0.0117226556316826,-0.10323966236347204,item
76416007806028,im16,sc83,b324,-0.5576851830726655,item_ridge,777.0,-0.7311111818334803,-1.1262045944613654,0.02034177093961,-0.5581055473262254,item
67976616944208,im6,sc34,b332,-1.3280544355052837,item_ridge,845.0,-0.7540643423936192,-1.1052321719674671,0.0117226556316826,-1.3277300665213358,item
280405675172418,im1,sc14,b457,-0.7035314322140369,item_ridge,888.0,-0.4590443828435093,-0.8944099676397969,0.062460179797843,-0.5475763280638901,item
25079766780223,im14,sc51,b169,-0.5179166693193638,item_ridge,269.0,-0.4547142583452114,-0.5090817434280027,0.0066479608065638,-0.5178115720996637,item
25173515715306,im3,sc16,b546,-0.2201177471571689,item_ridge,796.0,-0.4340556041136897,-0.8987359235912883,0.0202666082602156,-0.2173476919641121,item
64241910380653,im9,sc43,b224,-0.6863277292601375,item_ridge,409.0,-0.6990257650229246,-0.3020684723539735,0.0133293137954538,-0.6873234615075525,item
54439897230883,im9,sc44,b224,-0.3187806216055308,item_ridge,709.0,-0.6990257650229246,-0.3020684723539735,0.0133293137954538,-0.32074893398169196,item
111474396429431,im16,sc83,b332,-0.4900841143739097,item_ridge,772.0,-0.7311111818334803,-1.1262045944613654,0.02034177093961,-0.4904674964350745,item
238855574151634,im12,sc15,b249,-0.4985473053035886,item_ridge,806.0,-0.7159602082500641,-1.7759215692028727,0.0614701148056001,-0.4977229057654719,item
15837031295463,im7,sc33,b332,-0.9230781488112968,item_ridge,856.0,-0.712375224530957,-1.226191510591962,0.0322433928253026,-0.9243810839288106,item
1981198122793,im17,sc67,b510,-0.4311260633270287,item_ridge,765.0,-0.5825053462263596,-0.9597630819115917,0.0120962057980395,-0.4303639101702081,item
2924787753430,im14,sc51,b169,-0.9651095609684566,item_ridge,158.0,-0.4547142583452114,-0.5090817434280027,0.0066479608065638,-0.9649355363514239,item
199098460565909,im5,sc78,b164,-0.2575489367314145,item_ridge,792.0,-0.5329307810791537,-1.0012805344071898,0.0196419014737194,-0.25801685831072724,item
2448318672390,im17,sc12,b301,-0.5580661918668881,item_ridge,886.0,-0.5825053462263596,-0.9597630819115917,0.0120962057980395,-0.5576032371866224,item
36771429737417,im9,sc41,b224,-0.6990257650229246,category_fe_low_n,,-0.6990257650229246,-0.3020684723539735,0.0133293137954538,-0.48560896580976454,sub_category
4043159244195,im8,sc37,b301,-0.6143515836035401,item_ridge,316.0,-0.5240268331974867,-0.98244493005407,0.0158566637101308,-0.6142825234640267,item
116938011901513,im8,sc37,b332,-0.5240268331974867,category_fe_positive_fallback,282.0,-0.5240268331974867,-0.98244493005407,0.0158566637101308,-0.48157631529870026,sub_category
88156396939327,im17,sc67,b415,-0.410967184174114,item_ridge,1033.0,-0.5825053462263596,-0.9597630819115917,0.0120962057980395,-0.4105481150667385,item
65857614826349,im14,sc51,b344,-0.3964232326817936,item_ridge,738.0,-0.4547142583452114,-0.5090817434280027,0.0066479608065638,-0.3959632617332414,item
142234879977212,im7,sc33,b332,-0.3265351943557354,item_ridge,502.0,-0.712375224530957,-1.226191510591962,0.0322433928253026,-0.3270411106109172,item
79611493384041,im14,sc51,b283,-0.7909826363614205,item_ridge,978.0,-0.4547142583452114,-0.5090817434280027,0.0066479608065638,-0.7906379993747461,item
53366157692523,im14,sc51,b481,-0.4995613606599678,item_ridge,176.0,-0.4547142583452114,-0.5090817434280027,0.0066479608065638,-0.4994644528340126,item
66705111923267,im20,sc89,b24,-0.3675302798922595,item_ridge,697.0,-0.6719321285344858,-1.1053539421228344,0.0112772387829762,-0.36758126203878716,item
69855384315502,im14,sc51,b273,-0.0846227893243183,item_ridge,62.0,-0.4547142583452114,-0.5090817434280027,0.0066479608065638,-0.08454635498271874,item
192475192170706,im14,sc51,b481,-0.3416180796356802,item_ridge,140.0,-0.4547142583452114,-0.5090817434280027,0.0066479608065638,-0.3413123422692825,item
168979433659179,im2,sc6,b371,-0.8281157456799862,item_ridge,515.0,-0.7393400558468726,-1.0300616525541268,0.0204705834618003,-0.828255350562735,item
42204163905483,im8,sc81,b332,-0.2468157451761876,item_ridge,212.0,-0.5240268331974867,-0.98244493005407,0.0158566637101308,-0.24676630816106235,item
109015547350542,im14,sc51,b459,-0.5654780359815224,item_ridge,380.0,-0.4547142583452114,-0.5090817434280027,0.0066479608065638,-0.5653285795457152,item
28097991010860,im14,sc51,b122,-0.3497219051498722,item_ridge,264.0,-0.4547142583452114,-0.5090817434280027,0.0066479608065638,-0.34957586096145987,item
193468879883265,im20,sc57,b332,-0.6719321285344858,category_fe_positive_fallback,593.0,-0.6719321285344858,-1.1053539421228344,0.0112772387829762,-0.5185301370479203,sub_category
174341395145466,im16,sc97,b348,-0.3257526817127267,item_ridge,376.0,-0.7311111818334803,-1.1262045944613654,0.02034177093961,-0.32586145977541936,item
243058454297448,im7,sc33,b301,-0.712375224530957,category_fe_positive_fallback,298.0,-0.712375224530957,-1.226191510591962,0.0322433928253026,-0.5987735288605195,sub_category
139212957436739,im14,sc51,b481,-0.7799360804168582,item_ridge,164.0,-0.4547142583452114,-0.5090817434280027,0.0066479608065638,-0.7797777521378283,item
37143918336671,im14,sc99,b482,-0.6126163124180701,item_ridge,958.0,-0.4547142583452114,-0.5090817434280027,0.0066479608065638,-0.6123289373825969,item
25678600232435,im4,sc66,b135,-0.408269277852025,item_ridge,622.0,-0.6597748090798966,-0.6259883664315813,0.0291194429147193,-0.40799251822638255,item
114104560800537,im16,sc83,b332,-0.8566170579160971,item_ridge,530.0,-0.7311111818334803,-1.1262045944613654,0.02034177093961,-0.8567631375760583,item
99665487616143,im12,sc15,b389,-0.0497830335275686,item_ridge,210.0,-0.7159602082500641,-1.7759215692028727,0.0614701148056001,-0.04956197478045269,item
141224110778088,im6,sc22,b332,-0.5076930609112276,item_ridge,837.0,-0.7540643423936192,-1.1052321719674671,0.0117226556316826,-0.5075298952999455,item
25664002860836,im14,sc51,b66,-0.0703014061656663,item_ridge,775.0,-0.4547142583452114,-0.5090817434280027,0.0066479608065638,-0.06988647688269795,item
56361419055999,im11,sc88,b565,-0.2419657570080124,item_ridge,589.0,-0.3954087848279526,-0.4174127415726866,0.0176249681656319,-0.2410872058930714,item
62195201599553,im20,sc89,b348,-0.7061433009875818,item_ridge,456.0,-0.6719321285344858,-1.1053539421228344,0.0112772387829762,-0.7061704054199128,item
58637775259389,im20,sc57,b332,-0.6719321285344858,category_fe_positive_fallback,467.0,-0.6719321285344858,-1.1053539421228344,0.0112772387829762,-0.5185301370479203,sub_category
121428580718411,im5,sc26,b478,-0.9501397868640328,item_ridge,132.0,-0.5329307810791537,-1.0012805344071898,0.0196419014737194,-0.9503166746706065,item
177330963118986,im9,sc44,b548,-0.2383585431861064,item_ridge,732.0,-0.6990257650229246,-0.3020684723539735,0.0133293137954538,-0.23932629677105238,item
192012842275360,im15,sc61,b43,-0.9637089908872736,item_ridge,929.0,-0.3701674932352681,-0.4867729418820625,0.0094473752650418,-0.9637661681621363,item
277571482694104,im20,sc89,b520,-1.8814431463824013,item_ridge,802.0,-0.6719321285344858,-1.1053539421228344,0.0112772387829762,-1.8821965850668376,item
138251605120553,im5,sc78,b556,-0.3049608451927372,item_ridge,797.0,-0.5329307810791537,-1.0012805344071898,0.0196419014737194,-0.3066470047083668,item
62600223046173,im2,sc6,b371,-0.9843579157454928,item_ridge,632.0,-0.7393400558468726,-1.0300616525541268,0.0204705834618003,-0.9853443920598307,item
100640917612463,im6,sc34,b332,-0.4181586633007076,item_ridge,316.0,-0.7540643423936192,-1.1052321719674671,0.0117226556316826,-0.41788248823323887,item
203750956869687,im9,sc44,b224,-0.6990257650229246,category_fe_positive_fallback,475.0,-0.6990257650229246,-0.3020684723539735,0.0133293137954538,-0.2436903662347519,sub_category
231742782865803,im6,sc34,b153,-0.7457209090936624,item_ridge,275.0,-0.7540643423936192,-1.1052321719674671,0.0117226556316826,-0.7455195884071042,item
151983822903626,im6,sc34,b332,-1.0488328613121232,item_ridge,860.0,-0.7540643423936192,-1.1052321719674671,0.0117226556316826,-1.0482805111771862,item
103374827140597,im6,sc34,b332,-0.7594095597054434,item_ridge,962.0,-0.7540643423936192,-1.1052321719674671,0.0117226556316826,-0.7588937822588949,item
258019616606963,im6,sc34,b332,-0.364302194493232,item_ridge,848.0,-0.7540643423936192,-1.1052321719674671,0.0117226556316826,-0.3635529670824747,item
46842188366232,im20,sc89,b153,-0.7640726099741484,item_ridge,960.0,-0.6719321285344858,-1.1053539421228344,0.0112772387829762,-0.7643163885292196,item
106298526077769,im6,sc34,b520,-0.6297340038906373,item_ridge,307.0,-0.7540643423936192,-1.1052321719674671,0.0117226556316826,-0.6295443044321648,item
94343378859485,im6,sc34,b332,-0.7659403262456481,item_ridge,988.0,-0.7540643423936192,-1.1052321719674671,0.0117226556316826,-0.7653623410487542,item
117288928023538,im20,sc89,b395,-1.0332548970932722,item_ridge,653.0,-0.6719321285344858,-1.1053539421228344,0.0112772387829762,-1.0334059075019726,item
32237120709977,im16,sc30,b153,-1.0610788341501336,item_ridge,753.0,-0.7311111818334803,-1.1262045944613654,0.02034177093961,-1.0615279319332558,item
3446605697875,im7,sc33,b24,-0.4152093199225557,item_ridge,248.0,-0.712375224530957,-1.226191510591962,0.0322433928253026,-0.41679131202209413,item
201359009283394,im6,sc34,b520,-1.5627160363993642,item_ridge,329.0,-0.7540643423936192,-1.1052321719674671,0.0117226556316826,-1.562554706409452,item
127461378591476,im5,sc26,b155,-1.2340524569005515,item_ridge,216.0,-0.5329307810791537,-1.0012805344071898,0.0196419014737194,-1.2343816647627859,item
31278168652882,im6,sc34,b520,-1.113002273828072,item_ridge,455.0,-0.7540643423936192,-1.1052321719674671,0.0117226556316826,-1.1128549576720355,item
209374349417962,im6,sc34,b153,-0.53621188028124,item_ridge,170.0,-0.7540643423936192,-1.1052321719674671,0.0117226556316826,-0.5361182268548956,item
235030484434692,im5,sc26,b551,-1.2520483640999418,item_ridge,827.0,-0.5329307810791537,-1.0012805344071898,0.0196419014737194,-1.2528476349296491,item
84890945821922,im20,sc93,b546,-1.4024692113664254,item_ridge,786.0,-0.6719321285344858,-1.1053539421228344,0.0112772387829762,-1.402565219184396,item
162758218306117,im15,sc63,b65,-0.3272365782420333,item_ridge,779.0,-0.3701674932352681,-0.4867729418820625,0.0094473752650418,-0.32725503967155856,item
19969750099210,im5,sc78,b153,-0.7055597828196086,item_ridge,613.0,-0.5329307810791537,-1.0012805344071898,0.0196419014737194,-0.7064496547353549,item
52261297703691,im11,sc54,b135,-0.6170464104334469,item_ridge,785.0,-0.3954087848279526,-0.4174127415726866,0.0176249681656319,-0.6155229499016192,item
280236223876035,im6,sc9,b551,-0.1486622159591867,item_ridge,731.0,-0.7540643423936192,-1.1052321719674671,0.0117226556316826,-0.14830677569424278,item
208661846065675,im9,sc42,b224,-1.710445191926291,item_ridge,469.0,-0.6990257650229246,-0.3020684723539735,0.0133293137954538,-1.7136867221376617,item
129254574685831,im14,sc51,b66,-0.5952727399190679,item_ridge,497.0,-0.4547142583452114,-0.5090817434280027,0.0066479608065638,-0.5947090366497729,item
225852146365268,im20,sc57,b153,-0.5643311233634195,item_ridge,791.0,-0.6719321285344858,-1.1053539421228344,0.0112772387829762,-0.5644844647581164,item
134395939956654,im2,sc6,b371,-0.7466254390335826,item_ridge,216.0,-0.7393400558468726,-1.0300616525541268,0.0204705834618003,-0.7468088224509916,item
231080845353616,im14,sc51,b283,-0.8361370654199755,item_ridge,288.0,-0.4547142583452114,-0.5090817434280027,0.0066479608065638,-0.8358982081024762,item
169335597486064,im5,sc26,b332,-0.9560060809942345,item_ridge,292.0,-0.5329307810791537,-1.0012805344071898,0.0196419014737194,-0.9562345610777256,item
57265754521481,im17,sc55,b391,-0.5825053462263596,category_fe_positive_fallback,804.0,-0.5825053462263596,-0.9597630819115917,0.0120962057980395,-0.6443482333568126,sub_category
237297185163901,im5,sc26,b114,-0.5379206915610318,item_ridge,542.0,-0.5329307810791537,-1.0012805344071898,0.0196419014737194,-0.5383326108513413,item
72393310507176,im14,sc99,b353,-0.4547142583452114,category_fe_positive_fallback,150.0,-0.4547142583452114,-0.5090817434280027,0.0066479608065638,-0.7841611611925259,sub_category
85706326611759,im6,sc34,b332,-0.7190824146581304,item_ridge,993.0,-0.7540643423936192,-1.1052321719674671,0.0117226556316826,-0.7187549694667499,item
238090312839498,im16,sc75,b551,-1.0221901811640874,item_ridge,807.0,-0.7311111818334803,-1.1262045944613654,0.02034177093961,-1.0226768479003234,item
266783578959943,im8,sc81,b153,-0.5500340965447572,item_ridge,840.0,-0.5240268331974867,-0.98244493005407,0.0158566637101308,-0.5496791542252228,item
116718894531331,im2,sc87,b496,-1.5819224783191468,item_ridge,68.0,-0.7393400558468726,-1.0300616525541268,0.0204705834618003,-1.5820867810488282,item
263964685705690,im14,sc51,b481,-1.1447459921066805,item_ridge,60.0,-0.4547142583452114,-0.5090817434280027,0.0066479608065638,-1.1445671903432955,item
143721118688556,im8,sc81,b153,-0.8571957183536832,item_ridge,824.0,-0.5240268331974867,-0.98244493005407,0.0158566637101308,-0.8569276770373007,item
24639616613003,im19,sc69,b519,-0.3220434447202973,item_ridge,372.0,-0.3484302192705804,-0.4712393146436414,0.0168972418100549,-0.32211993053791427,item
190907462373673,im6,sc9,b332,-0.7434764928988735,item_ridge,940.0,-0.7540643423936192,-1.1052321719674671,0.0117226556316826,-0.7432250505555325,item
255099190979607,im20,sc92,b520,-0.361673284623233,item_ridge,896.0,-0.6719321285344858,-1.1053539421228344,0.0112772387829762,-0.3618374920554876,item
185796937137461,im14,sc51,b91,-0.5003585947177958,item_ridge,799.0,-0.4547142583452114,-0.5090817434280027,0.0066479608065638,-0.4995812847617092,item
261437383742857,im5,sc78,b302,-0.8728303468660346,item_ridge,922.0,-0.5329307810791537,-1.0012805344071898,0.0196419014737194,-0.8732900592948307,item
171544397274614,im2,sc6,b425,-1.0400513837392424,item_ridge,799.0,-0.7393400558468726,-1.0300616525541268,0.0204705834618003,-1.0404838183760499,item
239148993084472,im17,sc55,b391,-0.0636913153638529,item_ridge,501.0,-0.5825053462263596,-0.9597630819115917,0.0120962057980395,-0.06339768444390037,item
260535185339407,im15,sc63,b65,-0.3194391263142198,item_ridge,886.0,-0.3701674932352681,-0.4867729418820625,0.0094473752650418,-0.3194558322090353,item
74307890965866,im20,sc89,b153,-0.6719321285344858,category_fe_positive_fallback,812.0,-0.6719321285344858,-1.1053539421228344,0.0112772387829762,-0.7049611698243912,sub_category
177708628251511,im17,sc55,b505,-1.1328548892673436,item_ridge,760.0,-0.5825053462263596,-0.9597630819115917,0.0120962057980395,-1.1321755079231397,item
92069241350986,im3,sc16,b24,-0.047297876735891,item_ridge,694.0,-0.4340556041136897,-0.8987359235912883,0.0202666082602156,-0.04399184341325568,item
272394396281408,im20,sc92,b395,-1.095506425719417,item_ridge,168.0,-0.6719321285344858,-1.1053539421228344,0.0112772387829762,-1.0955367508640748,item
2692801778218,im3,sc16,b546,-0.3254853482144271,item_ridge,799.0,-0.4340556041136897,-0.8987359235912883,0.0202666082602156,-0.3220741229224355,item
100335077785399,im6,sc34,b332,-0.4982960758629238,item_ridge,211.0,-0.7540643423936192,-1.1052321719674671,0.0117226556316826,-0.49819968802997017,item
68139231104510,im17,sc67,b551,-0.6938480654521253,item_ridge,348.0,-0.5825053462263596,-0.9597630819115917,0.0120962057980395,-0.6935510329529422,item
136629676211245,im9,sc43,b224,-1.4497722539458708,item_ridge,118.0,-0.6990257650229246,-0.3020684723539735,0.0133293137954538,-1.4505655571100193,item
245221152865318,im15,sc63,b65,-0.3526436090972719,item_ridge,671.0,-0.3701674932352681,-0.4867729418820625,0.0094473752650418,-0.3526558978402376,item
14824962784938,im7,sc33,b24,-0.5653525617280561,item_ridge,761.0,-0.712375224530957,-1.226191510591962,0.0322433928253026,-0.5670509948704555,item
135548881433591,im6,sc22,b332,-0.6095554518854556,item_ridge,789.0,-0.7540643423936192,-1.1052321719674671,0.0117226556316826,-0.6093796298221481,item
122889785603104,im20,sc92,b551,-0.9252856026569488,item_ridge,657.0,-0.6719321285344858,-1.1053539421228344,0.0112772387829762,-0.9254023867246811,item
190298623725928,im20,sc57,b520,-0.4894063875899596,item_ridge,913.0,-0.6719321285344858,-1.1053539421228344,0.0112772387829762,-0.4895061965524395,item
248484272570950,im6,sc9,b153,-0.6567709466454886,item_ridge,579.0,-0.7540643423936192,-1.1052321719674671,0.0117226556316826,-0.6566098182866931,item
242775108143777,im20,sc72,b348,-0.7181559131422176,item_ridge,244.0,-0.6719321285344858,-1.1053539421228344,0.0112772387829762,-0.7181894002390292,item
145092394774507,im6,sc34,b332,-0.2785511424992594,item_ridge,215.0,-0.7540643423936192,-1.1052321719674671,0.0117226556316826,-0.27848551674065297,item
195894737682644,im17,sc67,b301,-0.8240247467415469,item_ridge,99.0,-0.5825053462263596,-0.9597630819115917,0.0120962057980395,-0.8238693227594156,item
250099917074037,im20,sc57,b457,-0.3262196785800165,item_ridge,933.0,-0.6719321285344858,-1.1053539421228344,0.0112772387829762,-0.3263299682897679,item
93361062414786,im7,sc33,b551,-1.9408015561709664,item_ridge,242.0,-0.712375224530957,-1.226191510591962,0.0322433928253026,-1.9412552747172798,item
8403177563876,im20,sc72,b556,-0.6719321285344858,category_fe_positive_fallback,807.0,-0.6719321285344858,-1.1053539421228344,0.0112772387829762,-0.6233376155185413,sub_category
105669045906523,im20,sc57,b546,-0.1009246246706548,item_ridge,90.0,-0.6719321285344858,-1.1053539421228344,0.0112772387829762,-0.10095526070114147,item
74791779574524,im2,sc6,b480,-0.6183267308945185,item_ridge,228.0,-0.7393400558468726,-1.0300616525541268,0.0204705834618003,-0.6185178971625337,item
129068428783864,im14,sc51,b122,-1.250427041997295,item_ridge,283.0,-0.4547142583452114,-0.5090817434280027,0.0066479608065638,-1.2500851348085327,item
268083622152236,im14,sc51,b68,-0.5192131239896647,item_ridge,162.0,-0.4547142583452114,-0.5090817434280027,0.0066479608065638,-0.519085505937174,item
98295016796129,im17,sc55,b153,-0.6206731611778012,item_ridge,799.0,-0.5825053462263596,-0.9597630819115917,0.0120962057980395,-0.6200812933626826,item
225890208073301,im12,sc84,b414,-0.7159602082500641,category_fe_positive_fallback,390.0,-0.7159602082500641,-1.7759215692028727,0.0614701148056001,-0.6662366881276519,sub_category
44549732324463,im12,sc84,b414,-0.7159602082500641,category_fe_positive_fallback,518.0,-0.7159602082500641,-1.7759215692028727,0.0614701148056001,-0.6662366881276519,sub_category
271991000775243,im14,sc51,b369,-0.0890938517397201,item_ridge,355.0,-0.4547142583452114,-0.5090817434280027,0.0066479608065638,-0.08894439530391404,item
31887932412934,im20,sc92,b302,-0.6719321285344858,category_fe_positive_fallback,936.0,-0.6719321285344858,-1.1053539421228344,0.0112772387829762,-0.504697012925296,sub_category
198754831073628,im20,sc89,b520,-0.7835747195564874,item_ridge,717.0,-0.6719321285344858,-1.1053539421228344,0.0112772387829762,-0.7837529957334253,item
226043324470337,im5,sc26,b520,-0.3504931182363512,item_ridge,292.0,-0.5329307810791537,-1.0012805344071898,0.0196419014737194,-0.35066099786759086,item
116206602098255,im6,sc34,b301,-0.5256352451038495,item_ridge,753.0,-0.7540643423936192,-1.1052321719674671,0.0117226556316826,-0.5254622938858556,item
155809351028928,im6,sc9,b520,-0.2109498521219946,item_ridge,962.0,-0.7540643423936192,-1.1052321719674671,0.0117226556316826,-0.2107948815348735,item
112618974590311,im6,sc34,b332,-0.7540643423936192,category_fe_positive_fallback,860.0,-0.7540643423936192,-1.1052321719674671,0.0117226556316826,-1.0002026257281673,sub_category
67198057284672,im20,sc72,b486,-0.6719321285344858,category_fe_positive_fallback,336.0,-0.6719321285344858,-1.1053539421228344,0.0112772387829762,-0.6233376155185413,sub_category
254452344890500,im8,sc81,b153,-0.6256582594151868,item_ridge,664.0,-0.5240268331974867,-0.98244493005407,0.0158566637101308,-0.6254354066204426,item
121878870513465,im1,sc14,b424,-2.3658222774494786,item_ridge,127.0,-0.4590443828435093,-0.8944099676397969,0.062460179797843,-2.2718493300769493,item
112435888111447,im14,sc51,b122,-0.1947806610771648,item_ridge,517.0,-0.4547142583452114,-0.5090817434280027,0.0066479608065638,-0.19442646979778877,item
219546115414796,im14,sc51,b283,-0.3946528150836969,item_ridge,540.0,-0.4547142583452114,-0.5090817434280027,0.0066479608065638,-0.3944323839021201,item
127101815778873,im14,sc51,b353,-0.3469579859578023,item_ridge,250.0,-0.4547142583452114,-0.5090817434280027,0.0066479608065638,-0.34685084138966726,item
24186154879473,im20,sc57,b24,-0.3302846202342271,item_ridge,200.0,-0.6719321285344858,-1.1053539421228344,0.0112772387829762,-0.3303034855793161,item
87292325353972,im14,sc51,b283,-0.2865746097795488,item_ridge,396.0,-0.4547142583452114,-0.5090817434280027,0.0066479608065638,-0.28644630927757864,item
44363282697362,im20,sc89,b520,-0.6719321285344858,category_fe_positive_fallback,437.0,-0.6719321285344858,-1.1053539421228344,0.0112772387829762,-0.7049611698243912,sub_category
32525160440118,im6,sc22,b153,-0.6128893409882096,item_ridge,945.0,-0.7540643423936192,-1.1052321719674671,0.0117226556316826,-0.6127162554550689,item
210069178260288,im16,sc75,b551,-0.8998852347330552,item_ridge,803.0,-0.7311111818334803,-1.1262045944613654,0.02034177093961,-0.9001597172395521,item
58657527146165,im14,sc51,b283,-0.4434090317219767,item_ridge,652.0,-0.4547142583452114,-0.5090817434280027,0.0066479608065638,-0.4432008846310137,item
158863447221099,im14,sc51,b68,-0.1539243125964892,item_ridge,177.0,-0.4547142583452114,-0.5090817434280027,0.0066479608065638,-0.15379737699347587,item
114870748347904,im6,sc34,b153,-0.4344111259242509,item_ridge,356.0,-0.7540643423936192,-1.1052321719674671,0.0117226556316826,-0.434335246140862,item
64241488184524,im6,sc34,b24,-0.2708135065909347,item_ridge,126.0,-0.7540643423936192,-1.1052321719674671,0.0117226556316826,-0.270778984707501,item
96309368996617,im14,sc51,b283,-0.4547142583452114,category_fe_positive_fallback,875.0,-0.4547142583452114,-0.5090817434280027,0.0066479608065638,-0.6979409003363024,sub_category
10212811239854,im6,sc34,b332,-0.4493116644916535,item_ridge,740.0,-0.7540643423936192,-1.1052321719674671,0.0117226556316826,-0.4491831473810493,item
157511128456123,im9,sc43,b460,-0.1848084821478976,item_ridge,734.0,-0.6990257650229246,-0.3020684723539735,0.0133293137954538,-0.18658383991869992,item
90057580089231,im2,sc6,b371,-0.7393400558468726,category_fe_low_n,,-0.7393400558468726,-1.0300616525541268,0.0204705834618003,-0.6985609852903643,sub_category
137670141548109,im8,sc37,b551,-0.5965086197677822,item_ridge,939.0,-0.5240268331974867,-0.98244493005407,0.0158566637101308,-0.5963172575934852,item
130955008505274,im14,sc51,b369,-0.7321936651291313,item_ridge,338.0,-0.4547142583452114,-0.5090817434280027,0.0066479608065638,-0.7320510331881142,item
642947446522,im9,sc44,b548,-0.2789737907295862,item_ridge,788.0,-0.6990257650229246,-0.3020684723539735,0.0133293137954538,-0.2810705901636354,item
65684840589930,im16,sc31,b332,-0.9280481493612608,item_ridge,837.0,-0.7311111818334803,-1.1262045944613654,0.02034177093961,-0.9283303561686599,item
52988329541978,im14,sc51,b283,-0.5127256649266759,item_ridge,368.0,-0.4547142583452114,-0.5090817434280027,0.0066479608065638,-0.512593269727833,item
131576277853809,im5,sc25,b153,-0.6229932281579625,item_ridge,817.0,-0.5329307810791537,-1.0012805344071898,0.0196419014737194,-0.6235117279849638,item
127312939507118,im8,sc81,b164,-0.4767175561133118,item_ridge,201.0,-0.5240268331974867,-0.98244493005407,0.0158566637101308,-0.47663258624356447,item
100321728296922,im5,sc26,b541,-0.6379028409842471,item_ridge,747.0,-0.5329307810791537,-1.0012805344071898,0.0196419014737194,-0.6382721761729738,item
211590771013236,im4,sc27,b565,-0.684314892274679,item_ridge,668.0,-0.6597748090798966,-0.6259883664315813,0.0291194429147193,-0.6841544667791394,item
39155425859914,im6,sc34,b332,-0.7540643423936192,category_fe_positive_fallback,844.0,-0.7540643423936192,-1.1052321719674671,0.0117226556316826,-1.0002026257281673,sub_category
86280948371024,im11,sc46,b565,-0.6603216365660742,item_ridge,421.0,-0.3954087848279526,-0.4174127415726866,0.0176249681656319,-0.6597016348570213,item
36595292286795,im14,sc51,b283,-0.3733893954424802,item_ridge,833.0,-0.4547142583452114,-0.5090817434280027,0.0066479608065638,-0.3731348417869755,item
182417549537517,im2,sc6,b551,-0.2915719598966346,item_ridge,779.0,-0.7393400558468726,-1.0300616525541268,0.0204705834618003,-0.29176944973076696,item
121787959012280,im6,sc34,b332,-0.461049167614136,item_ridge,711.0,-0.7540643423936192,-1.1052321719674671,0.0117226556316826,-0.45974895727174514,item
278585908281763,im6,sc34,b332,-3.372496543477641,item_ridge,931.0,-0.7540643423936192,-1.1052321719674671,0.0117226556316826,-3.3717117687809726,item
31251903269047,im15,sc63,b65,-0.3696813740431233,item_ridge,824.0,-0.3701674932352681,-0.4867729418820625,0.0094473752650418,-0.3697275559320108,item
4961607342274,im6,sc34,b332,-0.9853241197471714,item_ridge,819.0,-0.7540643423936192,-1.1052321719674671,0.0117226556316826,-0.9846265042611505,item
141435091031650,im5,sc26,b551,-1.084675492121626,item_ridge,932.0,-0.5329307810791537,-1.0012805344071898,0.0196419014737194,-1.086474670413498,item
8779253678836,im17,sc67,b153,-1.0750227554660408,item_ridge,767.0,-0.5825053462263596,-0.9597630819115917,0.0120962057980395,-1.0734512463133872,item
113586006834701,im20,sc72,b395,-0.8429071650544836,item_ridge,672.0,-0.6719321285344858,-1.1053539421228344,0.0112772387829762,-0.8431137497048746,item
171290798608593,im8,sc81,b153,-1.7578290381246655,item_ridge,889.0,-0.5240268331974867,-0.98244493005407,0.0158566637101308,-1.7570303213490506,item
261379759229666,im2,sc6,b371,-0.938724427903862,item_ridge,640.0,-0.7393400558468726,-1.0300616525541268,0.0204705834618003,-0.9396578835484428,item
233757668580924,im6,sc34,b332,-0.718442241249092,item_ridge,835.0,-0.7540643423936192,-1.1052321719674671,0.0117226556316826,-0.7179179187818937,item
162106022825496,im9,sc58,b224,-0.910272536449726,item_ridge,250.0,-0.6990257650229246,-0.3020684723539735,0.0133293137954538,-0.9135027733788212,item
213890514179890,im16,sc30,b332,-0.2202230463951907,item_ridge,694.0,-0.7311111818334803,-1.1262045944613654,0.02034177093961,-0.221230282163919,item
273254869476,im9,sc58,b316,-1.3244070139885449,item_ridge,701.0,-0.6990257650229246,-0.3020684723539735,0.0133293137954538,-1.3275661364721214,item
48595052312988,im8,sc81,b332,-0.933612215912547,item_ridge,835.0,-0.5240268331974867,-0.98244493005407,0.0158566637101308,-0.9331645791896541,item
207958797786121,im17,sc67,b153,-0.8115895655848677,item_ridge,358.0,-0.5825053462263596,-0.9597630819115917,0.0120962057980395,-0.8109356335711632,item
175631811483722,im16,sc30,b153,-1.075470848164065,item_ridge,780.0,-0.7311111818334803,-1.1262045944613654,0.02034177093961,-1.0758977682788844,item
147679592560369,im9,sc41,b224,-0.7388329266408824,item_ridge,695.0,-0.6990257650229246,-0.3020684723539735,0.0133293137954538,-0.7457437558870994,item
160045354495644,im14,sc51,b344,-1.2625585189886457,item_ridge,462.0,-0.4547142583452114,-0.5090817434280027,0.0066479608065638,-1.2620419047333735,item
249610696800721,im15,sc63,b65,-0.6726970267837555,item_ridge,582.0,-0.3701674932352681,-0.4867729418820625,0.0094473752650418,-0.6727119771438622,item
14083923976935,im2,sc6,b371,-0.8919889238642714,item_ridge,676.0,-0.7393400558468726,-1.0300616525541268,0.0204705834618003,-0.8925813933666688,item
140489210318294,im6,sc34,b551,-1.0957622244355574,item_ridge,274.0,-0.7540643423936192,-1.1052321719674671,0.0117226556316826,-1.0956056796572167,item
182046393780247,im6,sc9,b332,-0.6500309882502301,item_ridge,798.0,-0.7540643423936192,-1.1052321719674671,0.0117226556316826,-0.6495178406107547,item
59284532457853,im14,sc99,b353,-2.158949007018069,item_ridge,351.0,-0.4547142583452114,-0.5090817434280027,0.0066479608065638,-2.1585899588739887,item
103882222464025,im6,sc34,b332,-0.8444064551961222,item_ridge,204.0,-0.7540643423936192,-1.1052321719674671,0.0117226556316826,-0.8443244229978637,item
7964550379609,im6,sc34,b332,-0.6128624051158227,item_ridge,994.0,-0.7540643423936192,-1.1052321719674671,0.0117226556316826,-0.6124262672617509,item
114004594017798,im6,sc9,b153,-1.1123037105342408,item_ridge,824.0,-0.7540643423936192,-1.1052321719674671,0.0117226556316826,-1.1119489544661525,item
151463912930970,im16,sc83,b520,-0.7140512610125281,item_ridge,834.0,-0.7311111818334803,-1.1262045944613654,0.02034177093961,-0.7146170885561784,item
89823611356418,im17,sc55,b401,-0.9147657110741956,item_ridge,669.0,-0.5825053462263596,-0.9597630819115917,0.0120962057980395,-0.9140667543353284,item
263392468867237,im6,sc22,b332,-0.4163551240595786,item_ridge,840.0,-0.7540643423936192,-1.1052321719674671,0.0117226556316826,-0.4159836400892387,item
100700589048911,im2,sc6,b371,-0.6210012442911808,item_ridge,224.0,-0.7393400558468726,-1.0300616525541268,0.0204705834618003,-0.6211583605877936,item
46946689727403,im4,sc1,b496,-0.6021427366321112,item_ridge,790.0,-0.6597748090798966,-0.6259883664315813,0.0291194429147193,-0.6018291556091282,item
272261608552382,im16,sc83,b324,-0.4943766087031961,item_ridge,725.0,-0.7311111818334803,-1.1262045944613654,0.02034177093961,-0.49477355090157366,item
145419359983749,im16,sc30,b332,-0.3507463363518074,item_ridge,506.0,-0.7311111818334803,-1.1262045944613654,0.02034177093961,-0.35100877209338366,item
259225594075877,im6,sc34,b332,-0.3449928359581264,item_ridge,246.0,-0.7540643423936192,-1.1052321719674671,0.0117226556316826,-0.3448902957103043,item
210522476490349,im14,sc51,b135,-0.2472417617350017,item_ridge,906.0,-0.4547142583452114,-0.5090817434280027,0.0066479608065638,-0.24653133182781412,item
100933312427938,im14,sc51,b283,-0.420168173105625,item_ridge,992.0,-0.4547142583452114,-0.5090817434280027,0.0066479608065638,-0.41948708852601585,item
240490083680411,im14,sc51,b283,-0.5580860053275853,item_ridge,942.0,-0.4547142583452114,-0.5090817434280027,0.0066479608065638,-0.5575427755426468,item
243711583123936,im20,sc89,b218,-0.6719321285344858,category_fe_positive_fallback,914.0,-0.6719321285344858,-1.1053539421228344,0.0112772387829762,-0.7049611698243912,sub_category
214741760751120,im14,sc51,b68,-0.4063734569979457,item_ridge,182.0,-0.4547142583452114,-0.5090817434280027,0.0066479608065638,-0.4061864658408179,item
144703683962405,im2,sc6,b480,-0.4700039321142733,item_ridge,289.0,-0.7393400558468726,-1.0300616525541268,0.0204705834618003,-0.4702140690806407,item
88108775564255,im8,sc37,b425,-0.926775295398679,item_ridge,262.0,-0.5240268331974867,-0.98244493005407,0.0158566637101308,-0.9265299197074433,item
279921622393690,im14,sc51,b283,-0.4876951550536029,item_ridge,783.0,-0.4547142583452114,-0.5090817434280027,0.0066479608065638,-0.4872174404186074,item
42546890156722,im6,sc34,b332,-0.7540643423936192,category_fe_positive_fallback,822.0,-0.7540643423936192,-1.1052321719674671,0.0117226556316826,-1.0002026257281673,sub_category
213629717562327,im2,sc6,b153,-1.2604947044736612,item_ridge,831.0,-0.7393400558468726,-1.0300616525541268,0.0204705834618003,-1.2612885552354969,item
15561296169109,im14,sc51,b66,-0.8753367008719053,item_ridge,642.0,-0.4547142583452114,-0.5090817434280027,0.0066479608065638,-0.8750528018888187,item
180572836253711,im5,sc26,b155,-0.5329307810791537,category_fe_positive_fallback,518.0,-0.5329307810791537,-1.0012805344071898,0.0196419014737194,-0.5689018324904914,sub_category
142060233120,im14,sc51,b481,-1.152311791659807,item_ridge,160.0,-0.4547142583452114,-0.5090817434280027,0.0066479608065638,-1.1520626976001316,item
263000659110271,im20,sc57,b520,-0.4994571472717366,item_ridge,826.0,-0.6719321285344858,-1.1053539421228344,0.0112772387829762,-0.4996051676716662,item
76926321591939,im20,sc89,b520,-0.1971311772295878,item_ridge,886.0,-0.6719321285344858,-1.1053539421228344,0.0112772387829762,-0.19725427652642383,item
65599309032884,im17,sc67,b551,-0.9309977442230613,item_ridge,341.0,-0.5825053462263596,-0.9597630819115917,0.0120962057980395,-0.9307110733226855,item
42284205704420,im20,sc89,b510,-0.3360455974540764,item_ridge,830.0,-0.6719321285344858,-1.1053539421228344,0.0112772387829762,-0.33618837973153315,item
261565858390252,im6,sc34,b153,-0.6210351783566397,item_ridge,357.0,-0.7540643423936192,-1.1052321719674671,0.0117226556316826,-0.6209411831294683,item
167371302384959,im6,sc34,b332,-0.5166627345777638,item_ridge,221.0,-0.7540643423936192,-1.1052321719674671,0.0117226556316826,-0.5165776261720713,item
107577203039115,im6,sc34,b332,-0.8305103172724277,item_ridge,495.0,-0.7540643423936192,-1.1052321719674671,0.0117226556316826,-0.8303831673651271,item
5625838419693,im20,sc57,b301,-0.6719321285344858,category_fe_positive_fallback,483.0,-0.6719321285344858,-1.1053539421228344,0.0112772387829762,-0.5185301370479203,sub_category
137137194171175,im11,sc54,b565,-0.476786632543372,item_ridge,596.0,-0.3954087848279526,-0.4174127415726866,0.0176249681656319,-0.4760406622139941,item
51898525271825,im6,sc34,b332,-0.6092305510174414,item_ridge,219.0,-0.7540643423936192,-1.1052321719674671,0.0117226556316826,-0.6091615072505766,item
117946788276358,im14,sc51,b122,-0.7578068681331303,item_ridge,465.0,-0.4547142583452114,-0.5090817434280027,0.0066479608065638,-0.7576410329098389,item
239852912462638,im14,sc51,b283,-0.2971006839913362,item_ridge,1023.0,-0.4547142583452114,-0.5090817434280027,0.0066479608065638,-0.29619370863432154,item
148248664671124,im11,sc18,b235,-0.5967927335092565,item_ridge,193.0,-0.3954087848279526,-0.4174127415726866,0.0176249681656319,-0.5962157230480649,item
136462908604177,im6,sc34,b332,-0.37740279197902,item_ridge,511.0,-0.7540643423936192,-1.1052321719674671,0.0117226556316826,-0.37730093533284914,item
257952045125488,im5,sc26,b541,-0.5923181278367553,item_ridge,798.0,-0.5329307810791537,-1.0012805344071898,0.0196419014737194,-0.5926800927002079,item
54558559475619,im9,sc58,b460,-0.7884344869929362,item_ridge,331.0,-0.6990257650229246,-0.3020684723539735,0.0133293137954538,-0.7893726506395746,item
120133492142003,im5,sc26,b153,-0.3208396559756261,item_ridge,54.0,-0.5329307810791537,-1.0012805344071898,0.0196419014737194,-0.32090025642787834,item
129526214805069,im3,sc16,b24,-1.2544329475857232,item_ridge,645.0,-0.4340556041136897,-0.8987359235912883,0.0202666082602156,-1.2516829289582592,item
188920573492944,im17,sc55,b301,-0.5421788193013741,item_ridge,797.0,-0.5825053462263596,-0.9597630819115917,0.0120962057980395,-0.5414936804881516,item
13301754709408,im8,sc81,b563,-0.3553776150464147,item_ridge,839.0,-0.5240268331974867,-0.98244493005407,0.0158566637101308,-0.3551763909457882,item
87796177263399,im7,sc33,b24,-0.7291429762878868,item_ridge,361.0,-0.712375224530957,-1.226191510591962,0.0322433928253026,-0.73003435254702,item
218514845341453,im17,sc55,b136,-0.2072715218332528,item_ridge,783.0,-0.5825053462263596,-0.9597630819115917,0.0120962057980395,-0.20659674646426437,item
123013376650500,im7,sc11,b520,-0.4341204440779177,item_ridge,931.0,-0.712375224530957,-1.226191510591962,0.0322433928253026,-0.43547554965295676,item
204891732223647,im20,sc57,b24,-0.574612971196399,item_ridge,196.0,-0.6719321285344858,-1.1053539421228344,0.0112772387829762,-0.5746424785310266,item
217274233545599,im6,sc34,b348,-0.2755197889002795,item_ridge,170.0,-0.7540643423936192,-1.1052321719674671,0.0117226556316826,-0.2754592901540644,item
149141937763339,im16,sc83,b301,-0.4774156525638933,item_ridge,817.0,-0.7311111818334803,-1.1262045944613654,0.02034177093961,-0.4778027328442995,item
32942630197982,im17,sc55,b391,-0.2767585722869812,item_ridge,796.0,-0.5825053462263596,-0.9597630819115917,0.0120962057980395,-0.27615403804002,item
62283380424214,im6,sc34,b153,-0.4968997654247867,item_ridge,852.0,-0.7540643423936192,-1.1052321719674671,0.0117226556316826,-0.4967637286960076,item
167375412749657,im3,sc16,b389,-0.1654489574669419,item_ridge,522.0,-0.4340556041136897,-0.8987359235912883,0.0202666082602156,-0.16432690979380474,item
169483564623682,im7,sc99,b24,-0.712375224530957,category_fe_positive_fallback,615.0,-0.712375224530957,-1.226191510591962,0.0322433928253026,-0.7841611611925259,sub_category
165617354488181,im14,sc51,b481,-1.0454152125202776,item_ridge,262.0,-0.4547142583452114,-0.5090817434280027,0.0066479608065638,-1.0449811746519109,item
49140321549626,im6,sc34,b460,-0.4985204985925713,item_ridge,372.0,-0.7540643423936192,-1.1052321719674671,0.0117226556316826,-0.4984381245934869,item
146608882091595,im20,sc92,b220,-0.1314800166831634,item_ridge,889.0,-0.6719321285344858,-1.1053539421228344,0.0112772387829762,-0.1315417961002098,item
102487465356648,im20,sc57,b332,-0.2086377826738321,item_ridge,226.0,-0.6719321285344858,-1.1053539421228344,0.0112772387829762,-0.20866696752392688,item
100068556655179,im20,sc89,b480,-0.4638578235618374,item_ridge,174.0,-0.6719321285344858,-1.1053539421228344,0.0112772387829762,-0.46389493082038546,item
50063570730067,im6,sc22,b332,-0.7231726036689342,item_ridge,265.0,-0.7540643423936192,-1.1052321719674671,0.0117226556316826,-0.7231110317401496,item
144334511572898,im6,sc22,b24,-0.7540643423936192,category_fe_positive_fallback,807.0,-0.7540643423936192,-1.1052321719674671,0.0117226556316826,-0.5733983862388061,sub_category
18621149725882,im3,sc16,b332,-0.7667583773229577,item_ridge,907.0,-0.4340556041136897,-0.8987359235912883,0.0202666082602156,-0.7640584501094733,item
232999829619926,im20,sc92,b551,-1.1315786491737485,item_ridge,807.0,-0.6719321285344858,-1.1053539421228344,0.0112772387829762,-1.1316602689779913,item
121547331632278,im14,sc51,b283,-0.4843877443480547,item_ridge,631.0,-0.4547142583452114,-0.5090817434280027,0.0066479608065638,-0.4841482045810772,item
3330130587640,im20,sc57,b332,-0.7816480511951333,item_ridge,712.0,-0.6719321285344858,-1.1053539421228344,0.0112772387829762,-0.7817767225231791,item
16115971239550,im6,sc34,b332,-0.8163718367184017,item_ridge,706.0,-0.7540643423936192,-1.1052321719674671,0.0117226556316826,-0.8161452227707139,item
233734572173703,im14,sc51,b369,-0.765225786374683,item_ridge,365.0,-0.4547142583452114,-0.5090817434280027,0.0066479608065638,-0.7651131822107193,item
242414134009858,im6,sc34,b24,-0.2323793878000038,item_ridge,933.0,-0.7540643423936192,-1.1052321719674671,0.0117226556316826,-0.2321606352713157,item
28280283219498,im9,sc41,b316,-0.6990257650229246,category_fe_low_n,30.0,-0.6990257650229246,-0.3020684723539735,0.0133293137954538,-0.013816100884637752,item
70198104319828,im2,sc6,b520,-0.7393400558468726,category_fe_positive_fallback,380.0,-0.7393400558468726,-1.0300616525541268,0.0204705834618003,-0.6985609852903643,sub_category
149332083559257,im14,sc51,b122,-0.4547142583452114,category_fe_positive_fallback,166.0,-0.4547142583452114,-0.5090817434280027,0.0066479608065638,-0.6979409003363024,sub_category
61368320526081,im19,sc59,b519,-0.3965868134010397,item_ridge,335.0,-0.3484302192705804,-0.4712393146436414,0.0168972418100549,-0.39661356136574477,item
117533541246094,im14,sc51,b66,-0.1881067501215619,item_ridge,341.0,-0.4547142583452114,-0.5090817434280027,0.0066479608065638,-0.18772867311043612,item
30110280326357,im5,sc26,b155,-0.5329307810791537,category_fe_positive_fallback,509.0,-0.5329307810791537,-1.0012805344071898,0.0196419014737194,-0.5689018324904914,sub_category
277426993160849,im8,sc37,b510,-0.6938419056767187,item_ridge,764.0,-0.5240268331974867,-0.98244493005407,0.0158566637101308,-0.6936154347164117,item
78433456398897,im16,sc75,b24,-0.7311111818334803,category_fe_positive_fallback,716.0,-0.7311111818334803,-1.1262045944613654,0.02034177093961,-0.9441308074038132,sub_category
17687954925970,im11,sc54,b565,-0.3321156718023859,item_ridge,932.0,-0.3954087848279526,-0.4174127415726866,0.0176249681656319,-0.33098095637178304,item
142168834747644,im14,sc51,b283,-0.1901850035898561,item_ridge,396.0,-0.4547142583452114,-0.5090817434280027,0.0066479608065638,-0.19004373654779294,item
47156455395224,im5,sc25,b249,-0.0263216348772576,item_ridge,221.0,-0.5329307810791537,-1.0012805344071898,0.0196419014737194,-0.02665718302479462,item
135628754575249,im5,sc25,b486,-1.381050535846814,item_ridge,373.0,-0.5329307810791537,-1.0012805344071898,0.0196419014737194,-1.3812720468488575,item
196197258119184,im6,sc34,b520,-0.826088515610437,item_ridge,384.0,-0.7540643423936192,-1.1052321719674671,0.0117226556316826,-0.8260095596196143,item
85080458905101,im9,sc44,b548,-0.2269855131345425,item_ridge,746.0,-0.6990257650229246,-0.3020684723539735,0.0133293137954538,-0.22843987727915036,item
258964234513456,im20,sc57,b24,-0.6207591866551835,item_ridge,829.0,-0.6719321285344858,-1.1053539421228344,0.0112772387829762,-0.6208257797109259,item
200434321298723,im14,sc51,b283,-0.5182368118331708,item_ridge,1023.0,-0.4547142583452114,-0.5090817434280027,0.0066479608065638,-0.5177823004804458,item
16439374755079,im8,sc81,b332,-0.1148708396920109,item_ridge,403.0,-0.5240268331974867,-0.98244493005407,0.0158566637101308,-0.11476424112814702,item
66236478610215,im15,sc61,b43,-0.3701674932352681,category_fe_positive_fallback,935.0,-0.3701674932352681,-0.4867729418820625,0.0094473752650418,-0.37606314727235,sub_category
128655685982284,im14,sc51,b138,-0.4548792192654739,item_ridge,504.0,-0.4547142583452114,-0.5090817434280027,0.0066479608065638,-0.4546799440177312,item
167060822011021,im7,sc33,b332,-0.8469491000136443,item_ridge,749.0,-0.712375224530957,-1.226191510591962,0.0322433928253026,-0.8484186662786979,item
221459716340118,im14,sc51,b481,-0.8800347739825407,item_ridge,219.0,-0.4547142583452114,-0.5090817434280027,0.0066479608065638,-0.8798348162853189,item
260363134432295,im19,sc59,b476,-0.6309436891334088,item_ridge,1048.0,-0.3484302192705804,-0.4712393146436414,0.0168972418100549,-0.6310435083536436,item
4832112483124,im6,sc34,b153,-0.178523557191662,item_ridge,408.0,-0.7540643423936192,-1.1052321719674671,0.0117226556316826,-0.1784565642297511,item
107005005391762,im12,sc68,b457,-0.7548777185247015,item_ridge,140.0,-0.7159602082500641,-1.7759215692028727,0.0614701148056001,-0.7547030355974914,item
211868319629690,im14,sc99,b169,-0.5763330755125335,item_ridge,765.0,-0.4547142583452114,-0.5090817434280027,0.0066479608065638,-0.5722913947879907,item
115449384244932,im9,sc42,b248,-1.7076090008491511,item_ridge,633.0,-0.6990257650229246,-0.3020684723539735,0.0133293137954538,-1.7189010149525552,item
99245076841237,im2,sc6,b371,-1.2987384881081767,item_ridge,278.0,-0.7393400558468726,-1.0300616525541268,0.0204705834618003,-1.299388842561957,item
195282308951590,im14,sc51,b481,-0.3350891886918619,item_ridge,247.0,-0.4547142583452114,-0.5090817434280027,0.0066479608065638,-0.3344777139590665,item
14406034957098,im14,sc51,b283,-0.6499523481456438,item_ridge,982.0,-0.4547142583452114,-0.5090817434280027,0.0066479608065638,-0.6488495097882802,item
33041722021847,im6,sc9,b153,-1.4113704168928751,item_ridge,1006.0,-0.7540643423936192,-1.1052321719674671,0.0117226556316826,-1.4105699065752915,item
226797631892088,im9,sc44,b224,-0.2507646549518376,item_ridge,545.0,-0.6990257650229246,-0.3020684723539735,0.0133293137954538,-0.2545345199056237,item
182878123210123,im9,sc43,b316,-0.1515573647883456,item_ridge,1012.0,-0.6990257650229246,-0.3020684723539735,0.0133293137954538,-0.15690532232597165,item
212573777024616,im6,sc34,b153,-1.0697039285436336,item_ridge,304.0,-0.7540643423936192,-1.1052321719674671,0.0117226556316826,-1.0694923538322951,item
222503203663012,im14,sc51,b283,-0.5744658963205945,item_ridge,392.0,-0.4547142583452114,-0.5090817434280027,0.0066479608065638,-0.5740400478459701,item
85695867419009,im7,sc33,b520,-0.712375224530957,category_fe_positive_fallback,799.0,-0.712375224530957,-1.226191510591962,0.0322433928253026,-0.5987735288605195,sub_category
192252758064061,im20,sc72,b520,-0.9353502130113708,item_ridge,723.0,-0.6719321285344858,-1.1053539421228344,0.0112772387829762,-0.9355860786497967,item
274649188172684,im6,sc34,b301,-0.2992539081883597,item_ridge,854.0,-0.7540643423936192,-1.1052321719674671,0.0117226556316826,-0.2987924770731578,item
134464046095856,im6,sc9,b332,-1.4884399435081552,item_ridge,820.0,-0.7540643423936192,-1.1052321719674671,0.0117226556316826,-1.4875990655762712,item
166923102168881,im15,sc63,b547,-0.3104222593049306,item_ridge,831.0,-0.3701674932352681,-0.4867729418820625,0.0094473752650418,-0.31045385892969996,item
202578540560897,im14,sc51,b346,-0.9292150986798038,item_ridge,153.0,-0.4547142583452114,-0.5090817434280027,0.0066479608065638,-0.9289257401008927,item
223091722352012,im17,sc56,b546,-1.9274691165781803,item_ridge,480.0,-0.5825053462263596,-0.9597630819115917,0.0120962057980395,-1.9267999732740384,item
132365330506715,im20,sc57,b457,-0.4023690005599911,item_ridge,806.0,-0.6719321285344858,-1.1053539421228344,0.0112772387829762,-0.40251524729499794,item
242734206834418,im6,sc34,b153,-0.7540643423936192,category_fe_positive_fallback,991.0,-0.7540643423936192,-1.1052321719674671,0.0117226556316826,-1.0002026257281673,sub_category
210991462392397,im14,sc51,b122,-0.8050012851234071,item_ridge,365.0,-0.4547142583452114,-0.5090817434280027,0.0066479608065638,-0.8039155080030094,item
141326516676938,im2,sc6,b166,-0.2285718692772005,item_ridge,796.0,-0.7393400558468726,-1.0300616525541268,0.0204705834618003,-0.22912931595187022,item
102471488739350,im6,sc34,b332,-0.1272557586678208,item_ridge,959.0,-0.7540643423936192,-1.1052321719674671,0.0117226556316826,-0.1269122488376151,item
166122491071574,im7,sc33,b332,-0.7873453616555383,item_ridge,1008.0,-0.712375224530957,-1.226191510591962,0.0322433928253026,-0.7905735891886078,item
25872685387946,im5,sc82,b332,-1.5724561334881808,item_ridge,682.0,-0.5329307810791537,-1.0012805344071898,0.0196419014737194,-1.573361920230444,item
231630093951941,im20,sc89,b332,-0.534654187935887,item_ridge,822.0,-0.6719321285344858,-1.1053539421228344,0.0112772387829762,-0.5348440802981098,item
237753328512171,im14,sc51,b283,-0.3489911321515821,item_ridge,753.0,-0.4547142583452114,-0.5090817434280027,0.0066479608065638,-0.3485195595618921,item
136135695068570,im14,sc51,b283,-1.2107911458100762,item_ridge,254.0,-0.4547142583452114,-0.5090817434280027,0.0066479608065638,-1.2105516060431034,item
221677164926276,im14,sc51,b68,-0.8865281322212568,item_ridge,182.0,-0.4547142583452114,-0.5090817434280027,0.0066479608065638,-0.8862967818480242,item
111664015930350,im14,sc51,b122,-0.6718430360687425,item_ridge,303.0,-0.4547142583452114,-0.5090817434280027,0.0066479608065638,-0.6715645966814872,item
157942711191560,im8,sc81,b153,-0.7733127894749521,item_ridge,810.0,-0.5240268331974867,-0.98244493005407,0.0158566637101308,-0.7729408531814699,item
164623619383395,im6,sc9,b546,-1.0893674675505476,item_ridge,508.0,-0.7540643423936192,-1.1052321719674671,0.0117226556316826,-1.0892213915225102,item
82327153923829,im20,sc89,b332,-0.4163370906775014,item_ridge,903.0,-0.6719321285344858,-1.1053539421228344,0.0112772387829762,-0.4164887464298297,item
67098512815459,im14,sc51,b283,-0.5730656551920248,item_ridge,508.0,-0.4547142583452114,-0.5090817434280027,0.0066479608065638,-0.5727612827245842,item
209398857985561,im7,sc11,b546,-0.712375224530957,category_fe_low_n,,-0.712375224530957,-1.226191510591962,0.0322433928253026,-0.7628808570835488,sub_category
169019908170621,im14,sc51,b367,-1.2194140903995987,item_ridge,341.0,-0.4547142583452114,-0.5090817434280027,0.0066479608065638,-1.2190401080853404,item
82090712322259,im16,sc31,b551,-0.084435868024616,item_ridge,779.0,-0.7311111818334803,-1.1262045944613654,0.02034177093961,-0.08478585375955833,item
189500099499806,im16,sc30,b135,-0.521050409401014,item_ridge,773.0,-0.7311111818334803,-1.1262045944613654,0.02034177093961,-0.5214403667353285,item
13642823440295,im6,sc34,b332,-0.7792810115920431,item_ridge,267.0,-0.7540643423936192,-1.1052321719674671,0.0117226556316826,-0.7791244668136992,item
161992002723668,im4,sc3,b496,-0.3918378020036734,item_ridge,353.0,-0.6597748090798966,-0.6259883664315813,0.0291194429147193,-0.3916450426056917,item
45577530652969,im14,sc51,b283,-0.7598887614269215,item_ridge,307.0,-0.4547142583452114,-0.5090817434280027,0.0066479608065638,-0.7597201964057152,item
225627462860909,im17,sc55,b391,-0.4681974913854789,item_ridge,802.0,-0.5825053462263596,-0.9597630819115917,0.0120962057980395,-0.46716575293733137,item
123693257177821,im20,sc89,b520,-0.1215600904798105,item_ridge,798.0,-0.6719321285344858,-1.1053539421228344,0.0112772387829762,-0.1216636681319318,item
96743843166951,im6,sc34,b332,-0.7430824720030156,item_ridge,232.0,-0.7540643423936192,-1.1052321719674671,0.0117226556316826,-0.7430014652072344,item
11124418330921,im19,sc59,b476,-0.4900524984363498,item_ridge,817.0,-0.3484302192705804,-0.4712393146436414,0.0168972418100549,-0.4901337883402549,item
224379213048008,im20,sc89,b546,-0.8519093373287486,item_ridge,794.0,-0.6719321285344858,-1.1053539421228344,0.0112772387829762,-0.851989521274392,item
132281789094564,im15,sc61,b350,-0.1388759598759952,item_ridge,498.0,-0.3701674932352681,-0.4867729418820625,0.0094473752650418,-0.13889179053307638,item
17806419222069,im17,sc55,b415,-0.342463590447469,item_ridge,1067.0,-0.5825053462263596,-0.9597630819115917,0.0120962057980395,-0.34163681789638656,item
220125735471942,im14,sc51,b455,-0.4547142583452114,category_fe_low_n,,-0.4547142583452114,-0.5090817434280027,0.0066479608065638,-0.6979409003363024,sub_category
186923342224717,im11,sc54,b565,-0.3375959799139687,item_ridge,927.0,-0.3954087848279526,-0.4174127415726866,0.0176249681656319,-0.3362511319962171,item
222506262191193,im14,sc51,b368,-0.1317478191021993,item_ridge,247.0,-0.4547142583452114,-0.5090817434280027,0.0066479608065638,-0.13157720673255777,item
5614264906504,im5,sc26,b155,-0.7139949572327791,item_ridge,204.0,-0.5329307810791537,-1.0012805344071898,0.0196419014737194,-0.7141554665387451,item
97571958941270,im17,sc55,b391,-0.4544853290081172,item_ridge,918.0,-0.5825053462263596,-0.9597630819115917,0.0120962057980395,-0.45369885874016624,item
203821998149337,im14,sc51,b66,-0.5396476327331249,item_ridge,438.0,-0.4547142583452114,-0.5090817434280027,0.0066479608065638,-0.5392681908230419,item
55796538055475,im2,sc6,b551,-0.6913896423498131,item_ridge,779.0,-0.7393400558468726,-1.0300616525541268,0.0204705834618003,-0.6917744070266573,item
71117618882083,im3,sc16,b546,-0.4410369220045958,item_ridge,798.0,-0.4340556041136897,-0.8987359235912883,0.0202666082602156,-0.4375255138846467,item
163595612906408,im5,sc78,b546,-0.8695310523131905,item_ridge,388.0,-0.5329307810791537,-1.0012805344071898,0.0196419014737194,-0.8698257608166515,item
244557555544119,im20,sc57,b262,-1.0679433553113171,item_ridge,362.0,-0.6719321285344858,-1.1053539421228344,0.0112772387829762,-1.0679867294807937,item
279299146125608,im7,sc33,b24,-0.712375224530957,category_fe_positive_fallback,655.0,-0.712375224530957,-1.226191510591962,0.0322433928253026,-0.5987735288605195,sub_category
166463616086505,im14,sc51,b481,-0.7242675727820347,item_ridge,350.0,-0.4547142583452114,-0.5090817434280027,0.0066479608065638,-0.724080581624907,item
207352272480883,im20,sc92,b332,-0.8205822216445315,item_ridge,668.0,-0.6719321285344858,-1.1053539421228344,0.0112772387829762,-0.8206777135894193,item
137270235801456,im11,sc54,b565,-0.7870294424350012,item_ridge,364.0,-0.3954087848279526,-0.4174127415726866,0.0176249681656319,-0.7858127753344095,item
17550675910044,im6,sc34,b520,-0.1327601124375226,item_ridge,939.0,-0.7540643423936192,-1.1052321719674671,0.0117226556316826,-0.13254477791709526,item
46102348697759,im7,sc33,b460,-0.4864166371022521,item_ridge,863.0,-0.712375224530957,-1.226191510591962,0.0322433928253026,-0.4875850627392214,item
142344771025695,im5,sc26,b332,-0.8149306466127589,item_ridge,510.0,-0.5329307810791537,-1.0012805344071898,0.0196419014737194,-0.8152983439514273,item
181810306917010,im20,sc72,b486,-0.5786141598204857,item_ridge,420.0,-0.6719321285344858,-1.1053539421228344,0.0112772387829762,-0.578731607319454,item
62641842882092,im8,sc37,b164,-0.6634823852409375,item_ridge,676.0,-0.5240268331974867,-0.98244493005407,0.0158566637101308,-0.6632397102255478,item
240493464651244,im2,sc87,b371,-0.7435608020075578,item_ridge,306.0,-0.7393400558468726,-1.0300616525541268,0.0204705834618003,-0.743717327093234,item
100474918892742,im4,sc3,b516,-1.0487452422268009,item_ridge,180.0,-0.6597748090798966,-0.6259883664315813,0.0291194429147193,-1.0486291629409847,item
60263837768118,im20,sc89,b336,-0.5325510250516788,item_ridge,669.0,-0.6719321285344858,-1.1053539421228344,0.0112772387829762,-0.5325973284569099,item
56353128510433,im6,sc22,b24,-0.7540643423936192,category_fe_positive_fallback,573.0,-0.7540643423936192,-1.1052321719674671,0.0117226556316826,-0.5733983862388061,sub_category
209072991211592,im16,sc83,b520,-0.3604556767329105,item_ridge,190.0,-0.7311111818334803,-1.1262045944613654,0.02034177093961,-0.3605690887895895,item
214815396948475,im5,sc26,b332,-1.1149209060460965,item_ridge,237.0,-0.5329307810791537,-1.0012805344071898,0.0196419014737194,-1.1150773207269111,item
74230017226216,im14,sc51,b122,-0.5042188479604552,item_ridge,259.0,-0.4547142583452114,-0.5090817434280027,0.0066479608065638,-0.5039540575627719,item
47142631976598,im8,sc37,b546,-0.5240268331974867,category_fe_positive_fallback,818.0,-0.5240268331974867,-0.98244493005407,0.0158566637101308,-0.48157631529870026,sub_category
176003381057305,im17,sc55,b391,-0.1149548964165575,item_ridge,798.0,-0.5825053462263596,-0.9597630819115917,0.0120962057980395,-0.11466587147181992,item
268796765029808,im16,sc83,b324,-0.4684878937763634,item_ridge,642.0,-0.7311111818334803,-1.1262045944613654,0.02034177093961,-0.46878991501425993,item
557508304121,im2,sc6,b371,-0.7801411174875037,item_ridge,306.0,-0.7393400558468726,-1.0300616525541268,0.0204705834618003,-0.7802471588270135,item
97151487063608,im20,sc72,b301,-0.3753987580000206,item_ridge,830.0,-0.6719321285344858,-1.1053539421228344,0.0112772387829762,-0.37548854224509937,item
110432679644198,im20,sc89,b520,-1.460811242762358,item_ridge,802.0,-0.6719321285344858,-1.1053539421228344,0.0112772387829762,-1.460964027866032,item
8217810429632,im17,sc67,b332,-0.8569371174396968,item_ridge,572.0,-0.5825053462263596,-0.9597630819115917,0.0120962057980395,-0.856592882101497,item
23713484529550,im14,sc51,b66,-0.820892834898094,item_ridge,317.0,-0.4547142583452114,-0.5090817434280027,0.0066479608065638,-0.8207283645737589,item
228633936708726,im9,sc41,b224,-0.3043184285627843,item_ridge,692.0,-0.6990257650229246,-0.3020684723539735,0.0133293137954538,-0.3065646530152916,item
200434777183622,im8,sc37,b24,-0.8344289470515733,item_ridge,943.0,-0.5240268331974867,-0.98244493005407,0.0158566637101308,-0.8342449152831449,item
80897223187467,im4,sc3,b252,-0.6644145569477191,item_ridge,350.0,-0.6597748090798966,-0.6259883664315813,0.0291194429147193,-0.6643234728365842,item
236606589502154,im3,sc16,b24,-0.8398004419741266,item_ridge,657.0,-0.4340556041136897,-0.8987359235912883,0.0202666082602156,-0.8371005147606414,item
15714562288993,im16,sc75,b551,-0.7205037767941311,item_ridge,807.0,-0.7311111818334803,-1.1262045944613654,0.02034177093961,-0.7207560539742593,item
155821864804768,im20,sc92,b510,-0.6921376326319935,item_ridge,775.0,-0.6719321285344858,-1.1053539421228344,0.0112772387829762,-0.6922344150085665,item
126993200358482,im14,sc51,b122,-0.338766386564894,item_ridge,357.0,-0.4547142583452114,-0.5090817434280027,0.0066479608065638,-0.3384756630870246,item
137782625351794,im16,sc75,b551,-0.77826581017771,item_ridge,801.0,-0.7311111818334803,-1.1262045944613654,0.02034177093961,-0.7786087591071744,item
253135636471754,im3,sc16,b332,-0.2994453393683848,item_ridge,553.0,-0.4340556041136897,-0.8987359235912883,0.0202666082602156,-0.2984835842199817,item
73833989798234,im14,sc51,b122,-0.4547142583452114,category_fe_positive_fallback,155.0,-0.4547142583452114,-0.5090817434280027,0.0066479608065638,-0.6979409003363024,sub_category
79318768156379,im8,sc37,b153,-0.1344691490733051,item_ridge,943.0,-0.5240268331974867,-0.98244493005407,0.0158566637101308,-0.134298620684113,item
275647235607015,im14,sc51,b353,-0.6697309963766381,item_ridge,401.0,-0.4547142583452114,-0.5090817434280027,0.0066479608065638,-0.6696115677178885,item
239673982891983,im20,sc89,b510,-0.390286024751839,item_ridge,777.0,-0.6719321285344858,-1.1053539421228344,0.0112772387829762,-0.39035927125349545,item
44167137423862,im19,sc59,b476,-0.4933789351780739,item_ridge,1048.0,-0.3484302192705804,-0.4712393146436414,0.0168972418100549,-0.4934796509781332,item
136253818607329,im17,sc55,b391,-0.5825053462263596,category_fe_positive_fallback,631.0,-0.5825053462263596,-0.9597630819115917,0.0120962057980395,-0.6443482333568126,sub_category
97299695205915,im16,sc31,b460,-0.7311111818334803,category_fe_positive_fallback,890.0,-0.7311111818334803,-1.1262045944613654,0.02034177093961,-0.4556539247371165,sub_category
212630756802255,im6,sc34,b153,-0.4565977325036267,item_ridge,366.0,-0.7540643423936192,-1.1052321719674671,0.0117226556316826,-0.4565252707284988,item
162889571446273,im20,sc57,b395,-1.2149262366848583,item_ridge,793.0,-0.6719321285344858,-1.1053539421228344,0.0112772387829762,-1.214995732101386,item
262003910036575,im8,sc37,b348,-0.5682190485937334,item_ridge,461.0,-0.5240268331974867,-0.98244493005407,0.0158566637101308,-0.5681349418316423,item
97434529522957,im16,sc71,b153,-0.3992669389786654,item_ridge,836.0,-0.7311111818334803,-1.1262045944613654,0.02034177093961,-0.39952814634667816,item
214608178073133,im4,sc27,b272,-0.185691114223017,item_ridge,510.0,-0.6597748090798966,-0.6259883664315813,0.0291194429147193,-0.18559527561529218,item
262837910242600,im1,sc79,b391,-1.0496133148741218,item_ridge,625.0,-0.4590443828435093,-0.8944099676397969,0.062460179797843,-0.9822641288233817,item
126261550152648,im5,sc78,b302,-0.3841701679470224,item_ridge,729.0,-0.5329307810791537,-1.0012805344071898,0.0196419014737194,-0.3844952503073868,item
255625968866809,im2,sc6,b425,-0.9417100191435324,item_ridge,154.0,-0.7393400558468726,-1.0300616525541268,0.0204705834618003,-0.9418262754744595,item
134935338982707,im16,sc83,b332,-1.482690167953732,item_ridge,816.0,-0.7311111818334803,-1.1262045944613654,0.02034177093961,-1.4830082148083334,item
105520755498770,im7,sc33,b24,-0.18431675298892,item_ridge,504.0,-0.712375224530957,-1.226191510591962,0.0322433928253026,-0.18506558935075784,item
229755401595915,im17,sc55,b24,-0.3173328374412789,item_ridge,765.0,-0.5825053462263596,-0.9597630819115917,0.0120962057980395,-0.3168699369321779,item
24335138052163,im20,sc57,b24,-0.5413435176858911,item_ridge,206.0,-0.6719321285344858,-1.1053539421228344,0.0112772387829762,-0.5413649629072308,item
258775075566058,im14,sc51,b169,-0.4635490141263056,item_ridge,383.0,-0.4547142583452114,-0.5090817434280027,0.0066479608065638,-0.4632917306728859,item
220133816607243,im14,sc51,b169,-0.4664047978557454,item_ridge,424.0,-0.4547142583452114,-0.5090817434280027,0.0066479608065638,-0.4662075699564405,item
75983897562172,im20,sc72,b395,-1.2023055067456223,item_ridge,456.0,-0.6719321285344858,-1.1053539421228344,0.0112772387829762,-1.2023321993590261,item
50890244369172,im14,sc51,b481,-0.7195451258611218,item_ridge,78.0,-0.4547142583452114,-0.5090817434280027,0.0066479608065638,-0.719397034324274,item
114611545348544,im17,sc55,b391,-0.1567580194321888,item_ridge,785.0,-0.5825053462263596,-0.9597630819115917,0.0120962057980395,-0.1565023878077598,item
190796626810129,im3,sc16,b24,-0.9256352662585584,item_ridge,657.0,-0.4340556041136897,-0.8987359235912883,0.0202666082602156,-0.9240724141424032,item
222312799756509,im6,sc34,b332,-0.9180536563001038,item_ridge,857.0,-0.7540643423936192,-1.1052321719674671,0.0117226556316826,-0.9157201820604876,item
273739309540766,im6,sc34,b332,-1.3413208011711173,item_ridge,1004.0,-0.7540643423936192,-1.1052321719674671,0.0117226556316826,-1.3400277686460744,item
131991043960473,im15,sc61,b43,-0.3701674932352681,category_fe_positive_fallback,931.0,-0.3701674932352681,-0.4867729418820625,0.0094473752650418,-0.37606314727235,sub_category
43549303682526,im6,sc34,b332,-0.5839203880076107,item_ridge,561.0,-0.7540643423936192,-1.1052321719674671,0.0117226556316826,-0.5834904025684081,item
127596371303372,im6,sc34,b520,-0.4416856758756858,item_ridge,332.0,-0.7540643423936192,-1.1052321719674671,0.0117226556316826,-0.4413431914479573,item
7776043214770,im17,sc67,b520,-0.5352088121108972,item_ridge,742.0,-0.5825053462263596,-0.9597630819115917,0.0120962057980395,-0.5326126559649341,item
105187647955746,im14,sc51,b283,-1.3773319071357062,item_ridge,353.0,-0.4547142583452114,-0.5090817434280027,0.0066479608065638,-1.376837131263746,item
227418228646009,im6,sc22,b332,-0.5477800091139939,item_ridge,854.0,-0.7540643423936192,-1.1052321719674671,0.0117226556316826,-0.5471246101386982,item
224625134937410,im16,sc75,b332,-0.5116185393630557,item_ridge,470.0,-0.7311111818334803,-1.1262045944613654,0.02034177093961,-0.5122378212428792,item
77414523683868,im14,sc99,b353,-0.4968888029913907,item_ridge,340.0,-0.4547142583452114,-0.5090817434280027,0.0066479608065638,-0.49586285363672333,item
199951061463503,im6,sc34,b332,-1.244762575835194,item_ridge,495.0,-0.7540643423936192,-1.1052321719674671,0.0117226556316826,-1.2445034908090256,item
200394963658209,im5,sc78,b332,-0.9175639778537956,item_ridge,840.0,-0.5329307810791537,-1.0012805344071898,0.0196419014737194,-0.9185589268961248,item
20450760825508,im5,sc26,b541,-1.056307843681724,item_ridge,897.0,-0.5329307810791537,-1.0012805344071898,0.0196419014737194,-1.0573830922466878,item
51046354192406,im14,sc51,b283,-0.1623918491868548,item_ridge,1039.0,-0.4547142583452114,-0.5090817434280027,0.0066479608065638,-0.1610180783865007,item
255537420255320,im11,sc54,b565,-0.4419666631957482,item_ridge,1030.0,-0.3954087848279526,-0.4174127415726866,0.0176249681656319,-0.43860874605111216,item
138618918511338,im9,sc42,b316,-0.3493580493798924,item_ridge,801.0,-0.6990257650229246,-0.3020684723539735,0.0133293137954538,-0.35373479903237487,item
110170417989407,im7,sc33,b332,-0.712375224530957,category_fe_positive_fallback,745.0,-0.712375224530957,-1.226191510591962,0.0322433928253026,-0.5987735288605195,sub_category
19363133668809,im17,sc55,b551,-0.1133515554508605,item_ridge,684.0,-0.5825053462263596,-0.9597630819115917,0.0120962057980395,-0.11081366310742843,item
34911945874003,im14,sc51,b283,-0.4547142583452114,category_fe_positive_fallback,1038.0,-0.4547142583452114,-0.5090817434280027,0.0066479608065638,-0.6979409003363024,sub_category
220585278700996,im3,sc16,b549,-0.6557278212501287,item_ridge,800.0,-0.4340556041136897,-0.8987359235912883,0.0202666082602156,-0.6512296122747859,item
89582543222124,im20,sc57,b332,-0.1097928479679435,item_ridge,791.0,-0.6719321285344858,-1.1053539421228344,0.0112772387829762,-0.10997618042406547,item
32018599878976,im14,sc2,b66,-1.0490360928138047,item_ridge,777.0,-0.4547142583452114,-0.5090817434280027,0.0066479608065638,-1.048438802914169,item
70864460352855,im16,sc83,b153,-0.1445371562011522,item_ridge,835.0,-0.7311111818334803,-1.1262045944613654,0.02034177093961,-0.1450025154554616,item
109907397386514,im16,sc83,b324,-0.9679023625432526,item_ridge,690.0,-0.7311111818334803,-1.1262045944613654,0.02034177093961,-0.9684392207028617,item
83209366763861,im14,sc51,b283,-0.7227654957685367,item_ridge,182.0,-0.4547142583452114,-0.5090817434280027,0.0066479608065638,-0.7225628082734036,item
8737365162565,im11,sc54,b565,-0.6466241741423892,item_ridge,858.0,-0.3954087848279526,-0.4174127415726866,0.0176249681656319,-0.6436213809010329,item
144192246497840,im16,sc83,b153,-0.7524478848158137,item_ridge,831.0,-0.7311111818334803,-1.1262045944613654,0.02034177093961,-0.7534445549008734,item
173724210060708,im17,sc55,b391,-0.3689856408102635,item_ridge,800.0,-0.5825053462263596,-0.9597630819115917,0.0120962057980395,-0.36810820253181764,item
213462433260983,im8,sc81,b164,-2.900091791822741,item_ridge,256.0,-0.5240268331974867,-0.98244493005407,0.0158566637101308,-2.8996198228189702,item
253450727554160,im11,sc54,b565,-1.0121102626902132,item_ridge,507.0,-0.3954087848279526,-0.4174127415726866,0.0176249681656319,-1.0106708551532457,item
19985901878296,im6,sc22,b332,-0.9473761852918924,item_ridge,968.0,-0.7540643423936192,-1.1052321719674671,0.0117226556316826,-0.9470327507557784,item
60216053946774,im20,sc89,b546,-0.3639750508003472,item_ridge,938.0,-0.6719321285344858,-1.1053539421228344,0.0112772387829762,-0.3641318693016905,item
1340596856000,im5,sc26,b460,-0.6669481851571346,item_ridge,280.0,-0.5329307810791537,-1.0012805344071898,0.0196419014737194,-0.6672790308694324,item
111573568413296,im14,sc51,b68,-0.3503446114878899,item_ridge,177.0,-0.4547142583452114,-0.5090817434280027,0.0066479608065638,-0.3501412415432771,item
119519453253503,im9,sc42,b224,-0.4646015101656259,item_ridge,611.0,-0.6990257650229246,-0.3020684723539735,0.0133293137954538,-0.46728500479630464,item
38633499172406,im14,sc99,b122,-0.0804547992547111,item_ridge,532.0,-0.4547142583452114,-0.5090817434280027,0.0066479608065638,-0.08008073388787275,item
100752064043005,im17,sc67,b301,-0.835108494522388,item_ridge,158.0,-0.5825053462263596,-0.9597630819115917,0.0120962057980395,-0.8346825176824733,item
193489921268303,im20,sc92,b153,-0.1550454209808726,item_ridge,671.0,-0.6719321285344858,-1.1053539421228344,0.0112772387829762,-0.15518833629028086,item
40128861782820,im14,sc51,b169,-1.1477398552497495,item_ridge,190.0,-0.4547142583452114,-0.5090817434280027,0.0066479608065638,-1.147453226468753,item
75274040893114,im14,sc51,b122,-0.4547142583452114,category_fe_positive_fallback,266.0,-0.4547142583452114,-0.5090817434280027,0.0066479608065638,-0.6979409003363024,sub_category
173714228456334,im5,sc26,b332,-0.7902615654928047,item_ridge,244.0,-0.5329307810791537,-1.0012805344071898,0.0196419014737194,-0.7905154322522401,item
204056159428048,im8,sc37,b332,-0.3796756206661109,item_ridge,839.0,-0.5240268331974867,-0.98244493005407,0.0158566637101308,-0.3794113402439468,item
211140711706667,im14,sc51,b169,-1.2387216405571824,item_ridge,174.0,-0.4547142583452114,-0.5090817434280027,0.0066479608065638,-1.2384432011699273,item
66155785620546,im16,sc83,b332,-0.4544801332683646,item_ridge,599.0,-0.7311111818334803,-1.1262045944613654,0.02034177093961,-0.4548653644391502,item
65394400347680,im6,sc34,b24,-0.5274312478508347,item_ridge,719.0,-0.7540643423936192,-1.1052321719674671,0.0117226556316826,-0.5272237747494063,item
107097129792418,im3,sc16,b391,-0.4539541837762338,item_ridge,522.0,-0.4340556041136897,-0.8987359235912883,0.0202666082602156,-0.45254661504341476,item
152016039266836,im20,sc72,b510,-0.3921922063482725,item_ridge,638.0,-0.6719321285344858,-1.1053539421228344,0.0112772387829762,-0.39233440517966955,item
53563211882629,im14,sc99,b369,-0.75558134484964,item_ridge,338.0,-0.4547142583452114,-0.5090817434280027,0.0066479608065638,-0.7553656429227783,item
9822031278890,im20,sc89,b24,-0.2098221851980414,item_ridge,813.0,-0.6719321285344858,-1.1053539421228344,0.0112772387829762,-0.2099181800625464,item
5754263826447,im14,sc51,b169,-1.3190273313937264,item_ridge,396.0,-0.4547142583452114,-0.5090817434280027,0.0066479608065638,-1.3186226388529354,item
242512799471622,im14,sc51,b122,-0.3986518434384892,item_ridge,177.0,-0.4547142583452114,-0.5090817434280027,0.0066479608065638,-0.39846007513501136,item
136311904466398,im6,sc34,b348,-0.7540643423936192,category_fe_positive_fallback,147.0,-0.7540643423936192,-1.1052321719674671,0.0117226556316826,-1.0002026257281673,sub_category
35890796918750,im14,sc99,b508,-0.6021840239755245,item_ridge,251.0,-0.4547142583452114,-0.5090817434280027,0.0066479608065638,-0.6019621786393516,item
66262057777514,im14,sc51,b66,-1.927843089443116,item_ridge,289.0,-0.4547142583452114,-0.5090817434280027,0.0066479608065638,-1.9276499562406815,item
55673198659595,im4,sc3,b496,-0.2297986360809332,item_ridge,431.0,-0.6597748090798966,-0.6259883664315813,0.0291194429147193,-0.2295724085676968,item
51406337094445,im6,sc9,b153,-0.505856075479203,item_ridge,938.0,-0.7540643423936192,-1.1052321719674671,0.0117226556316826,-0.5055998437578918,item
234510306832857,im14,sc51,b122,-0.0839423903380536,item_ridge,229.0,-0.4547142583452114,-0.5090817434280027,0.0066479608065638,-0.08376973061997638,item
243121147595295,im14,sc51,b369,-0.5623068342566718,item_ridge,315.0,-0.4547142583452114,-0.5090817434280027,0.0066479608065638,-0.5620857206256166,item
131356342332379,im16,sc75,b332,-1.521451210973911,item_ridge,812.0,-0.7311111818334803,-1.1262045944613654,0.02034177093961,-1.5221038008432892,item
128470261991695,im12,sc15,b457,-1.562126522401896,item_ridge,755.0,-0.7159602082500641,-1.7759215692028727,0.0614701148056001,-1.5610262149538472,item
156886762040006,im14,sc51,b369,-0.1635156058958268,item_ridge,365.0,-0.4547142583452114,-0.5090817434280027,0.0066479608065638,-0.16324126120544302,item
229756920428943,im14,sc51,b169,-0.6679968764581885,item_ridge,225.0,-0.4547142583452114,-0.5090817434280027,0.0066479608065638,-0.6678631163603899,item
95097044498689,im14,sc51,b66,-0.6331331502009244,item_ridge,240.0,-0.4547142583452114,-0.5090817434280027,0.0066479608065638,-0.6329795990682479,item
42654719757498,im6,sc22,b332,-1.2030796852435406,item_ridge,204.0,-0.7540643423936192,-1.1052321719674671,0.0117226556316826,-1.20300716719408,item
41916326130177,im20,sc93,b153,-0.6719321285344858,category_fe_positive_fallback,786.0,-0.6719321285344858,-1.1053539421228344,0.0112772387829762,-1.0315494762324764,sub_category
274077103844540,im14,sc51,b283,-0.9263664881760204,item_ridge,480.0,-0.4547142583452114,-0.5090817434280027,0.0066479608065638,-0.9260627981580586,item
235096052488924,im5,sc78,b302,-0.2212435716532834,item_ridge,756.0,-0.5329307810791537,-1.0012805344071898,0.0196419014737194,-0.22157357950395604,item
70744329537147,im14,sc51,b481,-0.5491712783413097,item_ridge,440.0,-0.4547142583452114,-0.5090817434280027,0.0066479608065638,-0.5488266413546338,item
65999645242324,im14,sc51,b66,-1.2766580276697044,item_ridge,270.0,-0.4547142583452114,-0.5090817434280027,0.0066479608065638,-1.2764689891641423,item
129912296005453,im8,sc81,b332,-0.1082491267727882,item_ridge,347.0,-0.5240268331974867,-0.98244493005407,0.0158566637101308,-0.10813712103539491,item
184864807626489,im16,sc83,b324,-0.3357573043846023,item_ridge,622.0,-0.7311111818334803,-1.1262045944613654,0.02034177093961,-0.33605994199237177,item
36987641848295,im5,sc78,b520,-0.5329307810791537,category_fe_positive_fallback,333.0,-0.5329307810791537,-1.0012805344071898,0.0196419014737194,-0.30769732064234073,sub_category
230514194491857,im6,sc22,b332,-0.4780693696887583,item_ridge,824.0,-0.7540643423936192,-1.1052321719674671,0.0117226556316826,-0.4778490790102145,item
58701697198341,im6,sc34,b460,-0.1064738071551219,item_ridge,324.0,-0.7540643423936192,-1.1052321719674671,0.0117226556316826,-0.1064218534295586,item
243570433853324,im6,sc34,b153,-0.4763193481971794,item_ridge,281.0,-0.7540643423936192,-1.1052321719674671,0.0117226556316826,-0.47625474784105126,item
202569340456637,im9,sc44,b548,-0.6990257650229246,category_fe_positive_fallback,716.0,-0.6990257650229246,-0.3020684723539735,0.0133293137954538,-0.2436903662347519,sub_category
49114704921544,im4,sc3,b496,-0.4110843491467421,item_ridge,399.0,-0.6597748090798966,-0.6259883664315813,0.0291194429147193,-0.41098860491829386,item
162793803195499,im6,sc34,b332,-0.4072245497974268,item_ridge,690.0,-0.7540643423936192,-1.1052321719674671,0.0117226556316826,-0.40701536769186897,item
116834764943427,im14,sc51,b527,-0.1282657665763772,item_ridge,244.0,-0.4547142583452114,-0.5090817434280027,0.0066479608065638,-0.12815316241241373,item
55952455697067,im6,sc22,b332,-0.7395927002676035,item_ridge,846.0,-0.7540643423936192,-1.1052321719674671,0.0117226556316826,-0.7393939597641346,item
134597567580599,im17,sc67,b520,-0.2304651136732916,item_ridge,220.0,-0.5825053462263596,-0.9597630819115917,0.0120962057980395,-0.23019801468177808,item
131602457882676,im14,sc51,b369,-0.4547142583452114,category_fe_positive_fallback,365.0,-0.4547142583452114,-0.5090817434280027,0.0066479608065638,-0.6979409003363024,sub_category
32382618840958,im5,sc26,b114,-0.5565888812525085,item_ridge,541.0,-0.5329307810791537,-1.0012805344071898,0.0196419014737194,-0.5568255505863041,item
165163373686908,im20,sc72,b24,-0.0840721164904142,item_ridge,682.0,-0.6719321285344858,-1.1053539421228344,0.0112772387829762,-0.08414442920672169,item
164597265773193,im16,sc83,b520,-0.8024178490462968,item_ridge,837.0,-0.7311111818334803,-1.1262045944613654,0.02034177093961,-0.8026841208315446,item
211797830943338,im17,sc67,b332,-0.3272496411462139,item_ridge,835.0,-0.5825053462263596,-0.9597630819115917,0.0120962057980395,-0.3267833691998208,item
81261836926950,im7,sc33,b24,-0.5265737961667196,item_ridge,673.0,-0.712375224530957,-1.226191510591962,0.0322433928253026,-0.5277040773241308,item
236035347171339,im20,sc92,b336,-0.4889079411960517,item_ridge,786.0,-0.6719321285344858,-1.1053539421228344,0.0112772387829762,-0.4889582680318707,item
21233630506135,im5,sc78,b395,-0.3787609475017479,item_ridge,292.0,-0.5329307810791537,-1.0012805344071898,0.0196419014737194,-0.3789259514270851,item
44583541347019,im16,sc75,b243,-0.567779392555623,item_ridge,200.0,-0.7311111818334803,-1.1262045944613654,0.02034177093961,-0.5678780828950373,item
137543761455778,im20,sc89,b24,-0.3026902071422233,item_ridge,945.0,-0.6719321285344858,-1.1053539421228344,0.0112772387829762,-0.3027618402848114,item
234095477953271,im2,sc6,b425,-0.5259984508935966,item_ridge,155.0,-0.7393400558468726,-1.0300616525541268,0.0204705834618003,-0.5260723879743546,item
214580471264559,im17,sc67,b391,-0.4509636443336606,item_ridge,540.0,-0.5825053462263596,-0.9597630819115917,0.0120962057980395,-0.45074605075867735,item
245647435289076,im17,sc56,b546,-0.8313368346490008,item_ridge,468.0,-0.5825053462263596,-0.9597630819115917,0.0120962057980395,-0.8310949756234071,item
164501932483970,im16,sc83,b301,-0.7311111818334803,category_fe_positive_fallback,824.0,-0.7311111818334803,-1.1262045944613654,0.02034177093961,-0.5529884842673374,sub_category
167211492608660,im2,sc6,b425,-1.5963401007700029,item_ridge,384.0,-0.7393400558468726,-1.0300616525541268,0.0204705834618003,-1.5964451692531878,item
214742606508973,im14,sc51,b122,-1.598577867679026,item_ridge,190.0,-0.4547142583452114,-0.5090817434280027,0.0066479608065638,-1.5984659459645374,item
178333144519320,im16,sc31,b332,-0.5793657000446361,item_ridge,837.0,-0.7311111818334803,-1.1262045944613654,0.02034177093961,-0.5797138372633722,item
100679798534570,im9,sc58,b224,-0.395591886340509,item_ridge,93.0,-0.6990257650229246,-0.3020684723539735,0.0133293137954538,-0.3961252446818911,item
25434384862029,im6,sc34,b510,-0.0833439596796747,item_ridge,306.0,-0.7540643423936192,-1.1052321719674671,0.0117226556316826,-0.08327594131528585,item
33708154773722,im14,sc99,b273,-0.1977031263232019,item_ridge,260.0,-0.4547142583452114,-0.5090817434280027,0.0066479608065638,-0.19759391015770209,item
27198946181573,im20,sc72,b332,-0.6461885988443402,item_ridge,957.0,-0.6719321285344858,-1.1053539421228344,0.0112772387829762,-0.6462791919564924,item
29094876613235,im6,sc22,b546,-0.4878536897007811,item_ridge,423.0,-0.7540643423936192,-1.1052321719674671,0.0117226556316826,-0.4877206259213503,item
55817732494820,im20,sc92,b153,-0.5400883393693889,item_ridge,320.0,-0.6719321285344858,-1.1053539421228344,0.0112772387829762,-0.5401222132011914,item
145474936923934,im17,sc55,b391,-0.6389270299090951,item_ridge,197.0,-0.5825053462263596,-0.9597630819115917,0.0120962057980395,-0.6387658207765711,item
189853662339611,im14,sc51,b344,-0.390476778809541,item_ridge,507.0,-0.4547142583452114,-0.5090817434280027,0.0066479608065638,-0.3903457485096552,item
91810059617138,im6,sc22,b546,-0.5883641686221048,item_ridge,598.0,-0.7540643423936192,-1.1052321719674671,0.0117226556316826,-0.5881866362274415,item
25025038358477,im14,sc51,b122,-0.5141415504383817,item_ridge,334.0,-0.4547142583452114,-0.5090817434280027,0.0066479608065638,-0.5140002833963183,item
107725809596623,im16,sc30,b24,-0.7311111818334803,category_fe_positive_fallback,827.0,-0.7311111818334803,-1.1262045944613654,0.02034177093961,-0.5472143444102702,sub_category
189307292817273,im16,sc83,b324,-0.2818138615575861,item_ridge,735.0,-0.7311111818334803,-1.1262045944613654,0.02034177093961,-0.28203945293119825,item
44060377317847,im16,sc75,b153,-0.4812116542906285,item_ridge,742.0,-0.7311111818334803,-1.1262045944613654,0.02034177093961,-0.4815052580503845,item
178437723670607,im8,sc81,b332,-0.1592279963433274,item_ridge,233.0,-0.5240268331974867,-0.98244493005407,0.0158566637101308,-0.15918705631517685,item
280126238311582,im14,sc99,b369,-0.4158800605217705,item_ridge,338.0,-0.4547142583452114,-0.5090817434280027,0.0066479608065638,-0.4157647009469617,item
92362458236482,im20,sc57,b332,-0.4346883626354779,item_ridge,755.0,-0.6719321285344858,-1.1053539421228344,0.0112772387829762,-0.4347907514742089,item
215645051309996,im9,sc42,b224,-0.6990257650229246,category_fe_low_n,48.0,-0.6990257650229246,-0.3020684723539735,0.0133293137954538,-0.4645366616755563,item
9035724444596,im6,sc34,b332,-1.1895588143728917,item_ridge,1006.0,-0.7540643423936192,-1.1052321719674671,0.0117226556316826,-1.1863048705086534,item
71488185050378,im6,sc34,b332,-1.4689402089104575,item_ridge,968.0,-0.7540643423936192,-1.1052321719674671,0.0117226556316826,-1.467048683138953,item
40672812083094,im15,sc61,b43,-1.4989753827305117,item_ridge,426.0,-0.3701674932352681,-0.4867729418820625,0.0094473752650418,-1.4990072989210885,item
195343614806418,im19,sc59,b476,-0.7398145554493513,item_ridge,917.0,-0.3484302192705804,-0.4712393146436414,0.0168972418100549,-0.7400400452747059,item
208230863528684,im2,sc6,b371,-1.5192568989137851,item_ridge,363.0,-0.7393400558468726,-1.0300616525541268,0.0204705834618003,-1.5198975248043094,item
169678079626407,im20,sc72,b516,-0.933027916565163,item_ridge,682.0,-0.6719321285344858,-1.1053539421228344,0.0112772387829762,-0.9332838421069939,item
71473086851371,im17,sc55,b391,-1.015785521432762,item_ridge,901.0,-0.5825053462263596,-0.9597630819115917,0.0120962057980395,-1.0140893710598604,item
249304081615753,im14,sc51,b273,-2.1885125256839464,item_ridge,497.0,-0.4547142583452114,-0.5090817434280027,0.0066479608065638,-2.1878669284772263,item
31752054035642,im6,sc34,b332,-0.9871261863199496,item_ridge,670.0,-0.7540643423936192,-1.1052321719674671,0.0117226556316826,-0.9866838960510079,item
30983981944508,im20,sc89,b218,-0.4497749887167045,item_ridge,537.0,-0.6719321285344858,-1.1053539421228344,0.0112772387829762,-0.44989340927224475,item
89211912696946,im14,sc51,b122,-1.005708479202393,item_ridge,547.0,-0.4547142583452114,-0.5090817434280027,0.0066479608065638,-1.004891587176549,item
152749160344984,im8,sc37,b164,-0.8907257866601657,item_ridge,755.0,-0.5240268331974867,-0.98244493005407,0.0158566637101308,-0.8901949109508264,item
14633544863110,im20,sc72,b520,-0.1273145730283148,item_ridge,934.0,-0.6719321285344858,-1.1053539421228344,0.0112772387829762,-0.12753604083284512,item
29123456843228,im14,sc51,b283,-0.6325829285371809,item_ridge,833.0,-0.4547142583452114,-0.5090817434280027,0.0066479608065638,-0.6319359664315005,item
21024902605759,im14,sc51,b122,-0.6854617032379214,item_ridge,215.0,-0.4547142583452114,-0.5090817434280027,0.0066479608065638,-0.6850959103174102,item
24958752762868,im17,sc55,b391,-0.635417365942886,item_ridge,894.0,-0.5825053462263596,-0.9597630819115917,0.0120962057980395,-0.6346274411935228,item
21189088502515,im3,sc16,b332,-0.3879206985620734,item_ridge,892.0,-0.4340556041136897,-0.8987359235912883,0.0202666082602156,-0.3811683759576606,item
142668732147934,im6,sc9,b153,-0.7858248266338964,item_ridge,945.0,-0.7540643423936192,-1.1052321719674671,0.0117226556316826,-0.7853865985497852,item
26502200758607,im20,sc72,b301,-0.6719321285344858,category_fe_positive_fallback,829.0,-0.6719321285344858,-1.1053539421228344,0.0112772387829762,-0.6233376155185413,sub_category
267232418291266,im6,sc9,b546,-0.7540643423936192,category_fe_positive_fallback,214.0,-0.7540643423936192,-1.1052321719674671,0.0117226556316826,-0.7741767854440029,sub_category
109619350348257,im8,sc37,b24,-1.2024041628365467,item_ridge,1030.0,-0.5240268331974867,-0.98244493005407,0.0158566637101308,-1.2018786884789041,item
14522640794199,im6,sc34,b332,-0.5995639490034185,item_ridge,986.0,-0.7540643423936192,-1.1052321719674671,0.0117226556316826,-0.5991582314228678,item
189405017544285,im3,sc16,b24,-0.8590229378906646,item_ridge,498.0,-0.4340556041136897,-0.8987359235912883,0.0202666082602156,-0.8554013286599608,item
272944233065051,im20,sc57,b153,-0.5835424506999968,item_ridge,913.0,-0.6719321285344858,-1.1053539421228344,0.0112772387829762,-0.5837483570733187,item
75847922263723,im5,sc82,b24,-0.0405554708483897,item_ridge,822.0,-0.5329307810791537,-1.0012805344071898,0.0196419014737194,-0.04103664443907324,item
214919223070503,im19,sc59,b476,-0.1616338797076278,item_ridge,1065.0,-0.3484302192705804,-0.4712393146436414,0.0168972418100549,-0.1618039310139582,item
280048824234224,im14,sc51,b283,-0.7160068679545338,item_ridge,226.0,-0.4547142583452114,-0.5090817434280027,0.0066479608065638,-0.7157673281875572,item
68894025073638,im14,sc51,b122,-0.3174784762999699,item_ridge,357.0,-0.4547142583452114,-0.5090817434280027,0.0066479608065638,-0.31665953692568966,item
210463929371547,im14,sc51,b66,-1.3236906722617847,item_ridge,306.0,-0.4547142583452114,-0.5090817434280027,0.0066479608065638,-1.323435436156801,item
68124382292701,im2,sc6,b425,-0.6533936165731031,item_ridge,797.0,-0.7393400558468726,-1.0300616525541268,0.0204705834618003,-0.6538099990805348,item
70056929876266,im20,sc89,b24,-0.5759663555697139,item_ridge,939.0,-0.6719321285344858,-1.1053539421228344,0.0112772387829762,-0.5760699332218362,item
135793771261175,im3,sc20,b236,-0.9865987541095628,item_ridge,931.0,-0.4340556041136897,-0.8987359235912883,0.0202666082602156,-0.9829174792269315,item
13847264421741,im14,sc51,b283,-0.1312273348393934,item_ridge,526.0,-0.4547142583452114,-0.5090817434280027,0.0066479608065638,-0.13096049709327418,item
242711281131014,im15,sc63,b350,-0.3701674932352681,category_fe_positive_fallback,804.0,-0.3701674932352681,-0.4867729418820625,0.0094473752650418,-0.3596437625319346,sub_category
91174151505474,im6,sc34,b332,-1.099628994880841,item_ridge,1004.0,-0.7540643423936192,-1.1052321719674671,0.0117226556316826,-1.0993606812323724,item
248009943491535,im6,sc34,b551,-0.6791018586356491,item_ridge,268.0,-0.7540643423936192,-1.1052321719674671,0.0117226556316826,-0.6789986347861738,item
258017876337396,im14,sc51,b283,-0.6250179648046245,item_ridge,1070.0,-0.4547142583452114,-0.5090817434280027,0.0066479608065638,-0.6238734970290696,item
207172975140146,im2,sc6,b425,-0.3805964172095311,item_ridge,399.0,-0.7393400558468726,-1.0300616525541268,0.0204705834618003,-0.3807851513367316,item
39047664696141,im16,sc31,b551,-0.7311111818334803,category_fe_positive_fallback,777.0,-0.7311111818334803,-1.1262045944613654,0.02034177093961,-0.4556539247371165,sub_category
255909101743737,im14,sc51,b122,-0.8042840855650751,item_ridge,363.0,-0.4547142583452114,-0.5090817434280027,0.0066479608065638,-0.8038596019894048,item
71616981912448,im6,sc34,b153,-0.3946630640629543,item_ridge,169.0,-0.7540643423936192,-1.1052321719674671,0.0117226556316826,-0.39457111964074,item
183309109136638,im6,sc34,b24,-0.5736068785256382,item_ridge,119.0,-0.7540643423936192,-1.1052321719674671,0.0117226556316826,-0.5734951096555125,item
109131366060791,im20,sc72,b395,-0.6360608659877969,item_ridge,456.0,-0.6719321285344858,-1.1053539421228344,0.0112772387829762,-0.6361147365348458,item
274880750150031,im8,sc81,b153,-0.7346036086889121,item_ridge,228.0,-0.5240268331974867,-0.98244493005407,0.0158566637101308,-0.7343131662250506,item
266468636820850,im9,sc44,b548,-0.2252178421139972,item_ridge,776.0,-0.6990257650229246,-0.3020684723539735,0.0133293137954538,-0.22921187597729017,item
4549763103345,im14,sc51,b273,-0.4943477895234635,item_ridge,62.0,-0.4547142583452114,-0.5090817434280027,0.0066479608065638,-0.49424064495532843,item
192895494803839,im6,sc34,b218,-0.86956830041355,item_ridge,583.0,-0.7540643423936192,-1.1052321719674671,0.0117226556316826,-0.8693751829468164,item
76259323823003,im20,sc57,b395,-1.1107725782153055,item_ridge,394.0,-0.6719321285344858,-1.1053539421228344,0.0112772387829762,-1.1108154686579834,item
273573212042755,im5,sc26,b332,-0.6316313738714084,item_ridge,292.0,-0.5329307810791537,-1.0012805344071898,0.0196419014737194,-0.631829553728775,item
140613692202773,im15,sc63,b451,-0.8183893235815578,item_ridge,863.0,-0.3701674932352681,-0.4867729418820625,0.0094473752650418,-0.8184082663673751,item
113694964607092,im3,sc16,b78,-0.0654861018350245,item_ridge,697.0,-0.4340556041136897,-0.8987359235912883,0.0202666082602156,-0.05893414488652914,item
222363166634578,im2,sc6,b166,-0.631074540328365,item_ridge,786.0,-0.7393400558468726,-1.0300616525541268,0.0204705834618003,-0.6313761257893553,item
195300073118248,im3,sc16,b332,-0.6911819813172226,item_ridge,867.0,-0.4340556041136897,-0.8987359235912883,0.0202666082602156,-0.6871646499160806,item
165483616105820,im9,sc41,b224,-0.6130486168067072,item_ridge,488.0,-0.6990257650229246,-0.3020684723539735,0.0133293137954538,-0.6145816240060463,item
279872832391647,im11,sc54,b358,-0.3705787968100247,item_ridge,699.0,-0.3954087848279526,-0.4174127415726866,0.0176249681656319,-0.36940625753173567,item
256676538322039,im6,sc34,b332,-0.5707705080879836,item_ridge,568.0,-0.7540643423936192,-1.1052321719674671,0.0117226556316826,-0.5706143051104687,item
275491149993689,im14,sc51,b122,-0.7586708207699332,item_ridge,215.0,-0.4547142583452114,-0.5090817434280027,0.0066479608065638,-0.7584879243096765,item
68042752144878,im6,sc34,b520,-0.3355887000658398,item_ridge,533.0,-0.7540643423936192,-1.1052321719674671,0.0117226556316826,-0.33544411831640997,item
68212563307589,im17,sc55,b391,-0.3030173705605758,item_ridge,808.0,-0.5825053462263596,-0.9597630819115917,0.0120962057980395,-0.30246465353478325,item
168483686197533,im20,sc89,b153,-0.1798532238351749,item_ridge,913.0,-0.6719321285344858,-1.1053539421228344,0.0112772387829762,-0.1799901980199897,item
197309312386423,im6,sc34,b551,-0.9945133588561088,item_ridge,925.0,-0.7540643423936192,-1.1052321719674671,0.0117226556316826,-0.9942525648258131,item
88146979395293,im14,sc51,b367,-0.660441441820262,item_ridge,387.0,-0.4547142583452114,-0.5090817434280027,0.0066479608065638,-0.6602817486422775,item
138680823021309,im17,sc67,b24,-0.5394123400491151,item_ridge,760.0,-0.5825053462263596,-0.9597630819115917,0.0120962057980395,-0.538634068849704,item
9290500962350,im14,sc51,b346,-0.6006874618548552,item_ridge,191.0,-0.4547142583452114,-0.5090817434280027,0.0066479608065638,-0.6005728103424562,item
116188110392604,im19,sc59,b476,-0.3484302192705804,category_fe_positive_fallback,1065.0,-0.3484302192705804,-0.4712393146436414,0.0168972418100549,-0.47696447605215686,sub_category
48124353206546,im16,sc97,b153,-1.2179361363553871,item_ridge,568.0,-0.7311111818334803,-1.1262045944613654,0.02034177093961,-1.2180609839046144,item
276156840835286,im5,sc26,b153,-0.551208171321121,item_ridge,851.0,-0.5329307810791537,-1.0012805344071898,0.0196419014737194,-0.5516880613889572,item
216554728321139,im8,sc37,b324,-0.5240268331974867,category_fe_positive_fallback,414.0,-0.5240268331974867,-0.98244493005407,0.0158566637101308,-0.48157631529870026,sub_category
196679799687689,im14,sc51,b481,-0.7244669550530922,item_ridge,245.0,-0.4547142583452114,-0.5090817434280027,0.0066479608065638,-0.723871859107782,item
246732930388974,im20,sc89,b460,-0.6719321285344858,category_fe_positive_fallback,579.0,-0.6719321285344858,-1.1053539421228344,0.0112772387829762,-0.7049611698243912,sub_category
181467433815612,im14,sc51,b122,-0.296852943476376,item_ridge,448.0,-0.4547142583452114,-0.5090817434280027,0.0066479608065638,-0.29668642580360616,item
46777765603668,im15,sc61,b43,-0.3701674932352681,category_fe_positive_fallback,935.0,-0.3701674932352681,-0.4867729418820625,0.0094473752650418,-0.37606314727235,sub_category
98960665162845,im5,sc78,b563,-0.1590286523851747,item_ridge,649.0,-0.5329307810791537,-1.0012805344071898,0.0196419014737194,-0.15934798834017974,item
183492674076483,im2,sc6,b371,-0.7393400558468726,category_fe_positive_fallback,188.0,-0.7393400558468726,-1.0300616525541268,0.0204705834618003,-0.6985609852903643,sub_category
103720818945523,im14,sc51,b68,-0.5908768167279931,item_ridge,122.0,-0.4547142583452114,-0.5090817434280027,0.0066479608065638,-0.5907710370588161,item
123937112140141,im14,sc51,b481,-0.8501410654439132,item_ridge,168.0,-0.4547142583452114,-0.5090817434280027,0.0066479608065638,-0.849982737164886,item
199550362855281,im14,sc51,b283,-0.4547142583452114,category_fe_positive_fallback,831.0,-0.4547142583452114,-0.5090817434280027,0.0066479608065638,-0.6979409003363024,sub_category
234032627092416,im8,sc81,b395,-0.5240268331974867,category_fe_low_n,,-0.5240268331974867,-0.98244493005407,0.0158566637101308,-0.6501183013557981,sub_category
225348730806166,im19,sc59,b476,-0.3287338392958751,item_ridge,504.0,-0.3484302192705804,-0.4712393146436414,0.0168972418100549,-0.3287746336777979,item
88435353288051,im14,sc51,b283,-0.3793326667935766,item_ridge,276.0,-0.4547142583452114,-0.5090817434280027,0.0066479608065638,-0.37917433851454846,item
155622570891853,im19,sc69,b519,-0.4845997819939655,item_ridge,348.0,-0.3484302192705804,-0.4712393146436414,0.0168972418100549,-0.484647660911293,item
144458699460193,im14,sc51,b346,-0.1222292323729122,item_ridge,451.0,-0.4547142583452114,-0.5090817434280027,0.0066479608065638,-0.1220415587663065,item
124281856096453,im20,sc89,b496,-0.1522594438024558,item_ridge,311.0,-0.6719321285344858,-1.1053539421228344,0.0112772387829762,-0.15231090995670318,item
44475004154543,im12,sc84,b414,-0.8882137773631084,item_ridge,299.0,-0.7159602082500641,-1.7759215692028727,0.0614701148056001,-0.8878204554346667,item
84752201688373,im8,sc81,b480,-0.9737401407036091,item_ridge,281.0,-0.5240268331974867,-0.98244493005407,0.0158566637101308,-0.9736366319531911,item
208217315863442,im6,sc34,b332,-0.6688898540463056,item_ridge,771.0,-0.7540643423936192,-1.1052321719674671,0.0117226556316826,-0.6686574294845751,item
221414298770311,im17,sc67,b337,-0.7968161372230103,item_ridge,242.0,-0.5825053462263596,-0.9597630819115917,0.0120962057980395,-0.7966181155568897,item
261130822587290,im2,sc6,b425,-0.1362255251591531,item_ridge,878.0,-0.7393400558468726,-1.0300616525541268,0.0204705834618003,-0.13655483702542856,item
100645067672704,im12,sc84,b414,-0.1201401236118029,item_ridge,516.0,-0.7159602082500641,-1.7759215692028727,0.0614701148056001,-0.11967875864932805,item
249181568955667,im14,sc51,b481,-0.4547142583452114,category_fe_positive_fallback,201.0,-0.4547142583452114,-0.5090817434280027,0.0066479608065638,-0.6979409003363024,sub_category
125891986033232,im5,sc78,b24,-0.056841799850303,item_ridge,799.0,-0.5329307810791537,-1.0012805344071898,0.0196419014737194,-0.0573056168543587,item
211499937091945,im20,sc57,b301,-0.2330754915646812,item_ridge,804.0,-0.6719321285344858,-1.1053539421228344,0.0112772387829762,-0.2331625623881691,item
134781519064154,im20,sc89,b546,-0.088182740286667,item_ridge,99.0,-0.6719321285344858,-1.1053539421228344,0.0112772387829762,-0.08820355261863548,item
231360605242366,im14,sc51,b122,-0.1700516121348767,item_ridge,463.0,-0.4547142583452114,-0.5090817434280027,0.0066479608065638,-0.16978750418667152,item
208611751440694,im5,sc78,b546,-1.0396533254488751,item_ridge,610.0,-0.5329307810791537,-1.0012805344071898,0.0196419014737194,-1.0398922117288416,item
202286836886376,im16,sc83,b324,-0.3424986183079361,item_ridge,489.0,-0.7311111818334803,-1.1262045944613654,0.02034177093961,-0.34284933276581986,item
250040181522452,im3,sc16,b24,-1.1824926756155216,item_ridge,441.0,-0.4340556041136897,-0.8987359235912883,0.0202666082602156,-1.1812704451144265,item
117250171936267,im17,sc67,b24,-0.0322848138674997,item_ridge,749.0,-0.5825053462263596,-0.9597630819115917,0.0120962057980395,-0.03184617285126381,item
184200676726515,im14,sc51,b283,-0.1808447501939218,item_ridge,1047.0,-0.4547142583452114,-0.5090817434280027,0.0066479608065638,-0.18037317760423233,item
107242999527368,im3,sc16,b24,-0.5039273377232201,item_ridge,499.0,-0.4340556041136897,-0.8987359235912883,0.0202666082602156,-0.5020639371231881,item
190167593289463,im6,sc34,b153,-0.5673409457285878,item_ridge,886.0,-0.7540643423936192,-1.1052321719674671,0.0117226556316826,-0.5669174545050796,item
98251097986159,im20,sc92,b520,-1.020346955585023,item_ridge,930.0,-0.6719321285344858,-1.1053539421228344,0.0112772387829762,-1.020495677837026,item
250044165306499,im7,sc33,b460,-0.7405559995475035,item_ridge,414.0,-0.712375224530957,-1.226191510591962,0.0322433928253026,-0.7410097180938163,item
191064112064008,im14,sc51,b143,-0.4636092439988339,item_ridge,148.0,-0.4547142583452114,-0.5090817434280027,0.0066479608065638,-0.4634864030926927,item
183579959725112,im14,sc51,b527,-0.1714915456815668,item_ridge,244.0,-0.4547142583452114,-0.5090817434280027,0.0066479608065638,-0.1714116990925743,item
272521022938905,im2,sc6,b166,-0.4083157439116663,item_ridge,923.0,-0.7393400558468726,-1.0300616525541268,0.0204705834618003,-0.408573064409834,item
157165866233028,im2,sc6,b425,-0.3053225840587225,item_ridge,799.0,-0.7393400558468726,-1.0300616525541268,0.0204705834618003,-0.3055687167091441,item
196219027062169,im16,sc83,b324,-0.2889469157834448,item_ridge,612.0,-0.7311111818334803,-1.1262045944613654,0.02034177093961,-0.289109637429985,item
108157232932239,im8,sc37,b546,-0.2123279701952147,item_ridge,813.0,-0.5240268331974867,-0.98244493005407,0.0158566637101308,-0.21219679451122103,item
216496028089886,im20,sc92,b153,-0.6719321285344858,category_fe_positive_fallback,675.0,-0.6719321285344858,-1.1053539421228344,0.0112772387829762,-0.504697012925296,sub_category
54310057022074,im8,sc81,b164,-1.5416476010794604,item_ridge,189.0,-0.5240268331974867,-0.98244493005407,0.0158566637101308,-1.5414386524452182,item
129323200930102,im8,sc37,b153,-0.4218452615049302,item_ridge,590.0,-0.5240268331974867,-0.98244493005407,0.0158566637101308,-0.42174379325525346,item
199341609203861,im17,sc55,b391,-0.3015207804638758,item_ridge,406.0,-0.5825053462263596,-0.9597630819115917,0.0120962057980395,-0.3011580599156988,item
40600078796222,im6,sc22,b332,-0.6475542354734497,item_ridge,840.0,-0.7540643423936192,-1.1052321719674671,0.0117226556316826,-0.6474201454952059,item
77441030447438,im14,sc51,b283,-0.4547142583452114,category_fe_positive_fallback,989.0,-0.4547142583452114,-0.5090817434280027,0.0066479608065638,-0.6979409003363024,sub_category
111807267155783,im6,sc34,b332,-0.5938566052579196,item_ridge,298.0,-0.7540643423936192,-1.1052321719674671,0.0117226556316826,-0.5933182689568505,item
130287756272114,im6,sc34,b332,-0.6411751003464298,item_ridge,968.0,-0.7540643423936192,-1.1052321719674671,0.0117226556316826,-0.6399473517791681,item
53358227044877,im11,sc54,b565,-0.5375953510209242,item_ridge,1057.0,-0.3954087848279526,-0.4174127415726866,0.0176249681656319,-0.5318524301471504,item
112245055715538,im5,sc78,b332,-0.5329307810791537,category_fe_positive_fallback,882.0,-0.5329307810791537,-1.0012805344071898,0.0196419014737194,-0.00013341553670842408,item
65137796015865,im6,sc34,b153,-0.7540643423936192,category_fe_positive_fallback,747.0,-0.7540643423936192,-1.1052321719674671,0.0117226556316826,-1.0002026257281673,sub_category
277524449957730,im6,sc34,b332,-0.2662482357787949,item_ridge,1002.0,-0.7540643423936192,-1.1052321719674671,0.0117226556316826,-0.265591294591078,item
250720344272450,im20,sc57,b332,-0.8094160826065847,item_ridge,1033.0,-0.6719321285344858,-1.1053539421228344,0.0112772387829762,-0.8098880387183426,item
199590086439241,im7,sc33,b24,-0.5041161452084701,item_ridge,497.0,-0.712375224530957,-1.226191510591962,0.0322433928253026,-0.5063124641893023,item
237300165927656,im6,sc34,b301,-0.5132600488880286,item_ridge,1006.0,-0.7540643423936192,-1.1052321719674671,0.0117226556316826,-0.5126225903473988,item
6970258212725,im14,sc51,b283,-0.1121403482989722,item_ridge,848.0,-0.4547142583452114,-0.5090817434280027,0.0066479608065638,-0.11074064441843263,item
171526647937477,im6,sc34,b332,-0.7212992321169591,item_ridge,576.0,-0.7540643423936192,-1.1052321719674671,0.0117226556316826,-0.720945126461145,item
68666392103769,im14,sc51,b283,-0.9721528556500916,item_ridge,477.0,-0.4547142583452114,-0.5090817434280027,0.0066479608065638,-0.9715140829381549,item
22618264637715,im14,sc51,b66,-0.7434046284009206,item_ridge,230.0,-0.4547142583452114,-0.5090817434280027,0.0066479608065638,-0.743079099999646,item
226721573417409,im14,sc51,b283,-0.6688793536599883,item_ridge,1070.0,-0.4547142583452114,-0.5090817434280027,0.0066479608065638,-0.6672489818556939,item
242511380293788,im17,sc67,b153,-1.1665170965583005,item_ridge,846.0,-0.5825053462263596,-0.9597630819115917,0.0120962057980395,-1.1646312855751144,item
220272398836685,im15,sc61,b43,-0.3701674932352681,category_fe_positive_fallback,930.0,-0.3701674932352681,-0.4867729418820625,0.0094473752650418,-0.37606314727235,sub_category
229844485949139,im19,sc98,b476,-1.3093185878080558,item_ridge,517.0,-0.3484302192705804,-0.4712393146436414,0.0168972418100549,-1.3094209858504173,item
149004134357731,im16,sc31,b153,-0.9334697983326006,item_ridge,834.0,-0.7311111818334803,-1.1262045944613654,0.02034177093961,-0.9342652764731086,item
50643552316946,im19,sc49,b476,-0.3484302192705804,category_fe_positive_fallback,1067.0,-0.3484302192705804,-0.4712393146436414,0.0168972418100549,-0.15646076700363776,sub_category
13383592903260,im20,sc89,b332,-0.524459147854477,item_ridge,868.0,-0.6719321285344858,-1.1053539421228344,0.0112772387829762,-0.5246216131125544,item
87985107028440,im2,sc6,b371,-1.0947644524962667,item_ridge,245.0,-0.7393400558468726,-1.0300616525541268,0.0204705834618003,-1.0949624287585629,item
229498137325741,im14,sc51,b122,-1.7671787404307338,item_ridge,367.0,-0.4547142583452114,-0.5090817434280027,0.0066479608065638,-1.7656254854175155,item
162375374443135,im16,sc30,b332,-1.1208526674433097,item_ridge,688.0,-0.7311111818334803,-1.1262045944613654,0.02034177093961,-1.1216609202436594,item
270626678767707,im17,sc55,b391,-0.5825053462263596,category_fe_positive_fallback,801.0,-0.5825053462263596,-0.9597630819115917,0.0120962057980395,-0.6443482333568126,sub_category
265192363897801,im6,sc34,b520,-1.0145630046684824,item_ridge,376.0,-0.7540643423936192,-1.1052321719674671,0.0117226556316826,-1.0143357071191426,item
274969834246390,im5,sc78,b153,-0.5329307810791537,category_fe_positive_fallback,736.0,-0.5329307810791537,-1.0012805344071898,0.0196419014737194,-0.30769732064234073,sub_category
248784925792308,im8,sc81,b332,-0.5240268331974867,category_fe_positive_fallback,795.0,-0.5240268331974867,-0.98244493005407,0.0158566637101308,-0.6501183013557981,sub_category
255197970505033,im6,sc34,b556,-0.113486744607214,item_ridge,725.0,-0.7540643423936192,-1.1052321719674671,0.0117226556316826,-0.11324064801243972,item
167917846804557,im17,sc67,b415,-0.5681713206925718,item_ridge,759.0,-0.5825053462263596,-0.9597630819115917,0.0120962057980395,-0.5673780827393263,item
46794960939830,im19,sc59,b476,-0.8154147354776285,item_ridge,576.0,-0.3484302192705804,-0.4712393146436414,0.0168972418100549,-0.815490795332567,item
181399470032847,im6,sc9,b153,-1.4520729959890406,item_ridge,844.0,-0.7540643423936192,-1.1052321719674671,0.0117226556316826,-1.4517165294288152,item
136269344147858,im2,sc6,b480,-0.7393400558468726,category_fe_positive_fallback,509.0,-0.7393400558468726,-1.0300616525541268,0.0204705834618003,-0.6985609852903643,sub_category
251557333170642,im16,sc30,b153,-1.1346752886778655,item_ridge,796.0,-0.7311111818334803,-1.1262045944613654,0.02034177093961,-1.135040604158513,item
69044176735228,im19,sc49,b476,-0.1516232574304903,item_ridge,1009.0,-0.3484302192705804,-0.4712393146436414,0.0168972418100549,-0.151756449247479,item
273225422663331,im14,sc51,b283,-0.4306687387760535,item_ridge,390.0,-0.4547142583452114,-0.5090817434280027,0.0066479608065638,-0.430406678176284,item
135775442082647,im17,sc55,b391,-0.3603240983079405,item_ridge,799.0,-0.5825053462263596,-0.9597630819115917,0.0120962057980395,-0.3594385995728693,item
99173985444052,im6,sc34,b332,-1.0890548219154952,item_ridge,346.0,-0.7540643423936192,-1.1052321719674671,0.0117226556316826,-1.0888866559090664,item
239190288121081,im14,sc51,b344,-0.6928811738626055,item_ridge,507.0,-0.4547142583452114,-0.5090817434280027,0.0066479608065638,-0.6925454087191516,item
36864094785780,im5,sc26,b114,-1.0335661683391095,item_ridge,799.0,-0.5329307810791537,-1.0012805344071898,0.0196419014737194,-1.0340124824806975,item
200383840093964,im4,sc94,b396,-0.4132349558395501,item_ridge,323.0,-0.6597748090798966,-0.6259883664315813,0.0291194429147193,-0.4131201687657347,item
2875774016995,im6,sc9,b332,-0.6294493580136266,item_ridge,983.0,-0.7540643423936192,-1.1052321719674671,0.0117226556316826,-0.629081944303763,item
202412304949177,im17,sc55,b391,-0.0588195014654782,item_ridge,795.0,-0.5825053462263596,-0.9597630819115917,0.0120962057980395,-0.05807218198685414,item
25942644156793,im14,sc51,b135,-0.1732789999775218,item_ridge,925.0,-0.4547142583452114,-0.5090817434280027,0.0066479608065638,-0.17258699620625575,item
43720651635128,im17,sc55,b391,-1.02295912683131,item_ridge,664.0,-0.5825053462263596,-0.9597630819115917,0.0120962057980395,-1.0221035669351355,item
94793582244142,im20,sc57,b153,-0.0088128869415403,item_ridge,797.0,-0.6719321285344858,-1.1053539421228344,0.0112772387829762,-0.008915759507068717,item
6289412508835,im12,sc84,b414,-1.0456150848760208,item_ridge,434.0,-0.7159602082500641,-1.7759215692028727,0.0614701148056001,-1.0450823577071204,item
151701075985508,im20,sc89,b153,-0.5010322162629696,item_ridge,861.0,-0.6719321285344858,-1.1053539421228344,0.0112772387829762,-0.5011466034208422,item
166064183242809,im4,sc40,b565,-0.8118290279134046,item_ridge,616.0,-0.6597748090798966,-0.6259883664315813,0.0291194429147193,-0.8115618105388015,item
231594606485869,im6,sc22,b24,-0.8520112137707124,item_ridge,867.0,-0.7540643423936192,-1.1052321719674671,0.0117226556316826,-0.8517580847301481,item
212588199869931,im17,sc55,b332,-0.9912530166612106,item_ridge,825.0,-0.5825053462263596,-0.9597630819115917,0.0120962057980395,-0.990350245519081,item
94794758286384,im16,sc83,b324,-0.0482845368332733,item_ridge,804.0,-0.7311111818334803,-1.1262045944613654,0.02034177093961,-0.04865004416811508,item
123113641272934,im2,sc87,b496,-0.6454988259483385,item_ridge,70.0,-0.7393400558468726,-1.0300616525541268,0.0204705834618003,-0.6456184072249732,item
38000748078213,im6,sc34,b332,-0.5927317968546624,item_ridge,872.0,-0.7540643423936192,-1.1052321719674671,0.0117226556316826,-0.5924282777211082,item
217417184316879,im2,sc6,b371,-0.6625631138666508,item_ridge,632.0,-0.7393400558468726,-1.0300616525541268,0.0204705834618003,-0.6627975722411616,item
41222129535492,im6,sc9,b153,-0.8084655839876393,item_ridge,443.0,-0.7540643423936192,-1.1052321719674671,0.0117226556316826,-0.8083434548494455,item
87570392715049,im14,sc51,b122,-0.8312596015405489,item_ridge,325.0,-0.4547142583452114,-0.5090817434280027,0.0066479608065638,-0.8310746577318568,item
273425872609997,im14,sc51,b344,-0.5245980257361924,item_ridge,365.0,-0.4547142583452114,-0.5090817434280027,0.0066479608065638,-0.5241912858469665,item
237682355056515,im16,sc75,b551,-0.7469879971208976,item_ridge,803.0,-0.7311111818334803,-1.1262045944613654,0.02034177093961,-0.7473772071469608,item
187848719635605,im14,sc51,b344,-0.4722517497868167,item_ridge,740.0,-0.4547142583452114,-0.5090817434280027,0.0066479608065638,-0.4719466948698977,item
259923697000098,im12,sc84,b414,-0.1855624161940793,item_ridge,355.0,-0.7159602082500641,-1.7759215692028727,0.0614701148056001,-0.18509275330062494,item
204784549381122,im5,sc78,b546,-0.8659261784162015,item_ridge,376.0,-0.5329307810791537,-1.0012805344071898,0.0196419014737194,-0.86615685554565,item
118401117569635,im8,sc37,b324,-0.9761000732684848,item_ridge,468.0,-0.5240268331974867,-0.98244493005407,0.0158566637101308,-0.9759978333971364,item
146689327018554,im17,sc67,b24,-0.7154538391598467,item_ridge,835.0,-0.5825053462263596,-0.9597630819115917,0.0120962057980395,-0.714859774161481,item
113479005255177,im14,sc51,b122,-0.0751306185447388,item_ridge,702.0,-0.4547142583452114,-0.5090817434280027,0.0066479608065638,-0.0747852991085842,item
94010605595852,im5,sc26,b155,-0.7193622921265975,item_ridge,518.0,-0.5329307810791537,-1.0012805344071898,0.0196419014737194,-0.7195801261846944,item
93480855150846,im14,sc51,b122,-0.6913864126505984,item_ridge,469.0,-0.4547142583452114,-0.5090817434280027,0.0066479608065638,-0.6911741708627639,item
42059717960577,im20,sc72,b24,-0.321272541511251,item_ridge,721.0,-0.6719321285344858,-1.1053539421228344,0.0112772387829762,-0.32134129521243904,item
11333613691141,im8,sc37,b395,-0.5157752369404661,item_ridge,791.0,-0.5240268331974867,-0.98244493005407,0.0158566637101308,-0.5156151254438257,item
257642855383436,im14,sc51,b367,-1.2904610531316296,item_ridge,346.0,-0.4547142583452114,-0.5090817434280027,0.0066479608065638,-1.2901976276329024,item
169099351572753,im7,sc33,b332,-0.470628869237959,item_ridge,409.0,-0.712375224530957,-1.226191510591962,0.0322433928253026,-0.471401796850043,item
128711411305954,im3,sc16,b391,-0.5237056175938376,item_ridge,518.0,-0.4340556041136897,-0.8987359235912883,0.0202666082602156,-0.5224182682545685,item
199914487744867,im17,sc55,b505,-0.952264034696035,item_ridge,657.0,-0.5825053462263596,-0.9597630819115917,0.0120962057980395,-0.9515075032669802,item
228760116606885,im3,sc16,b24,-0.860553632565188,item_ridge,633.0,-0.4340556041136897,-0.8987359235912883,0.0202666082602156,-0.8573928643430953,item
181072202049958,im6,sc34,b153,-0.2207530615533562,item_ridge,643.0,-0.7540643423936192,-1.1052321719674671,0.0117226556316826,-0.22048987491727803,item
1273773874044,im6,sc34,b218,-0.5198057513658174,item_ridge,126.0,-0.7540643423936192,-1.1052321719674671,0.0117226556316826,-0.5197493542295154,item
42584710114148,im14,sc51,b66,-0.947148125040748,item_ridge,626.0,-0.4547142583452114,-0.5090817434280027,0.0066479608065638,-0.9468696856534916,item
109324818115866,im20,sc92,b153,-0.0630951716677906,item_ridge,522.0,-0.6719321285344858,-1.1053539421228344,0.0112772387829762,-0.06314259503231208,item
6517680099937,im16,sc31,b520,-0.3003681796866628,item_ridge,830.0,-0.7311111818334803,-1.1262045944613654,0.02034177093961,-0.3006941347109308,item
27861206603297,im19,sc69,b63,-0.0804453590438849,item_ridge,347.0,-0.3484302192705804,-0.4712393146436414,0.0168972418100549,-0.08048691433062163,item
171746468529115,im16,sc75,b551,-0.5469721748018423,item_ridge,800.0,-0.7311111818334803,-1.1262045944613654,0.02034177093961,-0.5472182838357561,item
169076467441036,im9,sc39,b316,-0.8053983959507449,item_ridge,593.0,-0.6990257650229246,-0.3020684723539735,0.0133293137954538,-0.8069851680518412,item
154956643745352,im14,sc2,b169,-0.5574426076484224,item_ridge,622.0,-0.4547142583452114,-0.5090817434280027,0.0066479608065638,-0.5571757043904147,item
36403133233064,im14,sc51,b283,-0.3082408664196568,item_ridge,631.0,-0.4547142583452114,-0.5090817434280027,0.0066479608065638,-0.30799996175372263,item
5579587713952,im20,sc57,b153,-0.4850942246598938,item_ridge,381.0,-0.6719321285344858,-1.1053539421228344,0.0112772387829762,-0.4851327615614004,item
263594824296431,im14,sc51,b283,-0.7313451137045993,item_ridge,212.0,-0.4547142583452114,-0.5090817434280027,0.0066479608065638,-0.7312427462828143,item
99451003871940,im2,sc6,b480,-1.0132551081592038,item_ridge,83.0,-0.7393400558468726,-1.0300616525541268,0.0204705834618003,-1.0133334230934303,item
220764657729757,im20,sc72,b301,-0.3256866591956673,item_ridge,874.0,-0.6719321285344858,-1.1053539421228344,0.0112772387829762,-0.32574942728051587,item
153665633199645,im8,sc37,b546,-0.2189341204948571,item_ridge,222.0,-0.5240268331974867,-0.98244493005407,0.0158566637101308,-0.21884731305691968,item
277704720683831,im14,sc51,b283,-0.3588038680833331,item_ridge,609.0,-0.4547142583452114,-0.5090817434280027,0.0066479608065638,-0.358546584629913,item
175131193104788,im6,sc9,b332,-0.6815854103785867,item_ridge,696.0,-0.7540643423936192,-1.1052321719674671,0.0117226556316826,-0.6814461763190761,item
256998626429781,im20,sc92,b551,-0.3314182761341594,item_ridge,799.0,-0.6719321285344858,-1.1053539421228344,0.0112772387829762,-0.33149989593840457,item
72531265585541,im4,sc3,b496,-0.8683233636948863,item_ridge,249.0,-0.6597748090798966,-0.6259883664315813,0.0291194429147193,-0.868235668759979,item
257161463373437,im20,sc92,b24,-0.1446370397379299,item_ridge,160.0,-0.6719321285344858,-1.1053539421228344,0.0112772387829762,-0.14466317097960546,item
215867180259153,im20,sc57,b348,-0.4119619343365411,item_ridge,108.0,-0.6719321285344858,-1.1053539421228344,0.0112772387829762,-0.41198321831561635,item
54615407893408,im8,sc81,b301,-0.5240268331974867,category_fe_low_n,,-0.5240268331974867,-0.98244493005407,0.0158566637101308,-0.6501183013557981,sub_category
252301938860812,im14,sc51,b169,-0.5249006892367917,item_ridge,140.0,-0.4547142583452114,-0.5090817434280027,0.0066479608065638,-0.5247096033827927,item
144650869493366,im19,sc36,b188,-0.5061513194565959,item_ridge,222.0,-0.3484302192705804,-0.4712393146436414,0.0168972418100549,-0.5061860298540883,item
229122726210360,im20,sc57,b153,-0.7068595677570358,item_ridge,703.0,-0.6719321285344858,-1.1053539421228344,0.0112772387829762,-0.7069318042920774,item
43674745588476,im20,sc57,b520,-0.3060421647216351,item_ridge,677.0,-0.6719321285344858,-1.1053539421228344,0.0112772387829762,-0.30617567331765033,item
92400554356182,im5,sc26,b114,-0.5825863192269509,item_ridge,119.0,-0.5329307810791537,-1.0012805344071898,0.0196419014737194,-0.5828385481363254,item
260919871343056,im14,sc51,b459,-0.1795353011821122,item_ridge,220.0,-0.4547142583452114,-0.5090817434280027,0.0066479608065638,-0.17940700068014162,item
190506328384878,im14,sc51,b122,-1.569755276264453,item_ridge,182.0,-0.4547142583452114,-0.5090817434280027,0.0066479608065638,-1.5696529088426683,item
95034233363370,im16,sc30,b153,-0.1417691209609868,item_ridge,840.0,-0.7311111818334803,-1.1262045944613654,0.02034177093961,-0.1420192357757288,item
361263665728,im6,sc9,b556,-0.6705658605867703,item_ridge,937.0,-0.7540643423936192,-1.1052321719674671,0.0117226556316826,-0.6703883115035124,item
86975271317503,im6,sc34,b218,-0.161561916532447,item_ridge,244.0,-0.7540643423936192,-1.1052321719674671,0.0117226556316826,-0.16151508981927507,item
79971319141371,im14,sc51,b481,-0.2140965236445632,item_ridge,110.0,-0.4547142583452114,-0.5090817434280027,0.0066479608065638,-0.2138897414525577,item
104207181788078,im17,sc67,b332,-0.6628413276477796,item_ridge,806.0,-0.5825053462263596,-0.9597630819115917,0.0120962057980395,-0.6624452843155345,item
72794310517952,im19,sc36,b519,-0.0794073765943196,item_ridge,684.0,-0.3484302192705804,-0.4712393146436414,0.0168972418100549,-0.07945230477116133,item
112871975359481,im6,sc34,b520,-0.2065131009496433,item_ridge,502.0,-0.7540643423936192,-1.1052321719674671,0.0117226556316826,-0.20645260220342793,item
157776210596023,im20,sc92,b24,-0.2390769440868808,item_ridge,743.0,-0.6719321285344858,-1.1053539421228344,0.0112772387829762,-0.2391354974247083,item
242614905740039,im3,sc16,b24,-0.5734715182924106,item_ridge,572.0,-0.4340556041136897,-0.8987359235912883,0.0202666082602156,-0.5716732365305529,item
141921903687490,im14,sc51,b122,-1.2475658762229926,item_ridge,331.0,-0.4547142583452114,-0.5090817434280027,0.0066479608065638,-1.247320194410709,item
82068978211116,im20,sc72,b24,-0.1943056390178849,item_ridge,783.0,-0.6719321285344858,-1.1053539421228344,0.0112772387829762,-0.19436873064956262,item
97669030207761,im20,sc57,b546,-0.4713755912682836,item_ridge,698.0,-0.6719321285344858,-1.1053539421228344,0.0112772387829762,-0.4714205778604193,item
27458540919948,im20,sc57,b262,-0.0880776723388245,item_ridge,362.0,-0.6719321285344858,-1.1053539421228344,0.0112772387829762,-0.08810153619415079,item
216429057873604,im6,sc34,b332,-2.816340273794917,item_ridge,938.0,-0.7540643423936192,-1.1052321719674671,0.0117226556316826,-2.8149966547476217,item
128038317083629,im19,sc69,b565,-0.3484302192705804,category_fe_positive_fallback,908.0,-0.3484302192705804,-0.4712393146436414,0.0168972418100549,-0.34042361665531085,main_category
75451714656360,im17,sc67,b153,-1.66406486177311,item_ridge,540.0,-0.5825053462263596,-0.9597630819115917,0.0120962057980395,-1.6622147407413745,item
196272372272344,im14,sc51,b283,-0.42660813494417,item_ridge,1059.0,-0.4547142583452114,-0.5090817434280027,0.0066479608065638,-0.42374457693210604,item
25733592903066,im14,sc51,b283,-0.3644990725801642,item_ridge,1046.0,-0.4547142583452114,-0.5090817434280027,0.0066479608065638,-0.3623336603846738,item
180006139133982,im6,sc9,b153,-1.1572395128850903,item_ridge,990.0,-0.7540643423936192,-1.1052321719674671,0.0117226556316826,-1.1561331665743804,item
262971944003716,im14,sc51,b122,-0.3484975005475565,item_ridge,175.0,-0.4547142583452114,-0.5090817434280027,0.0066479608065638,-0.3479617777068824,item
141618289257410,im3,sc16,b24,-1.2751161351607505,item_ridge,681.0,-0.4340556041136897,-0.8987359235912883,0.0202666082602156,-1.267807797861166,item
56786944202282,im6,sc34,b332,-0.7540643423936192,category_fe_positive_fallback,502.0,-0.7540643423936192,-1.1052321719674671,0.0117226556316826,-1.0002026257281673,sub_category
32636123687386,im14,sc51,b283,-0.4083370916316198,item_ridge,1014.0,-0.4547142583452114,-0.5090817434280027,0.0066479608065638,-0.4074321636230404,item
6572744456707,im5,sc78,b164,-0.911531582606846,item_ridge,783.0,-0.5329307810791537,-1.0012805344071898,0.0196419014737194,-0.9122818989638504,item
216188503886687,im15,sc61,b43,-0.2754168914855071,item_ridge,932.0,-0.3701674932352681,-0.4867729418820625,0.0094473752650418,-0.2754431720754377,item
73346149704601,im6,sc34,b24,-0.5290588334948158,item_ridge,896.0,-0.7540643423936192,-1.1052321719674671,0.0117226556316826,-0.5283977906971856,item
159734430007289,im6,sc34,b153,-0.4118390513235865,item_ridge,155.0,-0.7540643423936192,-1.1052321719674671,0.0117226556316826,-0.41169857118406866,item
65945353505635,im16,sc30,b153,-0.7923371028760675,item_ridge,372.0,-0.7311111818334803,-1.1262045944613654,0.02034177093961,-0.7926783925493853,item
242261139945326,im16,sc83,b324,-0.5208981986666489,item_ridge,729.0,-0.7311111818334803,-1.1262045944613654,0.02034177093961,-0.5216162695689954,item
112186534043649,im19,sc59,b476,-0.3138494082848396,item_ridge,1065.0,-0.3484302192705804,-0.4712393146436414,0.0168972418100549,-0.3140303679790099,item
82137393023375,im7,sc33,b520,-0.5340478123647586,item_ridge,941.0,-0.712375224530957,-1.226191510591962,0.0322433928253026,-0.5370190665618615,item
247316806694150,im5,sc78,b541,-0.5329307810791537,category_fe_positive_fallback,805.0,-0.5329307810791537,-1.0012805344071898,0.0196419014737194,-0.30769732064234073,sub_category
20211508201120,im20,sc89,b520,-0.6719321285344858,category_fe_positive_fallback,600.0,-0.6719321285344858,-1.1053539421228344,0.0112772387829762,-0.7049611698243912,sub_category
225990138262107,im19,sc59,b135,-0.5511989860410147,item_ridge,723.0,-0.3484302192705804,-0.4712393146436414,0.0168972418100549,-0.5513358638939121,item
134987318220552,im19,sc69,b63,-0.29683163478159,item_ridge,583.0,-0.3484302192705804,-0.4712393146436414,0.0168972418100549,-0.2970004154932993,item
71940907335782,im17,sc67,b153,-0.315128992671715,item_ridge,936.0,-0.5825053462263596,-0.9597630819115917,0.0120962057980395,-0.3138856008146679,item
18272996248354,im17,sc67,b332,-0.60275932254851,item_ridge,429.0,-0.5825053462263596,-0.9597630819115917,0.0120962057980395,-0.6021859807477605,item
85593091490251,im14,sc51,b169,-0.8664282042911688,item_ridge,270.0,-0.4547142583452114,-0.5090817434280027,0.0066479608065638,-0.8661245142732047,item
229408434568855,im15,sc61,b350,-0.3701674932352681,category_fe_positive_fallback,606.0,-0.3701674932352681,-0.4867729418820625,0.0094473752650418,-0.37606314727235,sub_category
242329939876797,im6,sc34,b332,-0.733797642418384,item_ridge,701.0,-0.7540643423936192,-1.1052321719674671,0.0117226556316826,-0.7335033519071347,item
12595411590119,im20,sc89,b520,-0.6719321285344858,category_fe_positive_fallback,702.0,-0.6719321285344858,-1.1053539421228344,0.0112772387829762,-0.7049611698243912,sub_category
62119429706493,im14,sc99,b353,-0.4547142583452114,category_fe_positive_fallback,154.0,-0.4547142583452114,-0.5090817434280027,0.0066479608065638,-0.7841611611925259,sub_category
227823595829373,im5,sc26,b218,-0.5696986393498679,item_ridge,542.0,-0.5329307810791537,-1.0012805344071898,0.0196419014737194,-0.570062242063382,item
133036595670461,im16,sc30,b332,-1.3225557206396554,item_ridge,690.0,-0.7311111818334803,-1.1262045944613654,0.02034177093961,-1.3233091453155916,item
278201155723394,im8,sc37,b510,-0.2979357706445239,item_ridge,876.0,-0.5240268331974867,-0.98244493005407,0.0158566637101308,-0.29741916993608913,item
1590287234780,im14,sc51,b169,-0.8212414087776949,item_ridge,188.0,-0.4547142583452114,-0.5090817434280027,0.0066479608065638,-0.820862649317091,item
280534814402786,im6,sc34,b520,-0.5672601918706405,item_ridge,298.0,-0.7540643423936192,-1.1052321719674671,0.0117226556316826,-0.5671139011170776,item
182952651036105,im9,sc44,b224,-0.436638899517621,item_ridge,695.0,-0.6990257650229246,-0.3020684723539735,0.0133293137954538,-0.43904734841122944,item
150559803859725,im20,sc57,b153,-1.169654848238252,item_ridge,719.0,-0.6719321285344858,-1.1053539421228344,0.0112772387829762,-1.1699034838119897,item
44199333801954,im20,sc57,b301,-0.495498923150072,item_ridge,922.0,-0.6719321285344858,-1.1053539421228344,0.0112772387829762,-0.49562727199358364,item
82739463347853,im6,sc34,b332,-0.5699973831925882,item_ridge,319.0,-0.7540643423936192,-1.1052321719674671,0.0117226556316826,-0.5698811709117215,item
24811068671471,im6,sc34,b218,-0.2995815833052587,item_ridge,378.0,-0.7540643423936192,-1.1052321719674671,0.0117226556316826,-0.2994725488417407,item
161078459152874,im7,sc11,b546,-1.159132856370111,item_ridge,562.0,-0.712375224530957,-1.226191510591962,0.0322433928253026,-1.1607577838516845,item
183315263393486,im20,sc89,b460,-0.6719321285344858,category_fe_positive_fallback,589.0,-0.6719321285344858,-1.1053539421228344,0.0112772387829762,-0.7049611698243912,sub_category
61240627085683,im14,sc51,b66,-1.35605605438986,item_ridge,367.0,-0.4547142583452114,-0.5090817434280027,0.0066479608065638,-1.35570937005475,item
60762587057768,im14,sc51,b239,-1.511662895794673,item_ridge,803.0,-0.4547142583452114,-0.5090817434280027,0.0066479608065638,-1.5104570075660424,item
195147325417342,im7,sc33,b520,-0.131189472648617,item_ridge,346.0,-0.712375224530957,-1.226191510591962,0.0322433928253026,-0.13171948015404614,item
226696851061637,im6,sc34,b218,-0.424352777500372,item_ridge,144.0,-0.7540643423936192,-1.1052321719674671,0.0117226556316826,-0.4242632256839401,item
233182540777858,im2,sc6,b371,-0.5126099623011484,item_ridge,514.0,-0.7393400558468726,-1.0300616525541268,0.0204705834618003,-0.5128959820609276,item
21145435249874,im17,sc67,b415,-0.7031884128289911,item_ridge,1038.0,-0.5825053462263596,-0.9597630819115917,0.0120962057980395,-0.7027797053204249,item
263938134668895,im15,sc63,b547,-0.9243639983995788,item_ridge,872.0,-0.3701674932352681,-0.4867729418820625,0.0094473752650418,-0.9243805627190157,item
269283901533897,im2,sc6,b371,-0.6501086982913961,item_ridge,216.0,-0.7393400558468726,-1.0300616525541268,0.0204705834618003,-0.6502424660361924,item
259663432277214,im14,sc51,b344,-1.2430999651805892,item_ridge,266.0,-0.4547142583452114,-0.5090817434280027,0.0066479608065638,-1.2425860807232276,item
50447404444104,im2,sc6,b166,-0.7393400558468726,category_fe_positive_fallback,731.0,-0.7393400558468726,-1.0300616525541268,0.0204705834618003,-0.6985609852903643,sub_category
185604738908520,im7,sc99,b24,-0.2015235648450087,item_ridge,795.0,-0.712375224530957,-1.226191510591962,0.0322433928253026,-0.20311261239977557,item
168843174919580,im16,sc83,b332,-0.4886830658103275,item_ridge,153.0,-0.7311111818334803,-1.1262045944613654,0.02034177093961,-0.4888346927991483,item
190829409202652,im16,sc97,b332,-0.4922338901314639,item_ridge,701.0,-0.7311111818334803,-1.1262045944613654,0.02034177093961,-0.4926170855795871,item
135660498433893,im6,sc9,b520,-0.2423187715083266,item_ridge,378.0,-0.7540643423936192,-1.1052321719674671,0.0117226556316826,-0.2422171682757105,item
84940183729311,im3,sc16,b549,-1.410436248401478,item_ridge,532.0,-0.4340556041136897,-0.8987359235912883,0.0202666082602156,-1.4088934328509133,item
236716477392087,im7,sc33,b24,-0.3392075306894663,item_ridge,903.0,-0.712375224530957,-1.226191510591962,0.0322433928253026,-0.34052251143210277,item
55038264446398,im14,sc51,b481,-0.7283438002216944,item_ridge,456.0,-0.4547142583452114,-0.5090817434280027,0.0066479608065638,-0.7281192743432459,item
257138288397608,im19,sc62,b515,-0.3126343116285662,item_ridge,407.0,-0.3484302192705804,-0.4712393146436414,0.0168972418100549,-0.31272045865201337,item
278023435100478,im15,sc65,b549,-0.0108336404946214,item_ridge,272.0,-0.3701674932352681,-0.4867729418820625,0.0094473752650418,-0.010839932950844644,item
68704763249715,im14,sc51,b459,-0.3143630567888392,item_ridge,225.0,-0.4547142583452114,-0.5090817434280027,0.0066479608065638,-0.3141712884853621,item
88376531051105,im8,sc81,b395,-0.9925164739123546,item_ridge,803.0,-0.5240268331974867,-0.98244493005407,0.0158566637101308,-0.992271992423493,item
78876662581754,im14,sc51,b169,-1.5011846858073887,item_ridge,176.0,-0.4547142583452114,-0.5090817434280027,0.0066479608065638,-1.5010038366955691,item
56325754744231,im20,sc57,b520,-0.6897260883140753,item_ridge,927.0,-0.6719321285344858,-1.1053539421228344,0.0112772387829762,-0.6898312182713244,item
29141408660208,im3,sc16,b24,-0.6310155608396323,item_ridge,216.0,-0.4340556041136897,-0.8987359235912883,0.0202666082602156,-0.6301239336708017,item
84901225785357,im15,sc61,b43,-0.1554147996166245,item_ridge,930.0,-0.3701674932352681,-0.4867729418820625,0.0094473752650418,-0.1554302054796873,item
213155150086388,im8,sc81,b153,-0.4337190238714858,item_ridge,847.0,-0.5240268331974867,-0.98244493005407,0.0158566637101308,-0.4335150961840941,item
161639561864038,im20,sc89,b332,-0.6719321285344858,category_fe_positive_fallback,751.0,-0.6719321285344858,-1.1053539421228344,0.0112772387829762,-0.7049611698243912,sub_category
75130432947061,im20,sc89,b153,-0.7826595098595306,item_ridge,933.0,-0.6719321285344858,-1.1053539421228344,0.0112772387829762,-0.7827771237355381,item
151728918589035,im20,sc89,b244,-0.7943468992550696,item_ridge,151.0,-0.6719321285344858,-1.1053539421228344,0.0112772387829762,-0.7943788437646054,item
182428253384412,im17,sc55,b391,-0.0341530284025916,item_ridge,796.0,-0.5825053462263596,-0.9597630819115917,0.0120962057980395,-0.033612977808639866,item
90890827946134,im14,sc51,b169,-0.5187672150643613,item_ridge,182.0,-0.4547142583452114,-0.5090817434280027,0.0066479608065638,-0.5184280376735135,item
240636278501005,im4,sc94,b498,-0.8896105004721764,item_ridge,785.0,-0.6597748090798966,-0.6259883664315813,0.0291194429147193,-0.8893220611584852,item
191583886188344,im2,sc6,b425,-0.8707696541720674,item_ridge,807.0,-0.7393400558468726,-1.0300616525541268,0.0204705834618003,-0.871162688127679,item
89081474512986,im6,sc9,b153,-0.0445412884767908,item_ridge,332.0,-0.7540643423936192,-1.1052321719674671,0.0117226556316826,-0.04446260583873799,item
38069159201644,im3,sc16,b24,-0.7070604590002536,item_ridge,544.0,-0.4340556041136897,-0.8987359235912883,0.0202666082602156,-0.7051469669862444,item
226561380026334,im14,sc51,b122,-1.0121989288244138,item_ridge,357.0,-0.4547142583452114,-0.5090817434280027,0.0066479608065638,-1.0117962836320575,item
205005268225614,im20,sc93,b546,-0.6943796990025051,item_ridge,786.0,-0.6719321285344858,-1.1053539421228344,0.0112772387829762,-0.6944406922045115,item
218288726166563,im14,sc51,b169,-0.790427092416318,item_ridge,159.0,-0.4547142583452114,-0.5090817434280027,0.0066479608065638,-0.7902537502487614,item
65850976463126,im6,sc34,b153,-0.6251518072393982,item_ridge,863.0,-0.7540643423936192,-1.1052321719674671,0.0117226556316826,-0.6250113270998805,item
177867612436569,im5,sc78,b541,-0.9898099101012012,item_ridge,642.0,-0.5329307810791537,-1.0012805344071898,0.0196419014737194,-0.9901193950755882,item
127923727173915,im20,sc57,b262,-0.4038230315780428,item_ridge,362.0,-0.6719321285344858,-1.1053539421228344,0.0112772387829762,-0.4038504427632156,item
113572203404663,im14,sc51,b481,-0.3502278671671809,item_ridge,459.0,-0.4547142583452114,-0.5090817434280027,0.0066479608065638,-0.35002313232361143,item
127777160633575,im19,sc69,b63,-0.3484302192705804,category_fe_positive_fallback,337.0,-0.3484302192705804,-0.4712393146436414,0.0168972418100549,-0.34042361665531085,main_category
221499228776005,im14,sc2,b481,-1.869296068504656,item_ridge,203.0,-0.4547142583452114,-0.5090817434280027,0.0066479608065638,-1.8689656818630263,item
44062329049750,im9,sc58,b224,-0.4151809703631669,item_ridge,191.0,-0.6990257650229246,-0.3020684723539735,0.0133293137954538,-0.4160945174709712,item
66023766104592,im6,sc34,b546,-0.5914487488548429,item_ridge,472.0,-0.7540643423936192,-1.1052321719674671,0.0117226556316826,-0.5913362963830647,item
42267357251180,im14,sc51,b283,-0.5661421820375826,item_ridge,809.0,-0.4547142583452114,-0.5090817434280027,0.0066479608065638,-0.565588033060986,item
233383153405343,im14,sc51,b66,-0.2912058155300938,item_ridge,403.0,-0.4547142583452114,-0.5090817434280027,0.0066479608065638,-0.29097241780842387,item
212359210428973,im17,sc67,b153,-0.4022017178741791,item_ridge,325.0,-0.5825053462263596,-0.9597630819115917,0.0120962057980395,-0.401904685374997,item
60338064849324,im20,sc89,b153,-0.2031684426476779,item_ridge,959.0,-0.6719321285344858,-1.1053539421228344,0.0112772387829762,-0.20326379216855603,item
197049000930149,im16,sc75,b332,-1.384268853411566,item_ridge,813.0,-0.7311111818334803,-1.1262045944613654,0.02034177093961,-1.3847400997822699,item
206871238538442,im16,sc83,b153,-0.7311111818334803,category_fe_positive_fallback,826.0,-0.7311111818334803,-1.1262045944613654,0.02034177093961,-0.5529884842673374,sub_category
181211557047295,im20,sc57,b24,-0.5723919862238248,item_ridge,783.0,-0.6719321285344858,-1.1053539421228344,0.0112772387829762,-0.5724751872329363,item
5944804569421,im16,sc30,b153,-0.4360635743593982,item_ridge,348.0,-0.7311111818334803,-1.1262045944613654,0.02034177093961,-0.43617384665456777,item
258723735380771,im5,sc25,b164,-0.3755038986444663,item_ridge,372.0,-0.5329307810791537,-1.0012805344071898,0.0196419014737194,-0.3758140140473245,item
63291511255262,im2,sc6,b520,-0.6435152480074863,item_ridge,796.0,-0.7393400558468726,-1.0300616525541268,0.0204705834618003,-0.6438071049052189,item
201395881801089,im14,sc51,b344,-0.4547142583452114,category_fe_low_n,25.0,-0.4547142583452114,-0.5090817434280027,0.0066479608065638,-0.2262194191102017,item
136951361910511,im3,sc16,b332,-0.5440954562563912,item_ridge,896.0,-0.4340556041136897,-0.8987359235912883,0.0202666082602156,-0.5410899714176322,item
168696113057303,im14,sc51,b394,-0.9439277991422848,item_ridge,83.0,-0.4547142583452114,-0.5090817434280027,0.0066479608065638,-0.9438431754069422,item
264535212073572,im8,sc37,b164,-0.5240268331974867,category_fe_positive_fallback,276.0,-0.5240268331974867,-0.98244493005407,0.0158566637101308,-0.48157631529870026,sub_category
263375841310463,im20,sc92,b153,-0.4554972857662048,item_ridge,179.0,-0.6719321285344858,-1.1053539421228344,0.0112772387829762,-0.45551615832963654,item
32493817078725,im3,sc16,b24,-0.3944221514679152,item_ridge,272.0,-0.4340556041136897,-0.8987359235912883,0.0202666082602156,-0.3937409082377963,item
68993858578946,im20,sc89,b153,-0.2481725590765807,item_ridge,393.0,-0.6719321285344858,-1.1053539421228344,0.0112772387829762,-0.24821369973279694,item
248026461387288,im6,sc34,b218,-0.594357817637671,item_ridge,543.0,-0.7540643423936192,-1.1052321719674671,0.0117226556316826,-0.5942265661204577,item
217235468274178,im4,sc94,b395,-0.4327191144099465,item_ridge,428.0,-0.6597748090798966,-0.6259883664315813,0.0291194429147193,-0.43256984916743946,item
139237670308749,im20,sc57,b301,-0.6007231064536175,item_ridge,155.0,-0.6719321285344858,-1.1053539421228344,0.0112772387829762,-0.6007434229790982,item
114903631991043,im8,sc37,b201,-0.2498038654818738,item_ridge,699.0,-0.5240268331974867,-0.98244493005407,0.0158566637101308,-0.24955115938476805,item
1687354230478,im17,sc67,b301,-0.2831423942400822,item_ridge,585.0,-0.5825053462263596,-0.9597630819115917,0.0120962057980395,-0.2828775978260811,item
222434064907901,im15,sc61,b43,-0.8399042851418035,item_ridge,933.0,-0.3701674932352681,-0.4867729418820625,0.0094473752650418,-0.8399159244979042,item
22231392240245,im6,sc34,b332,-0.9491994164091894,item_ridge,272.0,-0.7540643423936192,-1.1052321719674671,0.0117226556316826,-0.9490900401448468,item
68240387769197,im20,sc57,b332,-0.5962799412050709,item_ridge,201.0,-0.6719321285344858,-1.1053539421228344,0.0112772387829762,-0.5963042887871939,item
113327108860561,im4,sc40,b565,-0.300247196740756,item_ridge,776.0,-0.6597748090798966,-0.6259883664315813,0.0291194429147193,-0.30000122081087605,item
83518560254144,im16,sc83,b218,-0.7311111818334803,category_fe_positive_fallback,530.0,-0.7311111818334803,-1.1262045944613654,0.02034177093961,-0.5529884842673374,sub_category
254570946518395,im20,sc57,b332,-0.5050266871522758,item_ridge,219.0,-0.6719321285344858,-1.1053539421228344,0.0112772387829762,-0.5050476486468187,item
84386843204830,im6,sc34,b332,-1.9582128442464453,item_ridge,651.0,-0.7540643423936192,-1.1052321719674671,0.0117226556316826,-1.9568329943115788,item
108943076297895,im11,sc54,b565,-0.5063638299004258,item_ridge,1064.0,-0.3954087848279526,-0.4174127415726866,0.0176249681656319,-0.49870870339359974,item
184617785246291,im6,sc34,b332,-0.8090549476405585,item_ridge,1006.0,-0.7540643423936192,-1.1052321719674671,0.0117226556316826,-0.8078436055129463,item
248986139630276,im6,sc22,b332,-0.7845631680968591,item_ridge,808.0,-0.7540643423936192,-1.1052321719674671,0.0117226556316826,-0.7835913578208584,item
7207872307743,im19,sc59,b476,-0.9503855344506272,item_ridge,917.0,-0.3484302192705804,-0.4712393146436414,0.0168972418100549,-0.9506382205305962,item
92410086183971,im17,sc67,b332,-1.1971146152510792,item_ridge,557.0,-0.5825053462263596,-0.9597630819115917,0.0120962057980395,-1.1937517007932703,item
270825290582371,im5,sc78,b153,-0.5329307810791537,category_fe_positive_fallback,837.0,-0.5329307810791537,-1.0012805344071898,0.0196419014737194,-0.30769732064234073,sub_category
223555751970975,im17,sc77,b153,-0.5573186285212381,item_ridge,681.0,-0.5825053462263596,-0.9597630819115917,0.0120962057980395,-0.5559512599120102,item
262839123975955,im8,sc37,b153,-0.587749266440149,item_ridge,522.0,-0.5240268331974867,-0.98244493005407,0.0158566637101308,-0.587517779938983,item
133064349676525,im14,sc99,b169,-0.1703977547626614,item_ridge,762.0,-0.4547142583452114,-0.5090817434280027,0.0066479608065638,-0.16921822017525934,item
51150197298052,im9,sc58,b224,-0.6990257650229246,category_fe_positive_fallback,240.0,-0.6990257650229246,-0.3020684723539735,0.0133293137954538,-0.6004875735489288,sub_category
82812074749458,im14,sc51,b283,-0.5357251225268066,item_ridge,1062.0,-0.4547142583452114,-0.5090817434280027,0.0066479608065638,-0.5344011705383878,item
92314099786343,im14,sc51,b283,-0.3976145073031812,item_ridge,982.0,-0.4547142583452114,-0.5090817434280027,0.0066479608065638,-0.3958954170666726,item
97447041664339,im8,sc81,b332,-0.501926152474566,item_ridge,934.0,-0.5240268331974867,-0.98244493005407,0.0158566637101308,-0.5011652859136527,item
270950929929821,im20,sc89,b546,-2.378618239813018,item_ridge,449.0,-0.6719321285344858,-1.1053539421228344,0.0112772387829762,-2.3787495672410985,item
171547641991926,im20,sc57,b332,-0.8864124548968457,item_ridge,488.0,-0.6719321285344858,-1.1053539421228344,0.0112772387829762,-0.8865698273481863,item
103667549386433,im6,sc34,b301,-0.5360236402505328,item_ridge,775.0,-0.7540643423936192,-1.1052321719674671,0.0117226556316826,-0.5356408233253284,item
147467237707047,im20,sc92,b153,-0.8253560327732834,item_ridge,807.0,-0.6719321285344858,-1.1053539421228344,0.0112772387829762,-0.8255394353768915,item
144106125993072,im14,sc51,b122,-0.4547142583452114,category_fe_positive_fallback,325.0,-0.4547142583452114,-0.5090817434280027,0.0066479608065638,-0.6979409003363024,sub_category
171511240790524,im14,sc51,b122,-1.5656664270817109,item_ridge,357.0,-0.4547142583452114,-0.5090817434280027,0.0066479608065638,-1.5646427528638625,item
184722388011805,im16,sc30,b153,-1.3275854853311742,item_ridge,803.0,-0.7311111818334803,-1.1262045944613654,0.02034177093961,-1.3280031647508657,item
128898247034327,im11,sc54,b565,-0.7121280141382216,item_ridge,572.0,-0.3954087848279526,-0.4174127415726866,0.0176249681656319,-0.7110248185806922,item
201947197838358,im8,sc37,b201,-0.2579805254298958,item_ridge,695.0,-0.5240268331974867,-0.98244493005407,0.0158566637101308,-0.25743383147630977,item
184008341107497,im16,sc75,b332,-0.788497123434404,item_ridge,577.0,-0.7311111818334803,-1.1262045944613654,0.02034177093961,-0.7888813989434977,item
211407803686756,im19,sc59,b135,-0.226849126848469,item_ridge,1064.0,-0.3484302192705804,-0.4712393146436414,0.0168972418100549,-0.22700662603728378,item
135975807930039,im9,sc41,b316,-0.0051757445931846,item_ridge,905.0,-0.6990257650229246,-0.3020684723539735,0.0133293137954538,-0.0076788365621586405,item
37997311246047,im5,sc26,b551,-0.7101870105738322,item_ridge,719.0,-0.5329307810791537,-1.0012805344071898,0.0196419014737194,-0.7108462452233361,item
225886641249898,im16,sc75,b332,-1.7814938480027949,item_ridge,825.0,-0.7311111818334803,-1.1262045944613654,0.02034177093961,-1.783091397872062,item
276544849775738,im14,sc99,b482,-1.524451069830519,item_ridge,961.0,-0.4547142583452114,-0.5090817434280027,0.0066479608065638,-1.523276313450356,item
107923572022567,im14,sc51,b481,-0.9330016799870996,item_ridge,308.0,-0.4547142583452114,-0.5090817434280027,0.0066479608065638,-0.9327239230493213,item
103577708573449,im9,sc42,b224,-0.8218451373555264,item_ridge,462.0,-0.6990257650229246,-0.3020684723539735,0.0133293137954538,-0.8247091729093682,item
5909553899614,im6,sc9,b520,-0.8268899632557313,item_ridge,256.0,-0.7540643423936192,-1.1052321719674671,0.0117226556316826,-0.8267425188339881,item
217087643646402,im20,sc57,b520,-0.5734089826982935,item_ridge,917.0,-0.6719321285344858,-1.1053539421228344,0.0112772387829762,-0.5735592604899425,item
78049232604093,im6,sc22,b332,-0.0662692012322658,item_ridge,829.0,-0.7540643423936192,-1.1052321719674671,0.0117226556316826,-0.0660010212757775,item
54367664865911,im7,sc33,b332,-0.6491799304695419,item_ridge,896.0,-0.712375224530957,-1.226191510591962,0.0322433928253026,-0.6514665916387979,item
35733888643667,im14,sc51,b122,-0.3935871851351397,item_ridge,333.0,-0.4547142583452114,-0.5090817434280027,0.0066479608065638,-0.3930930917126562,item
21309867490367,im6,sc34,b520,-0.4423527796914759,item_ridge,455.0,-0.7540643423936192,-1.1052321719674671,0.0117226556316826,-0.442227338788306,item
160283821680658,im14,sc51,b369,-1.238278953930141,item_ridge,345.0,-0.4547142583452114,-0.5090817434280027,0.0066479608065638,-1.2380400966126401,item
100016000214397,im14,sc51,b369,-1.257065156848258,item_ridge,355.0,-0.4547142583452114,-0.5090817434280027,0.0066479608065638,-1.2567757982693435,item
15165833107518,im14,sc51,b527,-0.0434677370844575,item_ridge,238.0,-0.4547142583452114,-0.5090817434280027,0.0066479608065638,-0.04332374024448003,item
210004706971224,im6,sc34,b520,-0.4762440391563187,item_ridge,298.0,-0.7540643423936192,-1.1052321719674671,0.0117226556316826,-0.47610321721597576,item
94809334238164,im16,sc83,b153,-0.9077192620039602,item_ridge,787.0,-0.7311111818334803,-1.1262045944613654,0.02034177093961,-0.9081297643395492,item
60922376383976,im7,sc33,b520,-0.985353947491992,item_ridge,874.0,-0.712375224530957,-1.226191510591962,0.0322433928253026,-0.9870865099055728,item
175554366747657,im16,sc75,b556,-0.7311111818334803,category_fe_positive_fallback,680.0,-0.7311111818334803,-1.1262045944613654,0.02034177093961,-0.9441308074038132,sub_category
25604358630496,im6,sc34,b332,-0.3476957816206796,item_ridge,939.0,-0.7540643423936192,-1.1052321719674671,0.0117226556316826,-0.34732834573264926,item
44522822228140,im6,sc34,b332,-0.4013295778676991,item_ridge,890.0,-0.7540643423936192,-1.1052321719674671,0.0117226556316826,-0.401069809239882,item
107639802732469,im14,sc51,b394,-1.0132038215184107,item_ridge,228.0,-0.4547142583452114,-0.5090817434280027,0.0066479608065638,-1.0130161479118047,item
210629817338432,im14,sc51,b283,-0.3550620501020003,item_ridge,1055.0,-0.4547142583452114,-0.5090817434280027,0.0066479608065638,-0.3543966618603979,item
6420794234615,im16,sc31,b520,-0.7311111818334803,category_fe_positive_fallback,793.0,-0.7311111818334803,-1.1262045944613654,0.02034177093961,-0.4556539247371165,sub_category
20395642409368,im6,sc22,b332,-0.5290218524544148,item_ridge,747.0,-0.7540643423936192,-1.1052321719674671,0.0117226556316826,-0.52881148169773,item
79748064182968,im3,sc16,b451,-0.2820538479955227,item_ridge,244.0,-0.4340556041136897,-0.8987359235912883,0.0202666082602156,-0.28062624269711156,item
91581053104955,im6,sc34,b332,-0.5117237314817452,item_ridge,201.0,-0.7540643423936192,-1.1052321719674671,0.0117226556316826,-0.5116553713165299,item
60319288606144,im15,sc61,b43,-0.3701674932352681,category_fe_positive_fallback,932.0,-0.3701674932352681,-0.4867729418820625,0.0094473752650418,-0.37606314727235,sub_category
29901652691680,im2,sc6,b425,-0.0315332332058292,item_ridge,804.0,-0.7393400558468726,-1.0300616525541268,0.0204705834618003,-0.031940860006329515,item
280012311234725,im2,sc6,b166,-0.6738547632551034,item_ridge,827.0,-0.7393400558468726,-1.0300616525541268,0.0204705834618003,-0.6743353542800384,item
265287563709696,im14,sc51,b68,-0.4127682231907779,item_ridge,177.0,-0.4547142583452114,-0.5090817434280027,0.0066479608065638,-0.4126214965528863,item
119319620159603,im20,sc72,b510,-0.8119031946717319,item_ridge,790.0,-0.6719321285344858,-1.1053539421228344,0.0112772387829762,-0.812049276065078,item
200065475773939,im5,sc25,b541,-0.5329307810791537,category_fe_positive_fallback,804.0,-0.5329307810791537,-1.0012805344071898,0.0196419014737194,-0.6678382223960206,sub_category
115958875229919,im5,sc26,b460,-0.5147558543007599,item_ridge,275.0,-0.5329307810791537,-1.0012805344071898,0.0196419014737194,-0.5149564909332169,item
127764241568821,im17,sc55,b505,-0.5920267911339818,item_ridge,769.0,-0.5825053462263596,-0.9597630819115917,0.0120962057980395,-0.591228805927993,item
236736047927002,im6,sc22,b24,-0.1231443521482721,item_ridge,746.0,-0.7540643423936192,-1.1052321719674671,0.0117226556316826,-0.12292987659633557,item
170591746620577,im6,sc34,b546,-0.8808361317716552,item_ridge,908.0,-0.7540643423936192,-1.1052321719674671,0.0117226556316826,-0.8806662567610954,item
280285312465851,im6,sc34,b332,-0.1400467617810467,item_ridge,260.0,-0.7540643423936192,-1.1052321719674671,0.0117226556316826,-0.1399818196240922,item
34558027787791,im3,sc16,b24,-0.4340556041136897,category_fe_positive_fallback,673.0,-0.4340556041136897,-0.8987359235912883,0.0202666082602156,-0.760319166603752,sub_category
74262144851365,im17,sc56,b546,-0.5825053462263596,category_fe_positive_fallback,468.0,-0.5825053462263596,-0.9597630819115917,0.0120962057980395,-0.8048448186903349,sub_category
185056872053854,im14,sc51,b66,-0.4036338872338957,item_ridge,166.0,-0.4547142583452114,-0.5090817434280027,0.0066479608065638,-0.403354765397162,item
12745890047571,im14,sc51,b273,-0.6376358981279744,item_ridge,342.0,-0.4547142583452114,-0.5090817434280027,0.0066479608065638,-0.637372472629248,item
142441836666160,im6,sc34,b332,-0.1848148674235447,item_ridge,260.0,-0.7540643423936192,-1.1052321719674671,0.0117226556316826,-0.1847663317062418,item
162459332260281,im3,sc20,b546,-0.4736796525584489,item_ridge,624.0,-0.4340556041136897,-0.8987359235912883,0.0202666082602156,-0.4705392996993901,item
48260592856413,im14,sc51,b369,-0.5180433694231029,item_ridge,365.0,-0.4547142583452114,-0.5090817434280027,0.0066479608065638,-0.5177874508686411,item
151379319875160,im20,sc57,b510,-0.7267548224179154,item_ridge,632.0,-0.6719321285344858,-1.1053539421228344,0.0112772387829762,-0.7268406033032762,item
42641730943000,im14,sc51,b273,-0.9066552255542064,item_ridge,439.0,-0.4547142583452114,-0.5090817434280027,0.0066479608065638,-0.9064409364179385,item
113194346280461,im7,sc33,b520,-0.4905244661579743,item_ridge,848.0,-0.712375224530957,-1.226191510591962,0.0322433928253026,-0.491472055334348,item
219065055793150,im2,sc6,b371,-0.5256289295985488,item_ridge,216.0,-0.7393400558468726,-1.0300616525541268,0.0204705834618003,-0.5257276745156149,item
8646325084420,im5,sc25,b24,-0.8760348658911686,item_ridge,713.0,-0.5329307810791537,-1.0012805344071898,0.0196419014737194,-0.8766690436858997,item
68862443314051,im14,sc51,b283,-0.0688362781414225,item_ridge,835.0,-0.4547142583452114,-0.5090817434280027,0.0066479608065638,-0.06854009506772454,item
277992341304870,im20,sc72,b395,-0.5035228761950856,item_ridge,226.0,-0.6719321285344858,-1.1053539421228344,0.0112772387829762,-0.5035523189565346,item
90256954270469,im5,sc78,b164,-0.3722121840224398,item_ridge,806.0,-0.5329307810791537,-1.0012805344071898,0.0196419014737194,-0.37272279318442686,item
31646513567522,im14,sc51,b283,-0.1274674074523923,item_ridge,320.0,-0.4547142583452114,-0.5090817434280027,0.0066479608065638,-0.12717327172713022,item
44439782548607,im6,sc34,b332,-0.0304197275684652,item_ridge,247.0,-0.7540643423936192,-1.1052321719674671,0.0117226556316826,-0.03037495166024931,item
54466660826687,im2,sc6,b520,-0.7393400558468726,category_fe_positive_fallback,334.0,-0.7393400558468726,-1.0300616525541268,0.0204705834618003,-0.6985609852903643,sub_category
163122429797666,im11,sc88,b430,-0.3771103968250496,item_ridge,623.0,-0.3954087848279526,-0.4174127415726866,0.0176249681656319,-0.3766457784469568,item
138680029547674,im19,sc69,b63,-0.704190520164875,item_ridge,537.0,-0.3484302192705804,-0.4712393146436414,0.0168972418100549,-0.7043468041780362,item
239297160577259,im9,sc43,b224,-0.3772840672810329,item_ridge,110.0,-0.6990257650229246,-0.3020684723539735,0.0133293137954538,-0.37785852819300353,item
221105044452540,im7,sc33,b332,-0.5057009715265541,item_ridge,403.0,-0.712375224530957,-1.226191510591962,0.0322433928253026,-0.5062912071576002,item
263516966393962,im14,sc51,b66,-0.2994139589679627,item_ridge,304.0,-0.4547142583452114,-0.5090817434280027,0.0066479608065638,-0.29925563068893557,item
139378202270203,im3,sc16,b24,-0.6719628136379232,item_ridge,216.0,-0.4340556041136897,-0.8987359235912883,0.0202666082602156,-0.6712465064180189,item
278097465566869,im16,sc19,b546,-0.7558941859386953,item_ridge,798.0,-0.7311111818334803,-1.1262045944613654,0.02034177093961,-0.756148423942085,item
43637292906987,im1,sc72,b457,-0.581833768864315,item_ridge,821.0,-0.4590443828435093,-0.8944099676397969,0.062460179797843,-0.4887254427968896,item
47403474043109,im2,sc6,b371,-0.3693217252877797,item_ridge,706.0,-0.7393400558468726,-1.0300616525541268,0.0204705834618003,-0.3695537515214779,item
150341394396280,im20,sc93,b24,-0.4693418575954278,item_ridge,779.0,-0.6719321285344858,-1.1053539421228344,0.0112772387829762,-0.4694088210314945,item
80916840867803,im16,sc75,b556,-0.05566386106315,item_ridge,674.0,-0.7311111818334803,-1.1262045944613654,0.02034177093961,-0.05583841960098853,item
186043018712948,im6,sc34,b301,-0.280700675830926,item_ridge,950.0,-0.7540643423936192,-1.1052321719674671,0.0117226556316826,-0.28051781238897555,item
144363600209620,im14,sc51,b481,-0.6777428376041813,item_ridge,138.0,-0.4547142583452114,-0.5090817434280027,0.0066479608065638,-0.6776022530115974,item
241829810052545,im4,sc94,b62,-0.4578981825081115,item_ridge,480.0,-0.6597748090798966,-0.6259883664315813,0.0291194429147193,-0.4577552242476821,item
56645226421296,im16,sc75,b546,-0.4040796449139446,item_ridge,741.0,-0.7311111818334803,-1.1262045944613654,0.02034177093961,-0.4042924459583065,item
16544353549018,im14,sc51,b283,-0.2862982381214784,item_ridge,818.0,-0.4547142583452114,-0.5090817434280027,0.0066479608065638,-0.2861016926716517,item
226619545554591,im11,sc54,b358,-0.3954087848279526,category_fe_positive_fallback,698.0,-0.3954087848279526,-0.4174127415726866,0.0176249681656319,-0.557181396930974,sub_category
49109475813092,im17,sc67,b551,-0.5421616971065932,item_ridge,333.0,-0.5825053462263596,-0.9597630819115917,0.0120962057980395,-0.5419533138416615,item
210516949400061,im14,sc51,b481,-0.5264582421430524,item_ridge,340.0,-0.4547142583452114,-0.5090817434280027,0.0066479608065638,-0.5263060559093317,item
42943190041438,im2,sc7,b486,-0.7393400558468726,category_fe_positive_fallback,223.0,-0.7393400558468726,-1.0300616525541268,0.0204705834618003,-0.7226485523343097,sub_category
232973103503653,im15,sc63,b65,-0.5199721179191128,item_ridge,749.0,-0.3701674932352681,-0.4867729418820625,0.0094473752650418,-0.5199772712629374,item
261162012317538,im20,sc57,b469,-0.1455387764256618,item_ridge,290.0,-0.6719321285344858,-1.1053539421228344,0.0112772387829762,-0.14560649817726362,item
243492195116622,im3,sc20,b153,-0.4083954264840336,item_ridge,830.0,-0.4340556041136897,-0.8987359235912883,0.0202666082602156,-0.4063970201191772,item
192860619495930,im3,sc16,b24,-1.1489966265487186,item_ridge,509.0,-0.4340556041136897,-0.8987359235912883,0.0202666082602156,-1.1474738475637491,item
83466702200453,im17,sc55,b391,-0.4819315238928152,item_ridge,802.0,-0.5825053462263596,-0.9597630819115917,0.0120962057980395,-0.48142716960677956,item
163333177729970,im7,sc21,b401,-0.959911770459087,item_ridge,452.0,-0.712375224530957,-1.226191510591962,0.0322433928253026,-0.9601837365445366,item
64614404164602,im20,sc89,b546,-0.8144838556144027,item_ridge,222.0,-0.6719321285344858,-1.1053539421228344,0.0112772387829762,-0.8145032159232112,item
188916647794524,im5,sc78,b220,-0.0931936483072992,item_ridge,342.0,-0.5329307810791537,-1.0012805344071898,0.0196419014737194,-0.09344402739798412,item
73556625452359,im5,sc78,b164,-0.5514135519654754,item_ridge,802.0,-0.5329307810791537,-1.0012805344071898,0.0196419014737194,-0.5517410970709944,item
151065114844954,im20,sc57,b301,-0.3169061203351963,item_ridge,799.0,-0.6719321285344858,-1.1053539421228344,0.0112772387829762,-0.31697110096828135,item
451781451022,im14,sc51,b283,-0.1122913942325024,item_ridge,631.0,-0.4547142583452114,-0.5090817434280027,0.0066479608065638,-0.11207846999518986,item
195233601609031,im14,sc51,b122,-0.2162732148132469,item_ridge,255.0,-0.4547142583452114,-0.5090817434280027,0.0066479608065638,-0.21615583350293407,item
142619398948326,im5,sc26,b153,-0.5711746072641155,item_ridge,149.0,-0.5329307810791537,-1.0012805344071898,0.0196419014737194,-0.5713187380694723,item
63870914434942,im14,sc51,b169,-0.7036868722014654,item_ridge,182.0,-0.4547142583452114,-0.5090817434280027,0.0066479608065638,-0.7035647137448023,item
139976088621728,im6,sc34,b332,-2.288466763452595,item_ridge,998.0,-0.7540643423936192,-1.1052321719674671,0.0117226556316826,-2.2818081415598246,item
163032588387671,im15,sc61,b43,-1.610635574009646,item_ridge,929.0,-0.3701674932352681,-0.4867729418820625,0.0094473752650418,-1.6106912786652399,item
166993346607397,im6,sc34,b332,-0.7516643980541668,item_ridge,1003.0,-0.7540643423936192,-1.1052321719674671,0.0117226556316826,-0.7504626263496855,item
196787699681162,im17,sc67,b24,-2.146057010791325,item_ridge,640.0,-0.5825053462263596,-0.9597630819115917,0.0120962057980395,-2.1418145117235317,item
13483984028640,im16,sc30,b332,-0.9344328225612069,item_ridge,694.0,-0.7311111818334803,-1.1262045944613654,0.02034177093961,-0.9358885400667122,item
108388089981467,im6,sc34,b332,-1.646082281535167,item_ridge,719.0,-0.7540643423936192,-1.1052321719674671,0.0117226556316826,-1.6454232895424963,item
169603327314690,im14,sc51,b283,-0.3920490285687807,item_ridge,1070.0,-0.4547142583452114,-0.5090817434280027,0.0066479608065638,-0.39058790423516987,item
234649803809926,im14,sc51,b283,-0.4568948897800242,item_ridge,1054.0,-0.4547142583452114,-0.5090817434280027,0.0066479608065638,-0.4555770798369129,item
67351262357493,im20,sc72,b348,-1.6146780076785576,item_ridge,343.0,-0.6719321285344858,-1.1053539421228344,0.0112772387829762,-1.6147842928119216,item
125283944665626,im9,sc44,b224,-0.3834180777617101,item_ridge,782.0,-0.6990257650229246,-0.3020684723539735,0.0133293137954538,-0.387294559635872,item
53382320506301,im20,sc92,b520,-0.6719321285344858,category_fe_positive_fallback,774.0,-0.6719321285344858,-1.1053539421228344,0.0112772387829762,-0.504697012925296,sub_category
202959285352840,im14,sc51,b283,-1.4743234338730462,item_ridge,377.0,-0.4547142583452114,-0.5090817434280027,0.0066479608065638,-1.4736989926001578,item
103658142217492,im6,sc34,b520,-1.60298011004558,item_ridge,1003.0,-0.7540643423936192,-1.1052321719674671,0.0117226556316826,-1.602135862005177,item
248507460512447,im16,sc30,b332,-0.5447245435837936,item_ridge,695.0,-0.7311111818334803,-1.1262045944613654,0.02034177093961,-0.5457225386573958,item
15295529865018,im17,sc55,b391,-0.8537401143097705,item_ridge,904.0,-0.5825053462263596,-0.9597630819115917,0.0120962057980395,-0.8527417691819321,item
264837050164278,im6,sc34,b332,-0.3592627342800698,item_ridge,1006.0,-0.7540643423936192,-1.1052321719674671,0.0117226556316826,-0.358568195001485,item
186571909572816,im14,sc51,b283,-0.2518246306560168,item_ridge,799.0,-0.4547142583452114,-0.5090817434280027,0.0066479608065638,-0.2508569172954096,item
57766393859093,im16,sc85,b218,-0.4208339970479358,item_ridge,735.0,-0.7311111818334803,-1.1262045944613654,0.02034177093961,-0.4214126960097423,item
15994284408992,im14,sc51,b283,-0.7372767197069963,item_ridge,355.0,-0.4547142583452114,-0.5090817434280027,0.0066479608065638,-0.7369518737551995,item
281220082101072,im7,sc33,b332,-1.566972273745063,item_ridge,917.0,-0.712375224530957,-1.226191510591962,0.0322433928253026,-1.5706341437825786,item
52712150734365,im19,sc59,b135,-0.7505214244884331,item_ridge,788.0,-0.3484302192705804,-0.4712393146436414,0.0168972418100549,-0.750618852829142,item
168976034494270,im6,sc34,b332,-0.6978188112499499,item_ridge,551.0,-0.7540643423936192,-1.1052321719674671,0.0117226556316826,-0.6975149503155702,item
150799781586484,im14,sc51,b169,-0.2848999402499138,item_ridge,220.0,-0.4547142583452114,-0.5090817434280027,0.0066479608065638,-0.2846180886152657,item
138912347055899,im15,sc63,b350,-0.358540514297759,item_ridge,803.0,-0.3701674932352681,-0.4867729418820625,0.0094473752650418,-0.35856560145505806,item
197621118429957,im15,sc61,b350,-0.3701674932352681,category_fe_positive_fallback,468.0,-0.3701674932352681,-0.4867729418820625,0.0094473752650418,-0.37606314727235,sub_category
117602322761558,im11,sc54,b565,-0.8304041597333849,item_ridge,607.0,-0.3954087848279526,-0.4174127415726866,0.0176249681656319,-0.8283847865318855,item
190123407789367,im6,sc34,b153,-0.6534355123107897,item_ridge,300.0,-0.7540643423936192,-1.1052321719674671,0.0117226556316826,-0.6533213508348794,item
181688688290343,im20,sc89,b332,-0.0956682098131092,item_ridge,880.0,-0.6719321285344858,-1.1053539421228344,0.0112772387829762,-0.09581970422952969,item
66158588449473,im20,sc89,b153,-0.6415043749823277,item_ridge,445.0,-0.6719321285344858,-1.1053539421228344,0.0112772387829762,-0.6416549013833077,item
275151296631557,im7,sc33,b332,-1.165626579742735,item_ridge,860.0,-0.712375224530957,-1.226191510591962,0.0322433928253026,-1.1670198570486783,item
68297149207901,im6,sc34,b332,-0.6222502584450137,item_ridge,488.0,-0.7540643423936192,-1.1052321719674671,0.0117226556316826,-0.6220930300650171,item
130131600557226,im17,sc55,b401,-1.5108037933775282,item_ridge,716.0,-0.5825053462263596,-0.9597630819115917,0.0120962057980395,-1.5100795037749821,item
7452747415115,im14,sc51,b369,-2.064276709688724,item_ridge,365.0,-0.4547142583452114,-0.5090817434280027,0.0066479608065638,-2.06408903608212,item
228755825764127,im20,sc57,b332,-0.7256616016659345,item_ridge,831.0,-0.6719321285344858,-1.1053539421228344,0.0112772387829762,-0.7258265525037645,item
25295960929925,im6,sc34,b556,-0.5254975229383392,item_ridge,936.0,-0.7540643423936192,-1.1052321719674671,0.0117226556316826,-0.525069930104918,item
258295959070280,im17,sc67,b24,-0.8884073625817381,item_ridge,646.0,-0.5825053462263596,-0.9597630819115917,0.0120962057980395,-0.8877614895893272,item
245801055424255,im14,sc51,b169,-1.1122384286186724,item_ridge,162.0,-0.4547142583452114,-0.5090817434280027,0.0066479608065638,-1.1119142651163532,item
43324848523831,im6,sc22,b332,-1.0866197556861437,item_ridge,837.0,-0.7540643423936192,-1.1052321719674671,0.0117226556316826,-1.0863269469581391,item
208133973481650,im14,sc51,b367,-1.7115285438255317,item_ridge,335.0,-0.4547142583452114,-0.5090817434280027,0.0066479608065638,-1.7112391852466236,item
204897880874897,im16,sc83,b520,-0.0838632810639208,item_ridge,750.0,-0.7311111818334803,-1.1262045944613654,0.02034177093961,-0.08431138196177912,item
275926704250445,im6,sc22,b332,-0.7462997950347127,item_ridge,825.0,-0.7540643423936192,-1.1052321719674671,0.0117226556316826,-0.7460035656439982,item
145820477308432,im17,sc67,b520,-0.0042526342345387,item_ridge,569.0,-0.5825053462263596,-0.9597630819115917,0.0120962057980395,-0.003586038044510911,item
119192712739075,im20,sc92,b332,-1.1502373344674908,item_ridge,1001.0,-0.6719321285344858,-1.1053539421228344,0.0112772387829762,-1.1504707412989965,item
14648772981767,im16,sc30,b24,-0.7311111818334803,category_fe_positive_fallback,822.0,-0.7311111818334803,-1.1262045944613654,0.02034177093961,-0.5472143444102702,sub_category
201903148075959,im16,sc30,b153,-0.3748268225587569,item_ridge,348.0,-0.7311111818334803,-1.1262045944613654,0.02034177093961,-0.3750030118124913,item
231157230315109,im3,sc20,b153,-0.673197442322069,item_ridge,741.0,-0.4340556041136897,-0.8987359235912883,0.0202666082602156,-0.670342576086561,item
84510535024257,im14,sc51,b283,-0.6378778265520713,item_ridge,205.0,-0.4547142583452114,-0.5090817434280027,0.0066479608065638,-0.637652618224144,item
272152105696336,im14,sc51,b122,-0.6547331648913713,item_ridge,540.0,-0.4547142583452114,-0.5090817434280027,0.0066479608065638,-0.6544635973473389,item
173316929343488,im5,sc26,b332,-0.6151730024926642,item_ridge,449.0,-0.5329307810791537,-1.0012805344071898,0.0196419014737194,-0.615541518756361,item
41992615911459,im15,sc63,b65,-0.3521044763131229,item_ridge,736.0,-0.3701674932352681,-0.4867729418820625,0.0094473752650418,-0.3521168216862412,item
217974836952127,im4,sc27,b135,-0.2092887297678068,item_ridge,607.0,-0.6597748090798966,-0.6259883664315813,0.0291194429147193,-0.20899454691105154,item
237278524128389,im15,sc63,b65,-0.199268439693023,item_ridge,841.0,-0.3701674932352681,-0.4867729418820625,0.0094473752650418,-0.19928265386115454,item
102805799477781,im14,sc51,b273,-1.0111677831810606,item_ridge,488.0,-0.4547142583452114,-0.5090817434280027,0.0066479608065638,-1.010913911975036,item
204722968424737,im14,sc51,b122,-0.1492512742463872,item_ridge,226.0,-0.4547142583452114,-0.5090817434280027,0.0066479608065638,-0.14910045291162402,item
69541946784774,im6,sc9,b332,-0.1555286380152787,item_ridge,989.0,-0.7540643423936192,-1.1052321719674671,0.0117226556316826,-0.15532166846735718,item
10266685099075,im14,sc51,b283,-0.5921979029234995,item_ridge,562.0,-0.4547142583452114,-0.5090817434280027,0.0066479608065638,-0.5918041295743672,item
217682667837055,im6,sc22,b24,-0.6957263304216288,item_ridge,833.0,-0.7540643423936192,-1.1052321719674671,0.0117226556316826,-0.6955070659418974,item
87209272836396,im19,sc49,b322,-0.6050654169643946,item_ridge,346.0,-0.3484302192705804,-0.4712393146436414,0.0168972418100549,-0.6051369040978053,item
196576874469888,im20,sc89,b520,-0.3072283450940293,item_ridge,1046.0,-0.6719321285344858,-1.1053539421228344,0.0112772387829762,-0.30736660996609844,item
200407220843751,im17,sc55,b415,-0.4949415493502384,item_ridge,212.0,-0.5825053462263596,-0.9597630819115917,0.0120962057980395,-0.4947296744903512,item
212918508874439,im15,sc63,b65,-0.2407519061824359,item_ridge,811.0,-0.3701674932352681,-0.4867729418820625,0.0094473752650418,-0.24076459133646527,item
227619423520325,im20,sc57,b153,-0.5506602318465448,item_ridge,742.0,-0.6719321285344858,-1.1053539421228344,0.0112772387829762,-0.5507602020512917,item
271083612539388,im20,sc57,b24,-0.758009138549353,item_ridge,648.0,-0.6719321285344858,-1.1053539421228344,0.0112772387829762,-0.758094435707917,item
206066363785645,im5,sc25,b546,-0.2563304973688085,item_ridge,801.0,-0.5329307810791537,-1.0012805344071898,0.0196419014737194,-0.25696467516354154,item
215092488895240,im3,sc20,b153,-0.5364240709426817,item_ridge,834.0,-0.4340556041136897,-0.8987359235912883,0.0202666082602156,-0.5338897510915103,item
208995719616969,im3,sc16,b549,-0.8367584543527443,item_ridge,562.0,-0.4340556041136897,-0.8987359235912883,0.0202666082602156,-0.8354360410236906,item
227038015727063,im4,sc94,b62,-0.4602626459477211,item_ridge,335.0,-0.6597748090798966,-0.6259883664315813,0.0291194429147193,-0.46002466249065216,item
118259676634338,im16,sc30,b135,-0.5309906459932425,item_ridge,774.0,-0.7311111818334803,-1.1262045944613654,0.02034177093961,-0.5312660187079953,item
48800168481821,im6,sc9,b332,-0.8443045097337226,item_ridge,979.0,-0.7540643423936192,-1.1052321719674671,0.0117226556316826,-0.8440503306029699,item
110347582246292,im14,sc51,b283,-0.4547142583452114,category_fe_positive_fallback,830.0,-0.4547142583452114,-0.5090817434280027,0.0066479608065638,-0.6979409003363024,sub_category
254379928190444,im9,sc41,b439,-1.136127879355609,item_ridge,62.0,-0.6990257650229246,-0.3020684723539735,0.0133293137954538,-1.137067905160551,item
266668107368795,im16,sc97,b153,-0.7982082522871344,item_ridge,791.0,-0.7311111818334803,-1.1262045944613654,0.02034177093961,-0.7985345864752124,item
35155334886347,im14,sc51,b283,-0.4547142583452114,category_fe_positive_fallback,946.0,-0.4547142583452114,-0.5090817434280027,0.0066479608065638,-0.6979409003363024,sub_category
238416057991978,im9,sc39,b460,-0.3835681039952771,item_ridge,530.0,-0.6990257650229246,-0.3020684723539735,0.0133293137954538,-0.3848211067923513,item
129959175860102,im20,sc72,b520,-0.1793298022521933,item_ridge,924.0,-0.6719321285344858,-1.1053539421228344,0.0112772387829762,-0.1794081005848393,item
16171300688109,im14,sc51,b283,-0.2255286840517754,item_ridge,856.0,-0.4547142583452114,-0.5090817434280027,0.0066479608065638,-0.2251847295145779,item
14805117551035,im19,sc36,b519,-0.2835299915747408,item_ridge,658.0,-0.3484302192705804,-0.4712393146436414,0.0168972418100549,-0.28360151603018086,item
259393652335166,im17,sc55,b391,-0.5825053462263596,category_fe_positive_fallback,798.0,-0.5825053462263596,-0.9597630819115917,0.0120962057980395,-0.6443482333568126,sub_category
225445056521866,im16,sc83,b324,-0.7311111818334803,category_fe_positive_fallback,709.0,-0.7311111818334803,-1.1262045944613654,0.02034177093961,-0.5529884842673374,sub_category
56991918349387,im20,sc72,b201,-0.2913662044785892,item_ridge,625.0,-0.6719321285344858,-1.1053539421228344,0.0112772387829762,-0.2914728131587837,item
56661139092806,im6,sc34,b153,-0.2870624243095865,item_ridge,157.0,-0.7540643423936192,-1.1052321719674671,0.0117226556316826,-0.2870080779782408,item
203770607017814,im16,sc31,b520,-0.664021861513575,item_ridge,837.0,-0.7311111818334803,-1.1262045944613654,0.02034177093961,-0.6643983426474661,item
193227665354791,im8,sc37,b153,-0.5146201287129779,item_ridge,962.0,-0.5240268331974867,-0.98244493005407,0.0158566637101308,-0.51440021653687,item
14775619364317,im5,sc78,b551,-0.5329307810791537,category_fe_positive_fallback,732.0,-0.5329307810791537,-1.0012805344071898,0.0196419014737194,-0.30769732064234073,sub_category
257589061091375,im6,sc34,b218,-0.0422525252847797,item_ridge,240.0,-0.7540643423936192,-1.1052321719674671,0.0117226556316826,-0.04220467316912908,item
120606266757622,im20,sc89,b520,-0.6719321285344858,category_fe_positive_fallback,871.0,-0.6719321285344858,-1.1053539421228344,0.0112772387829762,-0.7049611698243912,sub_category
220732636744901,im2,sc6,b546,-0.920061570139675,item_ridge,270.0,-0.7393400558468726,-1.0300616525541268,0.0204705834618003,-0.9201612879130666,item
65936712978107,im16,sc83,b332,-0.2554815049967751,item_ridge,400.0,-0.7311111818334803,-1.1262045944613654,0.02034177093961,-0.2556547049311608,item
34961724224362,im16,sc75,b332,-0.2552764869512834,item_ridge,631.0,-0.7311111818334803,-1.1262045944613654,0.02034177093961,-0.25555220308702115,item
163556792315622,im6,sc34,b332,-0.1493252733294418,item_ridge,402.0,-0.7540643423936192,-1.1052321719674671,0.0117226556316826,-0.14926511638405252,item
277753453962891,im16,sc30,b301,-0.7311111818334803,category_fe_positive_fallback,837.0,-0.7311111818334803,-1.1262045944613654,0.02034177093961,-0.5472143444102702,sub_category
17634832502279,im20,sc57,b332,-0.2099524656891622,item_ridge,381.0,-0.6719321285344858,-1.1053539421228344,0.0112772387829762,-0.20999519488957724,item
135290922204695,im14,sc51,b169,-0.1704825047174386,item_ridge,180.0,-0.4547142583452114,-0.5090817434280027,0.0066479608065638,-0.17037263035138925,item
234813707960016,im14,sc51,b346,-0.8917445966169782,item_ridge,438.0,-0.4547142583452114,-0.5090817434280027,0.0066479608065638,-0.8915569230103717,item
204781168697788,im20,sc92,b520,-0.6513188733887699,item_ridge,918.0,-0.6719321285344858,-1.1053539421228344,0.0112772387829762,-0.65143710919215,item
112051669067364,im15,sc63,b547,-0.3945485251233689,item_ridge,806.0,-0.3701674932352681,-0.4867729418820625,0.0094473752650418,-0.3945575010024487,item
37854730444689,im19,sc59,b476,-0.2635066662417338,item_ridge,587.0,-0.3484302192705804,-0.4712393146436414,0.0168972418100549,-0.2635713694189224,item
91020015850556,im14,sc51,b143,-0.4530779705161332,item_ridge,595.0,-0.4547142583452114,-0.5090817434280027,0.0066479608065638,-0.4526282363097583,item
253056852195289,im6,sc9,b332,-0.1003294310851554,item_ridge,653.0,-0.7540643423936192,-1.1052321719674671,0.0117226556316826,-0.10012417202936506,item
21754041549290,im8,sc37,b201,-0.1996669621155123,item_ridge,714.0,-0.5240268331974867,-0.98244493005407,0.0158566637101308,-0.19945476615611066,item
240382412816801,im9,sc41,b224,-0.6990257650229246,category_fe_low_n,36.0,-0.6990257650229246,-0.3020684723539735,0.0133293137954538,-0.7556774260191099,item
95366027264730,im6,sc9,b332,-0.0855929533230236,item_ridge,581.0,-0.7540643423936192,-1.1052321719674671,0.0117226556316826,-0.08549682366522857,item
151962763295018,im3,sc16,b24,-1.2216746296459289,item_ridge,581.0,-0.4340556041136897,-0.8987359235912883,0.0202666082602156,-1.2198212473286947,item
80683970075711,im20,sc89,b348,-0.2509838107945079,item_ridge,643.0,-0.6719321285344858,-1.1053539421228344,0.0112772387829762,-0.2510260808020716,item
203326185571847,im20,sc89,b546,-0.3620666488543892,item_ridge,177.0,-0.6719321285344858,-1.1053539421228344,0.0112772387829762,-0.36208713851454377,item
227946454629027,im9,sc44,b548,-0.6427640235890004,item_ridge,794.0,-0.6990257650229246,-0.3020684723539735,0.0133293137954538,-0.6443605436274426,item
99610488146116,im16,sc83,b301,-0.5471444896346891,item_ridge,837.0,-0.7311111818334803,-1.1262045944613654,0.02034177093961,-0.5474545236809376,item
266065469885975,im11,sc54,b135,-0.3254165836084977,item_ridge,567.0,-0.3954087848279526,-0.4174127415726866,0.0176249681656319,-0.3245067099391433,item
193232956864901,im17,sc56,b415,-0.4622821978772716,item_ridge,907.0,-0.5825053462263596,-0.9597630819115917,0.0120962057980395,-0.46207949697963074,item
10442439962273,im2,sc6,b480,-0.5152429616633759,item_ridge,163.0,-0.7393400558468726,-1.0300616525541268,0.0204705834618003,-0.5153811072616374,item
133078728743426,im14,sc51,b344,-0.3903777097219781,item_ridge,477.0,-0.4547142583452114,-0.5090817434280027,0.0066479608065638,-0.39026032841166425,item
182748938251870,im2,sc6,b228,-1.7923103358991594,item_ridge,342.0,-0.7393400558468726,-1.0300616525541268,0.0204705834618003,-1.7925083121614602,item
279719497959825,im15,sc63,b65,-0.2472685511959552,item_ridge,892.0,-0.3701674932352681,-0.4867729418820625,0.0094473752650418,-0.24727715897904673,item
87036057140991,im20,sc57,b332,-0.2883327668217285,item_ridge,423.0,-0.6719321285344858,-1.1053539421228344,0.0112772387829762,-0.28839194273324664,item
126930231096770,im6,sc34,b332,-0.855520868932545,item_ridge,309.0,-0.7540643423936192,-1.1052321719674671,0.0117226556316826,-0.8554080746599408,item
24538507165411,im15,sc63,b350,-0.2272872883437974,item_ridge,804.0,-0.3701674932352681,-0.4867729418820625,0.0094473752650418,-0.22729830290834502,item
193965148837658,im15,sc63,b65,-0.1379937837406331,item_ridge,780.0,-0.3701674932352681,-0.4867729418820625,0.0094473752650418,-0.13812468433678915,item
227315835050470,im6,sc34,b332,-1.2613924174061415,item_ridge,1006.0,-0.7540643423936192,-1.1052321719674671,0.0117226556316826,-1.2596656396328083,item
82501599420782,im20,sc72,b332,-1.1569302735100715,item_ridge,963.0,-0.6719321285344858,-1.1053539421228344,0.0112772387829762,-1.1572174213209088,item
172821801369637,im16,sc30,b332,-0.4302353177379028,item_ridge,693.0,-0.7311111818334803,-1.1262045944613654,0.02034177093961,-0.43166516129705707,item
23498656666750,im14,sc51,b481,-1.3572632063691068,item_ridge,444.0,-0.4547142583452114,-0.5090817434280027,0.0066479608065638,-1.35657666219367,item
49245174912811,im6,sc34,b332,-1.043609897559795,item_ridge,287.0,-0.7540643423936192,-1.1052321719674671,0.0117226556316826,-1.043352179736933,item
53156434769451,im16,sc83,b114,-0.7928325706413796,item_ridge,932.0,-0.7311111818334803,-1.1262045944613654,0.02034177093961,-0.793807051411,item
261262770061861,im15,sc63,b65,-0.3944890158991904,item_ridge,841.0,-0.3701674932352681,-0.4867729418820625,0.0094473752650418,-0.394527665977875,item
89043435225095,im14,sc51,b283,-0.0344602665568688,item_ridge,327.0,-0.4547142583452114,-0.5090817434280027,0.0066479608065638,-0.03411562957019284,item
184856968203951,im5,sc26,b541,-0.5329307810791537,category_fe_positive_fallback,721.0,-0.5329307810791537,-1.0012805344071898,0.0196419014737194,-0.5689018324904914,sub_category
49383605419546,im17,sc67,b332,-1.22059215473298,item_ridge,538.0,-0.5825053462263596,-0.9597630819115917,0.0120962057980395,-1.219344157720913,item
88312664236724,im20,sc89,b395,-0.8783475114494185,item_ridge,168.0,-0.6719321285344858,-1.1053539421228344,0.0112772387829762,-0.8784255980282769,item
161905429633569,im14,sc51,b122,-0.6258905774401532,item_ridge,457.0,-0.4547142583452114,-0.5090817434280027,0.0066479608065638,-0.625271595763093,item
258301027523634,im14,sc51,b283,-1.236959753168248,item_ridge,310.0,-0.4547142583452114,-0.5090817434280027,0.0066479608065638,-1.2366512860039354,item
185771717659464,im8,sc37,b153,-0.1218721244867783,item_ridge,581.0,-0.5240268331974867,-0.98244493005407,0.0158566637101308,-0.1216240481196958,item
29519971173724,im7,sc33,b332,-1.1767586519429678,item_ridge,767.0,-0.712375224530957,-1.226191510591962,0.0322433928253026,-1.1802900277083077,item
92177699394480,im16,sc30,b520,-0.2350499206119234,item_ridge,831.0,-0.7311111818334803,-1.1262045944613654,0.02034177093961,-0.2355316688511566,item
229530135277392,im8,sc81,b153,-0.2404681364725756,item_ridge,631.0,-0.5240268331974867,-0.98244493005407,0.0158566637101308,-0.24014563719421894,item
73389095824965,im12,sc84,b414,-0.9063992532940046,item_ridge,501.0,-0.7159602082500641,-1.7759215692028727,0.0614701148056001,-0.9055180130239543,item
106414168954961,im3,sc16,b332,-0.0919059690978749,item_ridge,666.0,-0.4340556041136897,-0.8987359235912883,0.0202666082602156,-0.08849975294728096,item
40063326901032,im19,sc59,b476,-0.6288047272982141,item_ridge,1063.0,-0.3484302192705804,-0.4712393146436414,0.0168972418100549,-0.6289940550707283,item
175078134472797,im6,sc34,b301,-1.3562390291625448,item_ridge,316.0,-0.7540643423936192,-1.1052321719674671,0.0117226556316826,-1.3560527477123314,item
50547313277125,im2,sc6,b371,-1.1714347406594272,item_ridge,363.0,-0.7393400558468726,-1.0300616525541268,0.0204705834618003,-1.1717460546836749,item
258962726413277,im20,sc92,b153,-0.21809259164197,item_ridge,571.0,-0.6719321285344858,-1.1053539421228344,0.0112772387829762,-0.21819647139282652,item
66469825280307,im6,sc9,b332,-1.1680944844546055,item_ridge,1006.0,-0.7540643423936192,-1.1052321719674671,0.0117226556316826,-1.167680545358762,item
141358622657470,im20,sc89,b135,-1.0015960862856084,item_ridge,713.0,-0.6719321285344858,-1.1053539421228344,0.0112772387829762,-1.0019779683768393,item
276201728464948,im6,sc34,b332,-0.7981760002086671,item_ridge,1001.0,-0.7540643423936192,-1.1052321719674671,0.0117226556316826,-0.7977969430925501,item
272585357974472,im20,sc89,b153,-0.5619865250805745,item_ridge,789.0,-0.6719321285344858,-1.1053539421228344,0.0112772387829762,-0.5621652852652316,item
28428714014044,im17,sc55,b391,-1.1568572200110556,item_ridge,804.0,-0.5825053462263596,-0.9597630819115917,0.0120962057980395,-1.1560327504475825,item
69118228593780,im20,sc89,b153,-0.6719321285344858,category_fe_positive_fallback,424.0,-0.6719321285344858,-1.1053539421228344,0.0112772387829762,-0.7049611698243912,sub_category
104108848631157,im14,sc51,b481,-1.248750571236644,item_ridge,258.0,-0.4547142583452114,-0.5090817434280027,0.0066479608065638,-1.2479029689842671,item
30511698560905,im6,sc22,b520,-0.7540643423936192,category_fe_positive_fallback,990.0,-0.7540643423936192,-1.1052321719674671,0.0117226556316826,-0.5733983862388061,sub_category
16360407820271,im16,sc83,b153,-1.3859726461658612,item_ridge,932.0,-0.7311111818334803,-1.1262045944613654,0.02034177093961,-1.3866901006983288,item
71530925460636,im14,sc51,b91,-0.4547142583452114,category_fe_low_n,,-0.4547142583452114,-0.5090817434280027,0.0066479608065638,-0.6979409003363024,sub_category
84473842647330,im20,sc92,b332,-0.1950106238878686,item_ridge,705.0,-0.6719321285344858,-1.1053539421228344,0.0112772387829762,-0.19511869754171005,item
277856157534661,im20,sc72,b24,-0.1419462475017796,item_ridge,800.0,-0.6719321285344858,-1.1053539421228344,0.0112772387829762,-0.1420800341156192,item
266251739174405,im20,sc89,b395,-0.8740230952921604,item_ridge,456.0,-0.6719321285344858,-1.1053539421228344,0.0112772387829762,-0.8740794015236102,item
233795642661162,im16,sc75,b153,-0.8888148788312766,item_ridge,475.0,-0.7311111818334803,-1.1262045944613654,0.02034177093961,-0.889033231207229,item
243573019058145,im17,sc55,b391,-0.330979602712977,item_ridge,791.0,-0.5825053462263596,-0.9597630819115917,0.0120962057980395,-0.3301896779636145,item
44996476451352,im14,sc51,b481,-1.3813256462422638,item_ridge,267.0,-0.4547142583452114,-0.5090817434280027,0.0066479608065638,-1.3811256885450436,item
81623003875689,im14,sc51,b283,-0.3795921001206875,item_ridge,910.0,-0.4547142583452114,-0.5090817434280027,0.0066479608065638,-0.379182630433547,item
185218561834644,im8,sc37,b546,-0.6093625914995545,item_ridge,795.0,-0.5240268331974867,-0.98244493005407,0.0158566637101308,-0.6090620448588742,item
81708851723990,im5,sc78,b153,-0.1759143911090601,item_ridge,612.0,-0.5329307810791537,-1.0012805344071898,0.0196419014737194,-0.17630678850364154,item
272780578492044,im20,sc72,b520,-0.9355367240713932,item_ridge,1062.0,-0.6719321285344858,-1.1053539421228344,0.0112772387829762,-0.9356925118696113,item
178868111044736,im16,sc75,b218,-0.2630790759710043,item_ridge,412.0,-0.7311111818334803,-1.1262045944613654,0.02034177093961,-0.26331223189786934,item
47359064340687,im15,sc63,b350,-0.2395602040407413,item_ridge,793.0,-0.3701674932352681,-0.4867729418820625,0.0094473752650418,-0.2395744748390243,item
258224374683932,im20,sc72,b520,-0.2197358194037106,item_ridge,587.0,-0.6719321285344858,-1.1053539421228344,0.0112772387829762,-0.21981913271220818,item
254436640984387,im16,sc83,b324,-1.0754465436118257,item_ridge,523.0,-0.7311111818334803,-1.1262045944613654,0.02034177093961,-1.0760068238266163,item
197197079475794,im6,sc34,b332,-0.5472282438368539,item_ridge,229.0,-0.7540643423936192,-1.1052321719674671,0.0117226556316826,-0.5471465534394214,item
221936857866892,im5,sc78,b153,-1.6485584756612348,item_ridge,368.0,-0.5329307810791537,-1.0012805344071898,0.0196419014737194,-1.648950873055814,item
62318183048111,im6,sc34,b332,-0.7280456701132985,item_ridge,315.0,-0.7540643423936192,-1.1052321719674671,0.0117226556316826,-0.7279492822803469,item
217245011780127,im5,sc78,b302,-1.973839944050621,item_ridge,456.0,-0.5329307810791537,-1.0012805344071898,0.0196419014737194,-1.9741625636658273,item
150133429909479,im17,sc67,b551,-0.690306762217688,item_ridge,348.0,-0.5825053462263596,-0.9597630819115917,0.0120962057980395,-0.6899890065208881,item
254996225991927,im14,sc51,b169,-1.1743503582069938,item_ridge,260.0,-0.4547142583452114,-0.5090817434280027,0.0066479608065638,-1.174130609474896,item
31675756772132,im9,sc43,b316,-0.8378193989202918,item_ridge,872.0,-0.6990257650229246,-0.3020684723539735,0.0133293137954538,-0.8395619303532676,item
70293862356744,im17,sc55,b391,-0.5825053462263596,category_fe_positive_fallback,665.0,-0.5825053462263596,-0.9597630819115917,0.0120962057980395,-0.6443482333568126,sub_category
116402891405540,im14,sc51,b66,-0.367579241167615,item_ridge,743.0,-0.4547142583452114,-0.5090817434280027,0.0066479608065638,-0.367138378804461,item
136705391598504,im9,sc39,b460,-0.0761167964489994,item_ridge,434.0,-0.6990257650229246,-0.3020684723539735,0.0133293137954538,-0.07746008110699791,item
158272687220920,im14,sc51,b122,-0.998119583297852,item_ridge,343.0,-0.4547142583452114,-0.5090817434280027,0.0066479608065638,-0.9974112007391018,item
213927386834390,im14,sc51,b481,-2.2758890284899453,item_ridge,145.0,-0.4547142583452114,-0.5090817434280027,0.0066479608065638,-2.275287790499328,item
270303709288591,im20,sc89,b332,-0.9228318320051906,item_ridge,567.0,-0.6719321285344858,-1.1053539421228344,0.0112772387829762,-0.9228887835802657,item
153812972840062,im6,sc22,b24,-0.4448951619617057,item_ridge,779.0,-0.7540643423936192,-1.1052321719674671,0.0117226556316826,-0.44471318270551724,item
211295976155929,im16,sc83,b324,-0.8241368633386474,item_ridge,590.0,-0.7311111818334803,-1.1262045944613654,0.02034177093961,-0.8244265571790785,item
27885921918473,im14,sc51,b122,-0.4547142583452114,category_fe_positive_fallback,262.0,-0.4547142583452114,-0.5090817434280027,0.0066479608065638,-0.6979409003363024,sub_category
151190528447321,im16,sc31,b1,-0.2129279901581804,item_ridge,360.0,-0.7311111818334803,-1.1262045944613654,0.02034177093961,-0.2131676810928506,item
42804983606192,im19,sc59,b476,-0.1762179383070413,item_ridge,1059.0,-0.3484302192705804,-0.4712393146436414,0.0168972418100549,-0.17629698676139005,item
86600654978059,im16,sc73,b153,-0.7311111818334803,category_fe_positive_fallback,826.0,-0.7311111818334803,-1.1262045944613654,0.02034177093961,-0.05497441232417351,sub_category
241861512197102,im20,sc57,b395,-0.8820402269159248,item_ridge,168.0,-0.6719321285344858,-1.1053539421228344,0.0112772387829762,-0.8820647357403139,item
230941828482534,im14,sc99,b346,-0.2143878006602786,item_ridge,317.0,-0.4547142583452114,-0.5090817434280027,0.0066479608065638,-0.21419735497168754,item
94109723872378,im14,sc51,b346,-0.6710981035610692,item_ridge,188.0,-0.4547142583452114,-0.5090817434280027,0.0066479608065638,-0.6709889116444989,item
194014066381830,im20,sc92,b520,-0.6719321285344858,category_fe_positive_fallback,705.0,-0.6719321285344858,-1.1053539421228344,0.0112772387829762,-0.504697012925296,sub_category
223092578644750,im16,sc83,b153,-0.3212329267996062,item_ridge,932.0,-0.7311111818334803,-1.1262045944613654,0.02034177093961,-0.321583024887617,item
80026176673917,im4,sc3,b496,-0.4985299130883885,item_ridge,426.0,-0.6597748090798966,-0.6259883664315813,0.0291194429147193,-0.498440099918339,item
113795368523161,im14,sc51,b283,-0.2266704117016567,item_ridge,1054.0,-0.4547142583452114,-0.5090817434280027,0.0066479608065638,-0.2263087134780164,item
91294708145317,im9,sc42,b224,-0.3158839403745348,item_ridge,843.0,-0.6990257650229246,-0.3020684723539735,0.0133293137954538,-0.31756625352220796,item
95151998364850,im5,sc78,b348,-0.3313488167709722,item_ridge,754.0,-0.5329307810791537,-1.0012805344071898,0.0196419014737194,-0.3316960638377261,item
255550243710339,im6,sc22,b332,-0.6485663868104944,item_ridge,276.0,-0.7540643423936192,-1.1052321719674671,0.0117226556316826,-0.6485041307491651,item
31682799002197,im19,sc59,b476,-0.3793008136780771,item_ridge,1057.0,-0.3484302192705804,-0.4712393146436414,0.0168972418100549,-0.3793752298033417,item
87353603854685,im5,sc78,b153,-0.5329307810791537,category_fe_positive_fallback,391.0,-0.5329307810791537,-1.0012805344071898,0.0196419014737194,-0.30769732064234073,sub_category
16898003074607,im12,sc84,b414,-0.4545682273294731,item_ridge,146.0,-0.7159602082500641,-1.7759215692028727,0.0614701148056001,-0.4541300965737408,item
56219533706964,im2,sc6,b166,-0.7393400558468726,category_fe_positive_fallback,275.0,-0.7393400558468726,-1.0300616525541268,0.0204705834618003,-0.6985609852903643,sub_category
279956010579014,im6,sc34,b153,-0.4023584543334909,item_ridge,331.0,-0.7540643423936192,-1.1052321719674671,0.0117226556316826,-0.402291119570755,item
62493537978617,im4,sc1,b484,-0.6597748090798966,category_fe_low_n,27.0,-0.6597748090798966,-0.6259883664315813,0.0291194429147193,-0.32224800218950433,item
37362592886047,im14,sc51,b66,-1.2371280861521632,item_ridge,411.0,-0.4547142583452114,-0.5090817434280027,0.0066479608065638,-1.2369492843887788,item
102727950197378,im7,sc33,b24,-0.712375224530957,category_fe_positive_fallback,714.0,-0.712375224530957,-1.226191510591962,0.0322433928253026,-0.5987735288605195,sub_category
14599650877349,im16,sc31,b332,-0.7541671443795569,item_ridge,741.0,-0.7311111818334803,-1.1262045944613654,0.02034177093961,-0.7545929192789307,item
129532752091524,im8,sc81,b153,-0.4570068652730253,item_ridge,817.0,-0.5240268331974867,-0.98244493005407,0.0158566637101308,-0.45681761419949873,item
8116231202775,im14,sc51,b344,-0.4943156878644507,item_ridge,537.0,-0.4547142583452114,-0.5090817434280027,0.0066479608065638,-0.4941068583240095,item
62918974306117,im14,sc51,b283,-0.4547142583452114,category_fe_positive_fallback,902.0,-0.4547142583452114,-0.5090817434280027,0.0066479608065638,-0.6979409003363024,sub_category
101540004679971,im6,sc34,b332,-0.6751326916160814,item_ridge,849.0,-0.7540643423936192,-1.1052321719674671,0.0117226556316826,-0.6748913802328721,item
227696505217549,im6,sc34,b332,-0.2626487573474153,item_ridge,771.0,-0.7540643423936192,-1.1052321719674671,0.0117226556316826,-0.26249357977237703,item
74293528028291,im16,sc30,b301,-0.5186340999723229,item_ridge,836.0,-0.7311111818334803,-1.1262045944613654,0.02034177093961,-0.5189519798846548,item
136996818779807,im8,sc81,b480,-0.5618871444173977,item_ridge,219.0,-0.5240268331974867,-0.98244493005407,0.0158566637101308,-0.5617936775606763,item
233711459313654,im2,sc6,b480,-0.9271518147908868,item_ridge,480.0,-0.7393400558468726,-1.0300616525541268,0.0204705834618003,-0.9273060125185205,item
156242751634684,im20,sc92,b24,-0.7541423666139729,item_ridge,827.0,-0.6719321285344858,-1.1053539421228344,0.0112772387829762,-0.7542328581360702,item
203118947140292,im14,sc99,b369,-0.4547142583452114,category_fe_positive_fallback,276.0,-0.4547142583452114,-0.5090817434280027,0.0066479608065638,-0.7841611611925259,sub_category
1229038828612,im14,sc51,b169,-1.476721673681715,item_ridge,361.0,-0.4547142583452114,-0.5090817434280027,0.0066479608065638,-1.4764875935105666,item
20213550319203,im16,sc83,b324,-0.7311111818334803,category_fe_positive_fallback,609.0,-0.7311111818334803,-1.1262045944613654,0.02034177093961,-0.5529884842673374,sub_category
81258746185207,im2,sc6,b425,-0.486832717786233,item_ridge,399.0,-0.7393400558468726,-1.0300616525541268,0.0204705834618003,-0.48707836400849086,item
134014102661023,im8,sc37,b520,-0.3981771762805946,item_ridge,1044.0,-0.5240268331974867,-0.98244493005407,0.0158566637101308,-0.3979757830245798,item
137321571965101,im20,sc57,b520,-0.3929858440855338,item_ridge,281.0,-0.6719321285344858,-1.1053539421228344,0.0112772387829762,-0.3930111591212523,item
70275679345672,im19,sc69,b63,-0.0225317842626771,item_ridge,619.0,-0.3484302192705804,-0.4712393146436414,0.0168972418100549,-0.022580566555802786,item
102910190149634,im14,sc51,b66,-1.1991677835992116,item_ridge,347.0,-0.4547142583452114,-0.5090817434280027,0.0066479608065638,-1.1988320184557568,item
216361572479715,im9,sc58,b224,-0.1582576699160694,item_ridge,803.0,-0.6990257650229246,-0.3020684723539735,0.0133293137954538,-0.16069744243152398,item
138147000828833,im7,sc33,b332,-0.4642884256786537,item_ridge,829.0,-0.712375224530957,-1.226191510591962,0.0322433928253026,-0.4648927145390108,item
93607199908949,im2,sc7,b546,-0.6231160798270025,item_ridge,270.0,-0.7393400558468726,-1.0300616525541268,0.0204705834618003,-0.6231974533068245,item
258398206858279,im3,sc16,b24,-0.6699288454521628,item_ridge,708.0,-0.4340556041136897,-0.8987359235912883,0.0202666082602156,-0.6681506002558973,item
18313283074949,im14,sc51,b122,-0.4547142583452114,category_fe_positive_fallback,220.0,-0.4547142583452114,-0.5090817434280027,0.0066479608065638,-0.6979409003363024,sub_category
241619041670970,im6,sc34,b332,-0.587812127545068,item_ridge,729.0,-0.7540643423936192,-1.1052321719674671,0.0117226556316826,-0.58756637275112,item
163031907957193,im16,sc83,b324,-1.04820124054989,item_ridge,807.0,-0.7311111818334803,-1.1262045944613654,0.02034177093961,-1.048537162130814,item
217641917333340,im14,sc51,b283,-0.478150906599657,item_ridge,303.0,-0.4547142583452114,-0.5090817434280027,0.0066479608065638,-0.4780137342544637,item
248500808370505,im9,sc39,b224,-1.216929506022561,item_ridge,155.0,-0.6990257650229246,-0.3020684723539735,0.0133293137954538,-1.2176544967239256,item
104851821179869,im2,sc6,b166,-0.4503473583325187,item_ridge,803.0,-0.7393400558468726,-1.0300616525541268,0.0204705834618003,-0.45061051596864166,item
105273146992084,im20,sc89,b520,-0.6601043405310152,item_ridge,813.0,-0.6719321285344858,-1.1053539421228344,0.0112772387829762,-0.660352313819663,item
93741921172549,im14,sc51,b369,-0.8844546176505723,item_ridge,360.0,-0.4547142583452114,-0.5090817434280027,0.0066479608065638,-0.8843351889918238,item
118009898234949,im20,sc89,b135,-1.9775155923350056,item_ridge,829.0,-0.6719321285344858,-1.1053539421228344,0.0112772387829762,-1.9783104943474712,item
136010395820656,im5,sc26,b551,-1.31622897685996,item_ridge,876.0,-0.5329307810791537,-1.0012805344071898,0.0196419014737194,-1.318945351185922,item
278588316198970,im20,sc72,b395,-1.117996631251641,item_ridge,645.0,-0.6719321285344858,-1.1053539421228344,0.0112772387829762,-1.1182409091076242,item
7061948800396,im14,sc51,b273,-1.332040439135087,item_ridge,481.0,-0.4547142583452114,-0.5090817434280027,0.0066479608065638,-1.3311382409244228,item
223896993818396,im17,sc67,b551,-1.4625567540314626,item_ridge,348.0,-0.5825053462263596,-0.9597630819115917,0.0120962057980395,-1.4616863797315314,item
232925954207597,im9,sc43,b224,-0.2109485329307622,item_ridge,771.0,-0.6990257650229246,-0.3020684723539735,0.0133293137954538,-0.21756030447472205,item
227893104644055,im20,sc89,b520,-1.90592402451081,item_ridge,900.0,-0.6719321285344858,-1.1053539421228344,0.0112772387829762,-1.9063414005015247,item
54358093789905,im6,sc34,b556,-0.4398958391418017,item_ridge,937.0,-0.7540643423936192,-1.1052321719674671,0.0117226556316826,-0.4392395815557367,item
155578817996563,im6,sc34,b332,-1.1705104823574093,item_ridge,1006.0,-0.7540643423936192,-1.1052321719674671,0.0117226556316826,-1.1695736062931357,item
265012382185854,im20,sc57,b520,-1.47071560178078,item_ridge,941.0,-0.6719321285344858,-1.1053539421228344,0.0112772387829762,-1.471000678106567,item
162400933634819,im6,sc34,b520,-0.7783962674139179,item_ridge,310.0,-0.7540643423936192,-1.1052321719674671,0.0117226556316826,-0.7781850345034025,item
273147568020627,im20,sc89,b563,-0.6719321285344858,category_fe_positive_fallback,936.0,-0.6719321285344858,-1.1053539421228344,0.0112772387829762,-0.7049611698243912,sub_category
215413123942023,im6,sc34,b332,-0.8748230852926945,item_ridge,358.0,-0.7540643423936192,-1.1052321719674671,0.0117226556316826,-0.8746467160664403,item
150245366176864,im9,sc58,b224,-0.6990257650229246,category_fe_low_n,,-0.6990257650229246,-0.3020684723539735,0.0133293137954538,-0.6004875735489288,sub_category
254862655809153,im20,sc72,b520,-0.5841031893409887,item_ridge,1070.0,-0.6719321285344858,-1.1053539421228344,0.0112772387829762,-0.5843083180306475,item
143961987527232,im14,sc51,b68,-0.4813940750506396,item_ridge,172.0,-0.4547142583452114,-0.5090817434280027,0.0066479608065638,-0.48110881116859827,item
273296986673338,im20,sc89,b332,-0.7087285066160511,item_ridge,915.0,-0.6719321285344858,-1.1053539421228344,0.0112772387829762,-0.7090189112481681,item
4693255693835,im14,sc51,b122,-1.4193691765969152,item_ridge,328.0,-0.4547142583452114,-0.5090817434280027,0.0066479608065638,-1.4189835926415257,item
213101881351856,im3,sc16,b24,-1.045450555821109,item_ridge,667.0,-0.4340556041136897,-0.8987359235912883,0.0202666082602156,-1.0398954180108029,item
219626549476043,im6,sc34,b520,-0.9417636006047924,item_ridge,390.0,-0.7540643423936192,-1.1052321719674671,0.0117226556316826,-0.9415581783083221,item
271863676733300,im19,sc49,b322,-0.6337609787107195,item_ridge,305.0,-0.3484302192705804,-0.4712393146436414,0.0168972418100549,-0.6338285528641968,item
258033432329233,im6,sc34,b153,-0.8130955872548109,item_ridge,564.0,-0.7540643423936192,-1.1052321719674671,0.0117226556316826,-0.8127107195246506,item
245940248759680,im6,sc34,b24,-0.5048880872275066,item_ridge,802.0,-0.7540643423936192,-1.1052321719674671,0.0117226556316826,-0.5033701497589047,item
85088531917620,im11,sc13,b358,-0.3954087848279526,category_fe_positive_fallback,830.0,-0.3954087848279526,-0.4174127415726866,0.0176249681656319,-0.48767448486549586,main_category
40556897138991,im14,sc99,b369,-1.549280379544147,item_ridge,220.0,-0.4547142583452114,-0.5090817434280027,0.0066479608065638,-1.549077647036934,item
46642755396793,im6,sc34,b556,-0.3924177188773601,item_ridge,938.0,-0.7540643423936192,-1.1052321719674671,0.0117226556316826,-0.39200995049185255,item
66638276848471,im16,sc83,b324,-0.7311111818334803,category_fe_positive_fallback,479.0,-0.7311111818334803,-1.1262045944613654,0.02034177093961,-0.5529884842673374,sub_category
152949795943586,im20,sc92,b332,-0.3850887532715573,item_ridge,705.0,-0.6719321285344858,-1.1053539421228344,0.0112772387829762,-0.38519892387689053,item
148428489105386,im9,sc39,b460,-0.3499293278452833,item_ridge,698.0,-0.6990257650229246,-0.3020684723539735,0.0133293137954538,-0.3521015641354075,item
187990528223809,im6,sc34,b556,-0.7540643423936192,category_fe_positive_fallback,902.0,-0.7540643423936192,-1.1052321719674671,0.0117226556316826,-1.0002026257281673,sub_category
276828263802456,im17,sc55,b505,-1.5246757506680408,item_ridge,768.0,-0.5825053462263596,-0.9597630819115917,0.0120962057980395,-1.5237453436746229,item
58236295175808,im20,sc89,b460,-0.7662401001060796,item_ridge,881.0,-0.6719321285344858,-1.1053539421228344,0.0112772387829762,-0.766387238453019,item
122040131064446,im6,sc9,b24,-0.8624177415105418,item_ridge,998.0,-0.7540643423936192,-1.1052321719674671,0.0117226556316826,-0.8619695925720681,item
246955615942631,im14,sc51,b283,-0.0909778699028404,item_ridge,970.0,-0.4547142583452114,-0.5090817434280027,0.0066479608065638,-0.09022581057746042,item
173156703372281,im20,sc72,b510,-1.0527811324975416,item_ridge,747.0,-0.6719321285344858,-1.1053539421228344,0.0112772387829762,-1.0529111983228485,item
179334972050955,im3,sc20,b348,-0.4888313575005469,item_ridge,788.0,-0.4340556041136897,-0.8987359235912883,0.0202666082602156,-0.4860165595630819,item
215798249882287,im6,sc34,b24,-0.6513136985394796,item_ridge,147.0,-0.7540643423936192,-1.1052321719674671,0.0117226556316826,-0.6512357679511335,item
31244706081814,im20,sc72,b153,-0.4808034651121485,item_ridge,651.0,-0.6719321285344858,-1.1053539421228344,0.0112772387829762,-0.48090279398868757,item
246230850602250,im14,sc99,b273,-0.6967810103949265,item_ridge,260.0,-0.4547142583452114,-0.5090817434280027,0.0066479608065638,-0.6965728170794411,item
43798073661796,im6,sc34,b24,-0.7540643423936192,category_fe_low_n,,-0.7540643423936192,-1.1052321719674671,0.0117226556316826,-1.0002026257281673,sub_category
173846112276332,im19,sc59,b476,-0.0742139892216669,item_ridge,685.0,-0.3484302192705804,-0.4712393146436414,0.0168972418100549,-0.07430573922350053,item
231239159491928,im20,sc89,b332,-0.6719321285344858,category_fe_positive_fallback,567.0,-0.6719321285344858,-1.1053539421228344,0.0112772387829762,-0.7049611698243912,sub_category
187897061913990,im17,sc55,b301,-0.911164166941393,item_ridge,210.0,-0.5825053462263596,-0.9597630819115917,0.0120962057980395,-0.910769204566712,item
245761175803680,im8,sc37,b496,-0.181985180313236,item_ridge,75.0,-0.5240268331974867,-0.98244493005407,0.0158566637101308,-0.18194505598636748,item
213970775833980,im14,sc51,b122,-0.5512341965126237,item_ridge,469.0,-0.4547142583452114,-0.5090817434280027,0.0066479608065638,-0.5508854648290751,item
102392472073863,im6,sc22,b24,-0.6525600616243491,item_ridge,668.0,-0.7540643423936192,-1.1052321719674671,0.0117226556316826,-0.6523821871634111,item
202498930410110,im5,sc78,b153,-0.5329307810791537,category_fe_positive_fallback,545.0,-0.5329307810791537,-1.0012805344071898,0.0196419014737194,-0.30769732064234073,sub_category
147316561673388,im16,sc83,b153,-0.882161149972111,item_ridge,821.0,-0.7311111818334803,-1.1262045944613654,0.02034177093961,-0.8823528410026941,item
270694730581945,im17,sc55,b391,-0.6099106039993781,item_ridge,804.0,-0.5825053462263596,-0.9597630819115917,0.0120962057980395,-0.6093221906656694,item
43690124958978,im6,sc34,b332,-0.1847040414101677,item_ridge,904.0,-0.7540643423936192,-1.1052321719674671,0.0117226556316826,-0.18446102102282777,item
109999215338205,im20,sc57,b332,-0.4430582240243343,item_ridge,943.0,-0.6719321285344858,-1.1053539421228344,0.0112772387829762,-0.44319318380074024,item
102617015425173,im6,sc34,b153,-0.7282658876132445,item_ridge,290.0,-0.7540643423936192,-1.1052321719674671,0.0117226556316826,-0.7282023126595937,item
151443097296597,im20,sc57,b520,-0.2795888599853921,item_ridge,910.0,-0.6719321285344858,-1.1053539421228344,0.0112772387829762,-0.27969834348381595,item
218889800369144,im6,sc34,b218,-0.7540643423936192,category_fe_low_n,,-0.7540643423936192,-1.1052321719674671,0.0117226556316826,-1.0002026257281673,sub_category
189931768323602,im16,sc97,b332,-0.1588783028483409,item_ridge,698.0,-0.7311111818334803,-1.1262045944613654,0.02034177093961,-0.15928313029756683,item
137830294373012,im15,sc63,b547,-0.3701674932352681,category_fe_positive_fallback,842.0,-0.3701674932352681,-0.4867729418820625,0.0094473752650418,-0.3596437625319346,sub_category
73970184888758,im20,sc72,b486,-0.2219316004588843,item_ridge,366.0,-0.6719321285344858,-1.1053539421228344,0.0112772387829762,-0.2220158844078688,item
74490891612373,im14,sc51,b143,-0.056128286331913,item_ridge,160.0,-0.4547142583452114,-0.5090817434280027,0.0066479608065638,-0.055990431537242355,item
114834045059328,im14,sc51,b122,-0.1384408496432707,item_ridge,359.0,-0.4547142583452114,-0.5090817434280027,0.0066479608065638,-0.13820199232577274,item
195727149279034,im7,sc21,b301,-0.3796970463560418,item_ridge,850.0,-0.712375224530957,-1.226191510591962,0.0322433928253026,-0.38096219229428285,item
6530784700875,im7,sc33,b24,-0.491650620192104,item_ridge,762.0,-0.712375224530957,-1.226191510591962,0.0322433928253026,-0.49290336520493694,item
257612139683906,im3,sc20,b153,-0.0926296326070778,item_ridge,501.0,-0.4340556041136897,-0.8987359235912883,0.0202666082602156,-0.0912773275481524,item
180994058599559,im14,sc51,b283,-0.4484206076791348,item_ridge,654.0,-0.4547142583452114,-0.5090817434280027,0.0066479608065638,-0.4480534498596668,item
157001007195424,im3,sc16,b236,-0.9671948093217584,item_ridge,779.0,-0.4340556041136897,-0.8987359235912883,0.0202666082602156,-0.964705266046986,item
248437912549978,im17,sc56,b505,-0.6874506892055594,item_ridge,788.0,-0.5825053462263596,-0.9597630819115917,0.0120962057980395,-0.6867550565795613,item
3346253103357,im14,sc51,b66,-1.816695605923045,item_ridge,265.0,-0.4547142583452114,-0.5090817434280027,0.0066479608065638,-1.8165570686788983,item
233692453704544,im6,sc34,b332,-0.2639589982437909,item_ridge,240.0,-0.7540643423936192,-1.1052321719674671,0.0117226556316826,-0.2639063609165753,item
204309622985760,im6,sc9,b551,-0.3721621617036362,item_ridge,906.0,-0.7540643423936192,-1.1052321719674671,0.0117226556316826,-0.37180022156859216,item
161462368988377,im20,sc57,b395,-0.5228186513787569,item_ridge,924.0,-0.6719321285344858,-1.1053539421228344,0.0112772387829762,-0.5229252325163973,item
40684613646650,im6,sc34,b153,-0.7214977972223474,item_ridge,427.0,-0.7540643423936192,-1.1052321719674671,0.0117226556316826,-0.7214051691984831,item
125636880853906,im8,sc37,b332,-0.3981048001985422,item_ridge,955.0,-0.5240268331974867,-0.98244493005407,0.0158566637101308,-0.3979049501858688,item
174374517675993,im6,sc9,b546,-0.5192950965885782,item_ridge,149.0,-0.7540643423936192,-1.1052321719674671,0.0117226556316826,-0.5192458344151882,item
248118307603517,im20,sc92,b153,-0.2487919767794781,item_ridge,825.0,-0.6719321285344858,-1.1053539421228344,0.0112772387829762,-0.248887146116443,item
85966687449844,im6,sc22,b332,-0.5324553276059557,item_ridge,237.0,-0.7540643423936192,-1.1052321719674671,0.0117226556316826,-0.5323954660085264,item
180901917521217,im14,sc51,b283,-0.491259194723302,item_ridge,512.0,-0.4547142583452114,-0.5090817434280027,0.0066479608065638,-0.4909589169527312,item
203116466308448,im20,sc72,b24,-0.4492818337720689,item_ridge,656.0,-0.6719321285344858,-1.1053539421228344,0.0112772387829762,-0.44935430826179135,item
60504050944717,im5,sc26,b541,-0.088460414204752,item_ridge,936.0,-0.5329307810791537,-1.0012805344071898,0.0196419014737194,-0.08900663720005375,item
204187827089283,im16,sc30,b153,-0.1697211269290833,item_ridge,804.0,-0.7311111818334803,-1.1262045944613654,0.02034177093961,-0.16997370592919211,item
232643343597284,im5,sc26,b155,-0.3272072947876044,item_ridge,342.0,-0.5329307810791537,-1.0012805344071898,0.0196419014737194,-0.3273415984925966,item
201789241400226,im11,sc54,b300,-0.3035985231039502,item_ridge,257.0,-0.3954087848279526,-0.4174127415726866,0.0176249681656319,-0.3031908660788812,item
110988534578813,im5,sc26,b153,-0.5187240793061466,item_ridge,784.0,-0.5329307810791537,-1.0012805344071898,0.0196419014737194,-0.5190868630946308,item
184385756986967,im19,sc98,b476,-0.5549970925024892,item_ridge,602.0,-0.3484302192705804,-0.4712393146436414,0.0168972418100549,-0.5550371356041923,item
11876842683335,im20,sc92,b24,-0.2423627854859977,item_ridge,795.0,-0.6719321285344858,-1.1053539421228344,0.0112772387829762,-0.24243488835654553,item
118057852007251,im14,sc51,b344,-0.4220807333803455,item_ridge,575.0,-0.4547142583452114,-0.5090817434280027,0.0066479608065638,-0.42154228074175615,item
55228681689292,im5,sc78,b520,-0.993033832962197,item_ridge,704.0,-0.5329307810791537,-1.0012805344071898,0.0196419014737194,-0.9936248917992222,item
136371036773462,im14,sc51,b283,-0.0521289575126707,item_ridge,880.0,-0.4547142583452114,-0.5090817434280027,0.0066479608065638,-0.05141375045913326,item
73877508086397,im3,sc16,b24,-1.1065391549009054,item_ridge,615.0,-0.4340556041136897,-0.8987359235912883,0.0202666082602156,-1.1045655531901202,item
123481372932072,im16,sc83,b332,-0.1042538320655143,item_ridge,447.0,-0.7311111818334803,-1.1262045944613654,0.02034177093961,-0.10443011384926593,item
89056401284942,im5,sc78,b332,-0.5329307810791537,category_fe_positive_fallback,524.0,-0.5329307810791537,-1.0012805344071898,0.0196419014737194,-0.30769732064234073,sub_category
103598027996997,im8,sc37,b153,-0.624849720755789,item_ridge,969.0,-0.5240268331974867,-0.98244493005407,0.0158566637101308,-0.6246822788532808,item
102920676336119,im20,sc93,b486,-0.4542886728877536,item_ridge,325.0,-0.6719321285344858,-1.1053539421228344,0.0112772387829762,-0.4543361120448699,item
251964981895311,im16,sc75,b551,-0.4607930459440046,item_ridge,792.0,-0.7311111818334803,-1.1262045944613654,0.02034177093961,-0.46101694965154927,item
148556599396082,im17,sc55,b551,-0.3159147105336014,item_ridge,348.0,-0.5825053462263596,-0.9597630819115917,0.0120962057980395,-0.3156936237232845,item
102409272102279,im20,sc92,b520,-0.5024061303773198,item_ridge,784.0,-0.6719321285344858,-1.1053539421228344,0.0112772387829762,-0.5025561430610097,item
51551799611615,im16,sc75,b218,-0.7311111818334803,category_fe_positive_fallback,416.0,-0.7311111818334803,-1.1262045944613654,0.02034177093961,-0.9441308074038132,sub_category
102727193111178,im8,sc81,b546,-0.9509213665185082,item_ridge,284.0,-0.5240268331974867,-0.98244493005407,0.0158566637101308,-0.9508630462897261,item
142592701137903,im6,sc34,b24,-0.5333161800582268,item_ridge,827.0,-0.7540643423936192,-1.1052321719674671,0.0117226556316826,-0.5328014280141571,item
590882946133,im2,sc95,b425,-0.7494293625615397,item_ridge,577.0,-0.7393400558468726,-1.0300616525541268,0.0204705834618003,-0.7495566582947187,item
64016425988463,im19,sc59,b476,-0.5589065317983589,item_ridge,629.0,-0.3484302192705804,-0.4712393146436414,0.0168972418100549,-0.5589468778903709,item
16930829613172,im20,sc89,b520,-0.4175207098316367,item_ridge,149.0,-0.6719321285344858,-1.1053539421228344,0.0112772387829762,-0.41756556121370797,item
24982330489325,im7,sc33,b520,-0.7835885804513284,item_ridge,928.0,-0.712375224530957,-1.226191510591962,0.0322433928253026,-0.784779089734359,item
135042233434209,im14,sc2,b122,-0.3978892673941815,item_ridge,338.0,-0.4547142583452114,-0.5090817434280027,0.0066479608065638,-0.39752611513520353,item
128061602317303,im9,sc44,b224,-0.121030731609192,item_ridge,626.0,-0.6990257650229246,-0.3020684723539735,0.0133293137954538,-0.12280221274773684,item
174807192245230,im8,sc37,b164,-0.3598398497874718,item_ridge,246.0,-0.5240268331974867,-0.98244493005407,0.0158566637101308,-0.3597549714037115,item
47690842332954,im5,sc78,b551,-0.5329307810791537,category_fe_positive_fallback,430.0,-0.5329307810791537,-1.0012805344071898,0.0196419014737194,-0.30769732064234073,sub_category
32910464048464,im9,sc44,b158,-0.0740678767745304,item_ridge,70.0,-0.6990257650229246,-0.3020684723539735,0.0133293137954538,-0.07471851336553914,item
220967770931886,im16,sc75,b395,-0.3550860120005031,item_ridge,132.0,-0.7311111818334803,-1.1262045944613654,0.02034177093961,-0.3551470766480161,item
237284627733157,im14,sc51,b369,-0.6745399023882088,item_ridge,365.0,-0.4547142583452114,-0.5090817434280027,0.0066479608065638,-0.674430710471639,item
74090974976292,im16,sc83,b153,-0.2474229836708472,item_ridge,962.0,-0.7311111818334803,-1.1262045944613654,0.02034177093961,-0.24766583340091008,item
249821281061092,im19,sc98,b476,-0.6210814523198397,item_ridge,561.0,-0.3484302192705804,-0.4712393146436414,0.0168972418100549,-0.6211166193242861,item
141927045270088,im11,sc18,b451,-0.6446859917400702,item_ridge,569.0,-0.3954087848279526,-0.4174127415726866,0.0176249681656319,-0.6441693903163331,item
68074929708569,im2,sc7,b425,-0.7393400558468726,category_fe_low_n,,-0.7393400558468726,-1.0300616525541268,0.0204705834618003,-0.7226485523343097,sub_category
266584685077723,im17,sc67,b24,-0.3420938326158722,item_ridge,659.0,-0.5825053462263596,-0.9597630819115917,0.0120962057980395,-0.3416828225297919,item
35660587534859,im3,sc16,b332,-0.2724384302131413,item_ridge,891.0,-0.4340556041136897,-0.8987359235912883,0.0202666082602156,-0.2706351393098852,item
2506340415430,im20,sc57,b520,-0.6199238352940999,item_ridge,768.0,-0.6719321285344858,-1.1053539421228344,0.0112772387829762,-0.6199947818910156,item
73591042629309,im6,sc34,b332,-1.4581509342403036,item_ridge,991.0,-0.7540643423936192,-1.1052321719674671,0.0117226556316826,-1.4558947069873835,item
110005563379591,im6,sc34,b332,-1.5524566992982374,item_ridge,860.0,-0.7540643423936192,-1.1052321719674671,0.0117226556316826,-1.5515044421967912,item
246009299751837,im6,sc34,b332,-1.203252520767359,item_ridge,390.0,-0.7540643423936192,-1.1052321719674671,0.0117226556316826,-1.202834840157893,item
263118660995533,im16,sc75,b332,-0.972508073264485,item_ridge,822.0,-0.7311111818334803,-1.1262045944613654,0.02034177093961,-0.9747076342041766,item
224157984085149,im14,sc51,b481,-0.59064030262372,item_ridge,210.0,-0.4547142583452114,-0.5090817434280027,0.0066479608065638,-0.5892842755098098,item
57775096181989,im20,sc89,b520,-0.5499650967005075,item_ridge,1068.0,-0.6719321285344858,-1.1053539421228344,0.0112772387829762,-0.5502201687690487,item
4743687304473,im14,sc51,b283,-1.32407850099046,item_ridge,490.0,-0.4547142583452114,-0.5090817434280027,0.0066479608065638,-1.3232793526510596,item
50393910363123,im9,sc39,b460,-0.1349440085103325,item_ridge,586.0,-0.6990257650229246,-0.3020684723539735,0.0133293137954538,-0.138366511783563,item
71259049007190,im17,sc55,b391,-1.2412242946006606,item_ridge,909.0,-0.5825053462263596,-0.9597630819115917,0.0120962057980395,-1.2396928078416924,item
81968746297433,im9,sc42,b224,-0.9668515557376516,item_ridge,424.0,-0.6990257650229246,-0.3020684723539735,0.0133293137954538,-0.9697921844104157,item
173456256999506,im2,sc6,b371,-1.079297082352806,item_ridge,452.0,-0.7393400558468726,-1.0300616525541268,0.0204705834618003,-1.0797027634406564,item
45934250448403,im15,sc61,b237,-0.7731773369228743,item_ridge,186.0,-0.3701674932352681,-0.4867729418820625,0.0094473752650418,-0.7731912135274716,item
16542008127127,im14,sc51,b346,-0.7902904016497052,item_ridge,405.0,-0.4547142583452114,-0.5090817434280027,0.0066479608065638,-0.7897778820913016,item
104485945295907,im14,sc51,b283,-0.5526655955717623,item_ridge,141.0,-0.4547142583452114,-0.5090817434280027,0.0066479608065638,-0.552341432069444,item
155335976186971,im15,sc61,b551,-0.6471890938055906,item_ridge,323.0,-0.3701674932352681,-0.4867729418820625,0.0094473752650418,-0.64720231905936,item
131198316747758,im6,sc34,b332,-1.544839891651299,item_ridge,281.0,-0.7540643423936192,-1.1052321719674671,0.0117226556316826,-1.5446997533126063,item
223583915745610,im9,sc43,b316,-0.077311052383297,item_ridge,871.0,-0.6990257650229246,-0.3020684723539735,0.0133293137954538,-0.0807632889114216,item
280249022606936,im6,sc9,b546,-0.6610596748777088,item_ridge,214.0,-0.7540643423936192,-1.1052321719674671,0.0117226556316826,-0.6608828099913024,item
135261253154338,im17,sc55,b391,-0.8582507559154552,item_ridge,801.0,-0.5825053462263596,-0.9597630819115917,0.0120962057980395,-0.8572213204549155,item
195476361675897,im15,sc63,b350,-0.3774943942520135,item_ridge,804.0,-0.3701674932352681,-0.4867729418820625,0.0094473752650418,-0.3775176409293754,item
265399766737684,im14,sc51,b273,-1.2497202863066466,item_ridge,467.0,-0.4547142583452114,-0.5090817434280027,0.0066479608065638,-1.2495135041146397,item
240517819235363,im9,sc58,b316,-0.4402546646929196,item_ridge,547.0,-0.6990257650229246,-0.3020684723539735,0.0133293137954538,-0.4424728883588772,item
41529978105243,im17,sc67,b24,-0.5825053462263596,category_fe_positive_fallback,352.0,-0.5825053462263596,-0.9597630819115917,0.0120962057980395,-0.9343200143175835,sub_category
146985817368160,im6,sc34,b510,-0.0671898882866035,item_ridge,742.0,-0.7540643423936192,-1.1052321719674671,0.0117226556316826,-0.06682860481344169,item
9307597220092,im6,sc9,b153,-0.9734030900113936,item_ridge,537.0,-0.7540643423936192,-1.1052321719674671,0.0117226556316826,-0.9731454898963764,item
154928563530175,im6,sc34,b24,-0.7540643423936192,category_fe_positive_fallback,898.0,-0.7540643423936192,-1.1052321719674671,0.0117226556316826,-1.0002026257281673,sub_category
222759424742819,im19,sc59,b476,-0.5781101709036727,item_ridge,873.0,-0.3484302192705804,-0.4712393146436414,0.0168972418100549,-0.5782624400435238,item
167640288361930,im11,sc54,b135,-0.3115579867197545,item_ridge,940.0,-0.3954087848279526,-0.4174127415726866,0.0176249681656319,-0.3098285963505205,item
13641551748529,im7,sc11,b395,-0.7180553969394301,item_ridge,281.0,-0.712375224530957,-1.226191510591962,0.0322433928253026,-0.7189228244019187,item
26976207812148,im20,sc72,b486,-0.8400095101540386,item_ridge,310.0,-0.6719321285344858,-1.1053539421228344,0.0112772387829762,-0.8401580181486045,item
242976321497484,im15,sc63,b534,-0.7944056737340168,item_ridge,805.0,-0.3701674932352681,-0.4867729418820625,0.0094473752650418,-0.7944360841255971,item
85744651051408,im6,sc9,b153,-0.1234115792892474,item_ridge,59.0,-0.7540643423936192,-1.1052321719674671,0.0117226556316826,-0.12333392294647368,item
226479481135377,im5,sc26,b541,-0.2687322651610542,item_ridge,722.0,-0.5329307810791537,-1.0012805344071898,0.0196419014737194,-0.269427532511896,item
61237554349502,im16,sc83,b546,-0.3054306285446131,item_ridge,264.0,-0.7311111818334803,-1.1262045944613654,0.02034177093961,-0.30560752669823765,item
33009929417484,im20,sc57,b153,-0.2100275947758206,item_ridge,837.0,-0.6719321285344858,-1.1053539421228344,0.0112772387829762,-0.21015884598011605,item
145319941798826,im20,sc89,b395,-0.5774773598272673,item_ridge,456.0,-0.6719321285344858,-1.1053539421228344,0.0112772387829762,-0.5775397968231721,item
25271973043404,im3,sc16,b24,-0.6054982928634359,item_ridge,650.0,-0.4340556041136897,-0.8987359235912883,0.0202666082602156,-0.6009950747466956,item
51744188180156,im14,sc51,b481,-0.9285159551233674,item_ridge,267.0,-0.4547142583452114,-0.5090817434280027,0.0066479608065638,-0.9283057606839701,item
212715262640930,im6,sc34,b332,-0.3807461841054044,item_ridge,759.0,-0.7540643423936192,-1.1052321719674671,0.0117226556316826,-0.3804877826808913,item
161592285385643,im17,sc55,b391,-0.5902076178698992,item_ridge,794.0,-0.5825053462263596,-0.9597630819115917,0.0120962057980395,-0.5895904171910972,item
227863831614408,im2,sc6,b153,-0.6792155144159444,item_ridge,744.0,-0.7393400558468726,-1.0300616525541268,0.0204705834618003,-0.6797335604094186,item
127461917686186,im2,sc6,b371,-0.6362057930252454,item_ridge,216.0,-0.7393400558468726,-1.0300616525541268,0.0204705834618003,-0.6363492893332982,item
5308256192807,im5,sc78,b332,-0.5329307810791537,category_fe_positive_fallback,967.0,-0.5329307810791537,-1.0012805344071898,0.0196419014737194,-0.30769732064234073,sub_category
80583469295800,im20,sc72,b332,-0.6719321285344858,category_fe_positive_fallback,963.0,-0.6719321285344858,-1.1053539421228344,0.0112772387829762,-0.6233376155185413,sub_category
156675618118815,im5,sc78,b155,-0.6671023988672923,item_ridge,106.0,-0.5329307810791537,-1.0012805344071898,0.0196419014737194,-0.6672690446227312,item
205422071711431,im6,sc9,b546,-1.884823123188578,item_ridge,390.0,-0.7540643423936192,-1.1052321719674671,0.0117226556316826,-1.8847180989716963,item
124062376725626,im20,sc89,b153,-0.3854749695996768,item_ridge,286.0,-0.6719321285344858,-1.1053539421228344,0.0112772387829762,-0.3855227250280693,item
16231189998382,im14,sc51,b369,-0.8026579971278638,item_ridge,365.0,-0.4547142583452114,-0.5090817434280027,0.0066479608065638,-0.8024634990264764,item
242702960285315,im14,sc51,b169,-0.6310791627892843,item_ridge,642.0,-0.4547142583452114,-0.5090817434280027,0.0066479608065638,-0.6307379380500014,item
69606673556880,im12,sc15,b249,-0.7934381053780902,item_ridge,505.0,-0.7159602082500641,-1.7759215692028727,0.0614701148056001,-0.7923178527799246,item
176307230301619,im20,sc89,b546,-0.4616521430959076,item_ridge,91.0,-0.6719321285344858,-1.1053539421228344,0.0112772387829762,-0.4616894116903631,item
31827848594342,im15,sc63,b65,-0.2605965322066935,item_ridge,831.0,-0.3701674932352681,-0.4867729418820625,0.0094473752650418,-0.2606139742934843,item
71492571660026,im20,sc57,b301,-0.4616332486286586,item_ridge,192.0,-0.6719321285344858,-1.1053539421228344,0.0112772387829762,-0.46168226627743786,item
103461948683851,im14,sc51,b283,-0.943069674840842,item_ridge,411.0,-0.4547142583452114,-0.5090817434280027,0.0066479608065638,-0.9426622525021368,item
7631969095401,im2,sc6,b371,-0.3436819827767437,item_ridge,276.0,-0.7393400558468726,-1.0300616525541268,0.0204705834618003,-0.344007889645879,item
52826002028388,im6,sc34,b332,-0.2597661759328373,item_ridge,243.0,-0.7540643423936192,-1.1052321719674671,0.0117226556316826,-0.2596937141577094,item
77938182410849,im14,sc51,b283,-0.2835802835001596,item_ridge,543.0,-0.4547142583452114,-0.5090817434280027,0.0066479608065638,-0.28322950446817635,item
180621280061822,im17,sc12,b301,-1.633651708897811,item_ridge,579.0,-0.5825053462263596,-0.9597630819115917,0.0120962057980395,-1.6333004621876603,item
151491430810144,im2,sc6,b480,-1.3069456091341238,item_ridge,259.0,-0.7393400558468726,-1.0300616525541268,0.0204705834618003,-1.3071158589911365,item
123427119511815,im3,sc16,b24,-0.4973081705632292,item_ridge,495.0,-0.4340556041136897,-0.8987359235912883,0.0202666082602156,-0.4954597973873923,item
274817312440618,im6,sc34,b332,-0.4032316684320594,item_ridge,261.0,-0.7540643423936192,-1.1052321719674671,0.0117226556316826,-0.4031605738602362,item
80544347167810,im17,sc55,b505,-1.0864141554548852,item_ridge,657.0,-0.5825053462263596,-0.9597630819115917,0.0120962057980395,-1.0857163502098246,item
173013166080805,im19,sc49,b476,-0.3484302192705804,category_fe_positive_fallback,1068.0,-0.3484302192705804,-0.4712393146436414,0.0168972418100549,-0.15646076700363776,sub_category
41583393454508,im14,sc51,b91,-0.5537672468715855,item_ridge,799.0,-0.4547142583452114,-0.5090817434280027,0.0066479608065638,-0.5531339337554756,item
35464969594305,im14,sc51,b10,-0.4728099240825889,item_ridge,486.0,-0.4547142583452114,-0.5090817434280027,0.0066479608065638,-0.4723997719459715,item
160637976361942,im16,sc30,b556,-0.7311111818334803,category_fe_positive_fallback,696.0,-0.7311111818334803,-1.1262045944613654,0.02034177093961,-0.5472143444102702,sub_category
243969926050099,im20,sc89,b301,-0.3654111272746639,item_ridge,162.0,-0.6719321285344858,-1.1053539421228344,0.0112772387829762,-0.3654527519386008,item
276721846289378,im16,sc83,b324,-0.7311111818334803,category_fe_positive_fallback,759.0,-0.7311111818334803,-1.1262045944613654,0.02034177093961,-0.5529884842673374,sub_category
252467812850929,im6,sc9,b546,-0.9532627184353464,item_ridge,385.0,-0.7540643423936192,-1.1052321719674671,0.0117226556316826,-0.9531912198642462,item
36215242736625,im14,sc51,b481,-0.4199989598737455,item_ridge,444.0,-0.4547142583452114,-0.5090817434280027,0.0066479608065638,-0.41969595230526174,item
198969780683138,im16,sc75,b218,-0.0395120978557808,item_ridge,377.0,-0.7311111818334803,-1.1262045944613654,0.02034177093961,-0.03967370328657134,item
32018647795219,im3,sc16,b332,-0.6024234807840138,item_ridge,840.0,-0.4340556041136897,-0.8987359235912883,0.0202666082602156,-0.5999589832162321,item
9896369941436,im8,sc37,b301,-0.5240268331974867,category_fe_positive_fallback,565.0,-0.5240268331974867,-0.98244493005407,0.0158566637101308,-0.48157631529870026,sub_category
20203126596892,im7,sc33,b24,-0.3611835253524861,item_ridge,676.0,-0.712375224530957,-1.226191510591962,0.0322433928253026,-0.3625567266165525,item
160069753483773,im7,sc33,b24,-0.6502409675309664,item_ridge,870.0,-0.712375224530957,-1.226191510591962,0.0322433928253026,-0.6513471574381297,item
280158728685679,im16,sc83,b332,-0.410293553051394,item_ridge,148.0,-0.7311111818334803,-1.1262045944613654,0.02034177093961,-0.4104081978478201,item
189773979590190,im17,sc55,b391,-0.1993130025468361,item_ridge,498.0,-0.5825053462263596,-0.9597630819115917,0.0120962057980395,-0.19909191573651897,item
158864986705753,im2,sc6,b486,-0.1744556960662054,item_ridge,154.0,-0.7393400558468726,-1.0300616525541268,0.0204705834618003,-0.17456027812122646,item
274357438773304,im6,sc34,b520,-0.1789013567242572,item_ridge,850.0,-0.7540643423936192,-1.1052321719674671,0.0117226556316826,-0.17866824856087335,item
72171059527105,im20,sc57,b332,-0.5230722074138496,item_ridge,832.0,-0.6719321285344858,-1.1053539421228344,0.0112772387829762,-0.523149119974597,item
194987319095359,im4,sc3,b496,-1.4397235404643425,item_ridge,220.0,-0.6597748090798966,-0.6259883664315813,0.0291194429147193,-1.4396489785873192,item
230823210253109,im3,sc16,b24,-0.3077984372776796,item_ridge,723.0,-0.4340556041136897,-0.8987359235912883,0.0202666082602156,-0.3040616177948218,item
35944253820213,im20,sc89,b395,-0.3176162498979892,item_ridge,226.0,-0.6719321285344858,-1.1053539421228344,0.0112772387829762,-0.31764303165850705,item
160670946389472,im14,sc51,b283,-0.4432635648506012,item_ridge,839.0,-0.4547142583452114,-0.5090817434280027,0.0066479608065638,-0.44287388619833984,item
77424188398058,im16,sc83,b324,-0.4449910387115618,item_ridge,807.0,-0.7311111818334803,-1.1262045944613654,0.02034177093961,-0.44525607775706166,item
27099545577493,im14,sc51,b344,-0.6046406605482761,item_ridge,460.0,-0.4547142583452114,-0.5090817434280027,0.0066479608065638,-0.604502123304127,item
169883588651725,im17,sc67,b153,-0.5694044502788971,item_ridge,298.0,-0.5825053462263596,-0.9597630819115917,0.0120962057980395,-0.5691972183027224,item
177656164031957,im14,sc51,b283,-0.6764794797711922,item_ridge,396.0,-0.4547142583452114,-0.5090817434280027,0.0066479608065638,-0.6763436723249581,item
165826600550650,im6,sc34,b348,-0.4286005155360202,item_ridge,173.0,-0.7540643423936192,-1.1052321719674671,0.0117226556316826,-0.4285396749889794,item
2364532345270,im17,sc55,b391,-0.545210081288852,item_ridge,800.0,-0.5825053462263596,-0.9597630819115917,0.0120962057980395,-0.5447725136434329,item
268872168283860,im17,sc55,b391,-0.5825053462263596,category_fe_positive_fallback,796.0,-0.5825053462263596,-0.9597630819115917,0.0120962057980395,-0.6443482333568126,sub_category
51545828020585,im17,sc56,b391,-0.7539658654000938,item_ridge,383.0,-0.5825053462263596,-0.9597630819115917,0.0120962057980395,-0.7537965640821769,item
241909001119280,im14,sc2,b346,-0.4122402502188668,item_ridge,788.0,-0.4547142583452114,-0.5090817434280027,0.0066479608065638,-0.4120095256633514,item
177662358469232,im4,sc94,b565,-0.4346009607967155,item_ridge,716.0,-0.6597748090798966,-0.6259883664315813,0.0291194429147193,-0.4343894666643737,item
275378685351465,im14,sc51,b66,-0.6858292544251255,item_ridge,436.0,-0.4547142583452114,-0.5090817434280027,0.0066479608065638,-0.6856627367523561,item
3049965247312,im19,sc49,b476,-0.3484302192705804,category_fe_positive_fallback,1002.0,-0.3484302192705804,-0.4712393146436414,0.0168972418100549,-0.15646076700363776,sub_category
151763444736875,im14,sc51,b527,-0.4547142583452114,category_fe_positive_fallback,244.0,-0.4547142583452114,-0.5090817434280027,0.0066479608065638,-0.6979409003363024,sub_category
158589254053538,im17,sc55,b391,-0.3751753931819995,item_ridge,801.0,-0.5825053462263596,-0.9597630819115917,0.0120962057980395,-0.3746641299331414,item
46761333501059,im14,sc51,b481,-0.5546774273762588,item_ridge,340.0,-0.4547142583452114,-0.5090817434280027,0.0066479608065638,-0.5545204639961896,item
40935613417180,im6,sc22,b332,-0.5365459575203354,item_ridge,618.0,-0.7540643423936192,-1.1052321719674671,0.0117226556316826,-0.5364532575608865,item
34464922734439,im7,sc33,b332,-0.6035745687166716,item_ridge,865.0,-0.712375224530957,-1.226191510591962,0.0322433928253026,-0.6048955722718692,item
150716726977205,im14,sc51,b283,-0.4547142583452114,category_fe_positive_fallback,910.0,-0.4547142583452114,-0.5090817434280027,0.0066479608065638,-0.6979409003363024,sub_category
85515579781024,im14,sc51,b169,-0.1083105216415437,item_ridge,270.0,-0.4547142583452114,-0.5090817434280027,0.0066479608065638,-0.10818222113957311,item
12675735903954,im6,sc22,b135,-0.1067861103169078,item_ridge,696.0,-0.7540643423936192,-1.1052321719674671,0.0117226556316826,-0.10665544100137393,item
5778731767475,im3,sc16,b24,-0.3399790870129637,item_ridge,752.0,-0.4340556041136897,-0.8987359235912883,0.0202666082602156,-0.3374695071725996,item
174223993968068,im6,sc34,b348,-1.7272157493160825,item_ridge,373.0,-0.7540643423936192,-1.1052321719674671,0.0117226556316826,-1.7271473891508653,item
147312511114898,im5,sc78,b332,-0.0955792520909807,item_ridge,613.0,-0.5329307810791537,-1.0012805344071898,0.0196419014737194,-0.09588381157505976,item
231682027662660,im17,sc55,b391,-0.5307130396322847,item_ridge,767.0,-0.5825053462263596,-0.9597630819115917,0.0120962057980395,-0.5304148027371169,item
101789859706221,im14,sc51,b169,-1.029703199747311,item_ridge,230.0,-0.4547142583452114,-0.5090817434280027,0.0066479608065638,-1.0295926429317828,item
124510953890378,im19,sc59,b476,-0.5159171332675431,item_ridge,917.0,-0.3484302192705804,-0.4712393146436414,0.0168972418100549,-0.5160085844094359,item
136216916021391,im17,sc55,b24,-0.089804181519579,item_ridge,322.0,-0.5825053462263596,-0.9597630819115917,0.0120962057980395,-0.08945988487226202,item
105972511823341,im14,sc51,b369,-0.1942289861897328,item_ridge,300.0,-0.4547142583452114,-0.5090817434280027,0.0066479608065638,-0.19408157710236248,item
54800057659950,im20,sc72,b332,-0.6719321285344858,category_fe_positive_fallback,945.0,-0.6719321285344858,-1.1053539421228344,0.0112772387829762,-0.6233376155185413,sub_category
228932435522843,im20,sc72,b24,-0.6719321285344858,category_fe_positive_fallback,856.0,-0.6719321285344858,-1.1053539421228344,0.0112772387829762,-0.6233376155185413,sub_category
169042858419721,im2,sc6,b166,-0.5176161982201808,item_ridge,887.0,-0.7393400558468726,-1.0300616525541268,0.0204705834618003,-0.5178341180371542,item
267978314001215,im6,sc34,b332,-1.2447498633580545,item_ridge,1006.0,-0.7540643423936192,-1.1052321719674671,0.0117226556316826,-1.2405761334708434,item
234492848534654,im14,sc51,b283,-0.7966643417179597,item_ridge,977.0,-0.4547142583452114,-0.5090817434280027,0.0066479608065638,-0.7939870924135449,item
278811724102870,im17,sc67,b332,-1.1123042233643994,item_ridge,575.0,-0.5825053462263596,-0.9597630819115917,0.0120962057980395,-1.109577971588951,item
49013960154823,im14,sc51,b283,-2.008878054920992,item_ridge,364.0,-0.4547142583452114,-0.5090817434280027,0.0066479608065638,-2.008226998118441,item
103430505949823,im6,sc34,b332,-0.6843189844520016,item_ridge,1006.0,-0.7540643423936192,-1.1052321719674671,0.0117226556316826,-0.6835116509008106,item
70540604025119,im5,sc78,b153,-1.9585245875656585,item_ridge,695.0,-0.5329307810791537,-1.0012805344071898,0.0196419014737194,-1.9597370790966135,item
271490005348332,im6,sc34,b332,-0.7514985611948066,item_ridge,990.0,-0.7540643423936192,-1.1052321719674671,0.0117226556316826,-0.7506604655692716,item
140675761544268,im6,sc34,b332,-1.3227187681761106,item_ridge,852.0,-0.7540643423936192,-1.1052321719674671,0.0117226556316826,-1.3218560628910943,item
11661834942388,im6,sc34,b332,-0.6843238615941909,item_ridge,1002.0,-0.7540643423936192,-1.1052321719674671,0.0117226556316826,-0.6837397239824268,item
24655879112660,im15,sc63,b65,-0.4826942467701998,item_ridge,648.0,-0.3701674932352681,-0.4867729418820625,0.0094473752650418,-0.48272026832500636,item
175490616354469,im14,sc51,b273,-1.694140095752687,item_ridge,464.0,-0.4547142583452114,-0.5090817434280027,0.0066479608065638,-1.6935702504380878,item
145972690446459,im5,sc78,b332,-0.8430170137479014,item_ridge,862.0,-0.5329307810791537,-1.0012805344071898,0.0196419014737194,-0.8438256150735574,item
47267081206564,im6,sc34,b332,-1.057144948183214,item_ridge,1006.0,-0.7540643423936192,-1.1052321719674671,0.0117226556316826,-1.0564018731873264,item
253803324183158,im6,sc34,b153,-0.7540643423936192,category_fe_positive_fallback,772.0,-0.7540643423936192,-1.1052321719674671,0.0117226556316826,-1.0002026257281673,sub_category
134053093749415,im16,sc75,b551,-0.3438549907923685,item_ridge,803.0,-0.7311111818334803,-1.1262045944613654,0.02034177093961,-0.3446142895912351,item
270388690904394,im16,sc75,b556,-0.7311111818334803,category_fe_positive_fallback,664.0,-0.7311111818334803,-1.1262045944613654,0.02034177093961,-0.9441308074038132,sub_category
31034087961670,im19,sc59,b476,-0.5801724291936757,item_ridge,918.0,-0.3484302192705804,-0.4712393146436414,0.0168972418100549,-0.5804248164137041,item
167994020781091,im5,sc78,b332,-1.026413084083256,item_ridge,608.0,-0.5329307810791537,-1.0012805344071898,0.0196419014737194,-1.0275475886843264,item
240432143608460,im14,sc51,b368,-0.290097121895848,item_ridge,177.0,-0.4547142583452114,-0.5090817434280027,0.0066479608065638,-0.28987259601739906,item
28462803328424,im20,sc89,b520,-0.9393515412511544,item_ridge,1036.0,-0.6719321285344858,-1.1053539421228344,0.0112772387829762,-0.9395343348334806,item
102104125242641,im20,sc89,b395,-0.947919972312768,item_ridge,541.0,-0.6719321285344858,-1.1053539421228344,0.0112772387829762,-0.9480272606907437,item
281132937796589,im14,sc51,b273,-0.8570123072375906,item_ridge,463.0,-0.4547142583452114,-0.5090817434280027,0.0066479608065638,-0.8566772245436123,item
236227283746966,im14,sc51,b122,-1.193180728688171,item_ridge,520.0,-0.4547142583452114,-0.5090817434280027,0.0066479608065638,-1.1926859528162121,item
220138751199696,im3,sc16,b24,-0.6453224025822849,item_ridge,622.0,-0.4340556041136897,-0.8987359235912883,0.0202666082602156,-0.6402531514875774,item
534895545168,im20,sc57,b153,-0.7459859770112576,item_ridge,764.0,-0.6719321285344858,-1.1053539421228344,0.0112772387829762,-0.7461514115758842,item
145367153790963,im11,sc54,b565,-0.0218163652566163,item_ridge,746.0,-0.3954087848279526,-0.4174127415726866,0.0176249681656319,-0.0188703077867916,item
228979325541945,im8,sc37,b336,-0.636799303069573,item_ridge,854.0,-0.5240268331974867,-0.98244493005407,0.0158566637101308,-0.6363695097990747,item
114658803584489,im14,sc51,b283,-0.6978337142537838,item_ridge,514.0,-0.4547142583452114,-0.5090817434280027,0.0066479608065638,-0.6973901220927152,item
70986883527835,im4,sc1,b496,-0.6597748090798966,category_fe_positive_fallback,431.0,-0.6597748090798966,-0.6259883664315813,0.0291194429147193,-0.19046083020685578,sub_category
454322348784,im2,sc6,b166,-0.8461135215665315,item_ridge,827.0,-0.7393400558468726,-1.0300616525541268,0.0204705834618003,-0.8469978479666603,item
217277067349148,im16,sc83,b324,-0.4830582201540107,item_ridge,726.0,-0.7311111818334803,-1.1262045944613654,0.02034177093961,-0.4835223466685737,item
22714784894013,im3,sc20,b348,-0.7675175767763464,item_ridge,354.0,-0.4340556041136897,-0.8987359235912883,0.0202666082602156,-0.7657695972742539,item
83359054340279,im17,sc56,b505,-1.6735940816701964,item_ridge,496.0,-0.5825053462263596,-0.9597630819115917,0.0120962057980395,-1.6731898315845617,item
213192533946200,im5,sc78,b220,-0.2400439854016795,item_ridge,904.0,-0.5329307810791537,-1.0012805344071898,0.0196419014737194,-0.24045444292739276,item
273633991335114,im8,sc37,b153,-0.4123606405298044,item_ridge,910.0,-0.5240268331974867,-0.98244493005407,0.0158566637101308,-0.41209173037761654,item
111847217797966,im17,sc67,b332,-1.120905106803412,item_ridge,423.0,-0.5825053462263596,-0.9597630819115917,0.0120962057980395,-1.1205021557386272,item
113318600886674,im19,sc59,b476,-0.23794771390772,item_ridge,1068.0,-0.3484302192705804,-0.4712393146436414,0.0168972418100549,-0.23807009705348828,item
185484905849582,im20,sc89,b220,-0.6947424579161674,item_ridge,174.0,-0.6719321285344858,-1.1053539421228344,0.0112772387829762,-0.6947887613213996,item
93112569826627,im3,sc16,b24,-0.7331723682552211,item_ridge,661.0,-0.4340556041136897,-0.8987359235912883,0.0202666082602156,-0.7298613257911871,item
163308424686284,im14,sc51,b169,-0.6285638593574302,item_ridge,632.0,-0.4547142583452114,-0.5090817434280027,0.0066479608065638,-0.627958526669943,item
28193404316663,im6,sc34,b153,-0.2037942154447573,item_ridge,909.0,-0.7540643423936192,-1.1052321719674671,0.0117226556316826,-0.20348010048559384,item
163355943876416,im5,sc78,b153,-0.4394661062835127,item_ridge,452.0,-0.5329307810791537,-1.0012805344071898,0.0196419014737194,-0.4397731285127475,item
233542442555838,im14,sc51,b122,-0.7260230513006538,item_ridge,343.0,-0.4547142583452114,-0.5090817434280027,0.0066479608065638,-0.725580141589066,item
18677085046420,im6,sc9,b153,-0.4539319847863679,item_ridge,967.0,-0.7540643423936192,-1.1052321719674671,0.0117226556316826,-0.45361691213573035,item
225700576989048,im20,sc57,b153,-0.0189599452531484,item_ridge,818.0,-0.6719321285344858,-1.1053539421228344,0.0112772387829762,-0.019087165400800278,item
96366059243422,im7,sc33,b520,-1.0941846713149357,item_ridge,877.0,-0.712375224530957,-1.226191510591962,0.0322433928253026,-1.0958108307065932,item
165960908868904,im14,sc51,b66,-0.1035205471422921,item_ridge,282.0,-0.4547142583452114,-0.5090817434280027,0.0066479608065638,-0.10303464311355291,item
202926279592062,im6,sc9,b153,-0.8794925652330391,item_ridge,898.0,-0.7540643423936192,-1.1052321719674671,0.0117226556316826,-0.879221281180969,item
72506311069101,im6,sc34,b520,-1.0294724460631997,item_ridge,278.0,-0.7540643423936192,-1.1052321719674671,0.0117226556316826,-1.029384945051724,item
139520140321192,im2,sc6,b486,-0.3040429440177308,item_ridge,148.0,-0.7393400558468726,-1.0300616525541268,0.0204705834618003,-0.3041878996102715,item
164360339911879,im8,sc37,b164,-0.6893345895909906,item_ridge,569.0,-0.5240268331974867,-0.98244493005407,0.0158566637101308,-0.6891760213376932,item
1907487694394,im20,sc92,b520,-0.8999941267542924,item_ridge,922.0,-0.6719321285344858,-1.1053539421228344,0.0112772387829762,-0.9001234925309806,item
25129641449325,im17,sc55,b391,-0.5825053462263596,category_fe_positive_fallback,383.0,-0.5825053462263596,-0.9597630819115917,0.0120962057980395,-0.6443482333568126,sub_category
138994088712555,im15,sc61,b43,-0.2227132354116912,item_ridge,925.0,-0.3701674932352681,-0.4867729418820625,0.0094473752650418,-0.22273246442091826,item
35594903146681,im3,sc16,b24,-1.2209202039737848,item_ridge,527.0,-0.4340556041136897,-0.8987359235912883,0.0202666082602156,-1.2184056149920217,item
45356800943202,im7,sc33,b24,-0.5566563804350075,item_ridge,700.0,-0.712375224530957,-1.226191510591962,0.0322433928253026,-0.5579613231567075,item
111220684665545,im9,sc44,b224,-0.6055168342041332,item_ridge,616.0,-0.6990257650229246,-0.3020684723539735,0.0133293137954538,-0.6087836859951217,item
73340617427227,im7,sc33,b153,-0.4228408581590293,item_ridge,281.0,-0.712375224530957,-1.226191510591962,0.0322433928253026,-0.42339495691470586,item
277417962840256,im19,sc62,b519,-0.1135834550879384,item_ridge,417.0,-0.3484302192705804,-0.4712393146436414,0.0168972418100549,-0.11366057295600732,item
226442293427903,im14,sc51,b283,-0.2848833249404056,item_ridge,884.0,-0.4547142583452114,-0.5090817434280027,0.0066479608065638,-0.2844984234344944,item
190788792757573,im17,sc55,b24,-0.777588344956273,item_ridge,301.0,-0.5825053462263596,-0.9597630819115917,0.0120962057980395,-0.7773580461955274,item
122475302905408,im14,sc51,b344,-0.4653019177832059,item_ridge,409.0,-0.4547142583452114,-0.5090817434280027,0.0066479608065638,-0.46496751753870885,item
62226629119787,im7,sc99,b24,-0.3040938278052894,item_ridge,736.0,-0.712375224530957,-1.226191510591962,0.0322433928253026,-0.30530385508870184,item
56966270799965,im2,sc5,b425,-0.1342813522443101,item_ridge,675.0,-0.7393400558468726,-1.0300616525541268,0.0204705834618003,-0.1345512227813715,item
92210237353486,im5,sc26,b153,-0.7241352831628228,item_ridge,267.0,-0.5329307810791537,-1.0012805344071898,0.0196419014737194,-0.7243211791447328,item
152035978072451,im20,sc89,b201,-0.6719321285344858,category_fe_positive_fallback,629.0,-0.6719321285344858,-1.1053539421228344,0.0112772387829762,-0.7049611698243912,sub_category
49341166783391,im20,sc57,b395,-0.3648297204578339,item_ridge,226.0,-0.6719321285344858,-1.1053539421228344,0.0112772387829762,-0.36485874406566354,item
225327220533995,im7,sc33,b24,-1.205714989524994,item_ridge,218.0,-0.712375224530957,-1.226191510591962,0.0322433928253026,-1.206453787865895,item
259722833592589,im15,sc63,b547,-0.6138563373990342,item_ridge,841.0,-0.3701674932352681,-0.4867729418820625,0.0094473752650418,-0.6138697587450394,item
15649807261442,im6,sc34,b332,-0.1069902315337218,item_ridge,522.0,-0.7540643423936192,-1.1052321719674671,0.0117226556316826,-0.10687504465533443,item
152666532337595,im17,sc55,b505,-0.3096964397812474,item_ridge,774.0,-0.5825053462263596,-0.9597630819115917,0.0120962057980395,-0.3091264503483986,item
256595491080588,im15,sc63,b350,-0.6321391120498226,item_ridge,790.0,-0.3701674932352681,-0.4867729418820625,0.0094473752650418,-0.6321502115595979,item
249913496618827,im16,sc75,b332,-1.2067619313826976,item_ridge,824.0,-0.7311111818334803,-1.1262045944613654,0.02034177093961,-1.207220841460974,item
172387483105216,im7,sc33,b153,-0.4545041193221441,item_ridge,705.0,-0.712375224530957,-1.226191510591962,0.0322433928253026,-0.45572675027216875,item
170429158734717,im17,sc55,b301,-0.9688346355954368,item_ridge,713.0,-0.5825053462263596,-0.9597630819115917,0.0120962057980395,-0.9683878559995879,item
73579963076183,im20,sc72,b24,-0.4160556636818088,item_ridge,417.0,-0.6719321285344858,-1.1053539421228344,0.0112772387829762,-0.4161161669388543,item
235512327130464,im3,sc20,b153,-0.8218328049271523,item_ridge,820.0,-0.4340556041136897,-0.8987359235912883,0.0202666082602156,-0.817770881213121,item
39305700925823,im14,sc51,b122,-0.5654829303570655,item_ridge,210.0,-0.4547142583452114,-0.5090817434280027,0.0066479608065638,-0.5653239196285597,item
129067321627519,im6,sc34,b332,-0.5628611017422116,item_ridge,276.0,-0.7540643423936192,-1.1052321719674671,0.0117226556316826,-0.5628050464067351,item
182231273221449,im16,sc75,b332,-1.2342650833271709,item_ridge,816.0,-0.7311111818334803,-1.1262045944613654,0.02034177093961,-1.2347104234837785,item
84599651114557,im7,sc33,b24,-0.0778894182730288,item_ridge,491.0,-0.712375224530957,-1.226191510591962,0.0322433928253026,-0.079242543495223,item
240489593360032,im8,sc37,b164,-0.1885232024424256,item_ridge,819.0,-0.5240268331974867,-0.98244493005407,0.0158566637101308,-0.18826432337195537,item
265520204304909,im20,sc89,b348,-0.2209071213655272,item_ridge,456.0,-0.6719321285344858,-1.1053539421228344,0.0112772387829762,-0.22093971121868716,item
186419994568911,im20,sc89,b563,-0.217780164180333,item_ridge,403.0,-0.6719321285344858,-1.1053539421228344,0.0112772387829762,-0.21782243418789665,item
77529115828212,im14,sc51,b169,-0.8641989915926486,item_ridge,156.0,-0.4547142583452114,-0.5090817434280027,0.0066479608065638,-0.863985384905858,item
207191349090000,im6,sc9,b24,-0.465432870211763,item_ridge,892.0,-0.7540643423936192,-1.1052321719674671,0.0117226556316826,-0.465224532270137,item
237715891341319,im16,sc83,b551,-0.2808065171818245,item_ridge,594.0,-0.7311111818334803,-1.1262045944613654,0.02034177093961,-0.2809901954040553,item
51441865290601,im8,sc37,b520,-0.2701193341683157,item_ridge,1030.0,-0.5240268331974867,-0.98244493005407,0.0158566637101308,-0.2698851469913038,item
100183508781375,im8,sc37,b153,-0.7068830482074093,item_ridge,804.0,-0.5240268331974867,-0.98244493005407,0.0158566637101308,-0.7066816549513965,item
89820723102017,im15,sc63,b65,-0.4003464625168725,item_ridge,574.0,-0.3701674932352681,-0.4867729418820625,0.0094473752650418,-0.40035255025820426,item
192282872200392,im14,sc51,b459,-0.1476062597167474,item_ridge,375.0,-0.4547142583452114,-0.5090817434280027,0.0066479608065638,-0.1474527085840699,item
187207929058311,im14,sc51,b122,-0.304904572996494,item_ridge,211.0,-0.4547142583452114,-0.5090817434280027,0.0066479608065638,-0.304774225146088,item
1229733485661,im17,sc67,b391,-0.7538320777178121,item_ridge,525.0,-0.5825053462263596,-0.9597630819115917,0.0120962057980395,-0.7535718864588388,item
216477866474585,im19,sc53,b515,-0.5938245716862384,item_ridge,250.0,-0.3484302192705804,-0.4712393146436414,0.0168972418100549,-0.5938505867769652,item
196052038069516,im20,sc72,b301,-0.4049990726929384,item_ridge,957.0,-0.6719321285344858,-1.1053539421228344,0.0112772387829762,-0.4050730031433919,item
157473709748251,im20,sc57,b153,-0.546189499673285,item_ridge,311.0,-0.6719321285344858,-1.1053539421228344,0.0112772387829762,-0.5462236830336179,item
54055016258798,im14,sc51,b169,-0.773324974078302,item_ridge,190.0,-0.4547142583452114,-0.5090817434280027,0.0066479608065638,-0.773159821304489,item
168858521721618,im6,sc34,b24,-0.0696139280270183,item_ridge,126.0,-0.7540643423936192,-1.1052321719674671,0.0117226556316826,-0.06959512898158421,item
154875957500860,im6,sc34,b24,-0.6044658185433878,item_ridge,779.0,-0.7540643423936192,-1.1052321719674671,0.0117226556316826,-0.6042709920725258,item
220656341027182,im8,sc81,b153,-0.2386561250684366,item_ridge,840.0,-0.5240268331974867,-0.98244493005407,0.0158566637101308,-0.23851013138314484,item
196358134409527,im6,sc34,b153,-0.282424485255636,item_ridge,281.0,-0.7540643423936192,-1.1052321719674671,0.0117226556316826,-0.28235988489950764,item
158368061989307,im8,sc37,b164,-0.3850207637447323,item_ridge,672.0,-0.5240268331974867,-0.98244493005407,0.0158566637101308,-0.38487106914064495,item
173734620177747,im20,sc92,b546,-0.2040235460747594,item_ridge,527.0,-0.6719321285344858,-1.1053539421228344,0.0112772387829762,-0.20406322684915437,item
140303403909626,im16,sc83,b332,-0.1874697248688804,item_ridge,586.0,-0.7311111818334803,-1.1262045944613654,0.02034177093961,-0.18765278672123764,item
238502484589247,im9,sc23,b224,-0.0182763169132769,item_ridge,86.0,-0.6990257650229246,-0.3020684723539735,0.0133293137954538,-0.018787102492358508,item
50825738244324,im15,sc61,b43,-0.0613505153404985,item_ridge,923.0,-0.3701674932352681,-0.4867729418820625,0.0094473752650418,-0.06135983248929928,item
134864707958357,im20,sc72,b348,-0.485106752832006,item_ridge,244.0,-0.6719321285344858,-1.1053539421228344,0.0112772387829762,-0.48513020997711753,item
33941675236958,im6,sc34,b348,-1.177178929472498,item_ridge,561.0,-0.7540643423936192,-1.1052321719674671,0.0117226556316826,-1.177057931980065,item
220705800927095,im14,sc51,b459,-0.6801085279306259,item_ridge,340.0,-0.4547142583452114,-0.5090817434280027,0.0066479608065638,-0.6799624837422134,item
217374139228294,im14,sc51,b283,-0.3827163821758786,item_ridge,780.0,-0.4547142583452114,-0.5090817434280027,0.0066479608065638,-0.3825082350849159,item
11622131674632,im5,sc25,b541,-0.2953426044960212,item_ridge,669.0,-0.5329307810791537,-1.0012805344071898,0.0196419014737194,-0.29560841769847146,item
156379683656804,im6,sc34,b460,-0.7299047115435147,item_ridge,212.0,-0.7540643423936192,-1.1052321719674671,0.0117226556316826,-0.7298131089221269,item
43865037252039,im19,sc59,b38,-0.3484302192705804,category_fe_positive_fallback,530.0,-0.3484302192705804,-0.4712393146436414,0.0168972418100549,-0.47696447605215686,sub_category
259531677574845,im14,sc51,b459,-0.5202318906527078,item_ridge,295.0,-0.4547142583452114,-0.5090817434280027,0.0066479608065638,-0.5200476292934951,item
49960448854087,im17,sc55,b415,-0.3071545021007125,item_ridge,187.0,-0.5825053462263596,-0.9597630819115917,0.0120962057980395,-0.3070324437575163,item
15569645492278,im11,sc38,b202,-0.4564240333446051,item_ridge,461.0,-0.3954087848279526,-0.4174127415726866,0.0176249681656319,-0.4558196941598741,item
175102939199867,im14,sc51,b283,-1.2550308363629634,item_ridge,1063.0,-0.4547142583452114,-0.5090817434280027,0.0066479608065638,-1.2507361817943454,item
74462021394914,im15,sc61,b43,-0.1939322184456729,item_ridge,824.0,-0.3701674932352681,-0.4867729418820625,0.0094473752650418,-0.19404269321002598,item
127314305136754,im17,sc55,b391,-1.1755112516834805,item_ridge,878.0,-0.5825053462263596,-0.9597630819115917,0.0120962057980395,-1.1733280194315985,item
173604836117848,im6,sc34,b460,-2.2665773475462925,item_ridge,195.0,-0.7540643423936192,-1.1052321719674671,0.0117226556316826,-2.265907759728004,item
60263892137242,im3,sc16,b24,-1.9246551735934387,item_ridge,825.0,-0.4340556041136897,-0.8987359235912883,0.0202666082602156,-1.9190549535105528,item
194513254478283,im14,sc51,b481,-0.7620184337350634,item_ridge,384.0,-0.4547142583452114,-0.5090817434280027,0.0066479608065638,-0.7611762910785124,item
189809863106036,im6,sc22,b332,-1.1882302689940116,item_ridge,994.0,-0.7540643423936192,-1.1052321719674671,0.0117226556316826,-1.1874264132570882,item
261038671724774,im20,sc72,b395,-1.055575338754151,item_ridge,424.0,-0.6719321285344858,-1.1053539421228344,0.0112772387829762,-1.055859736416945,item
116268581725119,im14,sc51,b283,-0.3879256223535254,item_ridge,1070.0,-0.4547142583452114,-0.5090817434280027,0.0066479608065638,-0.3864126318595426,item
195947062260022,im6,sc22,b332,-0.717632702529103,item_ridge,834.0,-0.7540643423936192,-1.1052321719674671,0.0117226556316826,-0.7171322595745849,item
238902665928055,im5,sc78,b332,-1.2782580851725296,item_ridge,666.0,-0.5329307810791537,-1.0012805344071898,0.0196419014737194,-1.2787563806087459,item
189967841011290,im20,sc57,b457,-0.0954907628007376,item_ridge,789.0,-0.6719321285344858,-1.1053539421228344,0.0112772387829762,-0.09567280531873373,item
88110511814492,im14,sc51,b481,-0.6847524689953381,item_ridge,77.0,-0.4547142583452114,-0.5090817434280027,0.0066479608065638,-0.6844781243049552,item
95334949964655,im8,sc81,b496,-0.4168771925797862,item_ridge,686.0,-0.5240268331974867,-0.98244493005407,0.0158566637101308,-0.41617348756761186,item
76246641018198,im6,sc22,b332,-0.6928184747913717,item_ridge,859.0,-0.7540643423936192,-1.1052321719674671,0.0117226556316826,-0.6922903244688999,item
266981808367306,im17,sc55,b391,-0.5825053462263596,category_fe_positive_fallback,383.0,-0.5825053462263596,-0.9597630819115917,0.0120962057980395,-0.6443482333568126,sub_category
8867215005342,im17,sc55,b391,-1.0907331954098198,item_ridge,901.0,-0.5825053462263596,-0.9597630819115917,0.0120962057980395,-1.0898073943916153,item
19042780093137,im15,sc63,b451,-1.0560381703170596,item_ridge,843.0,-0.3701674932352681,-0.4867729418820625,0.0094473752650418,-1.056063568940196,item
141928413518827,im6,sc34,b201,-0.5158017213900992,item_ridge,787.0,-0.7540643423936192,-1.1052321719674671,0.0117226556316826,-0.5155422945631081,item
176132596745584,im5,sc26,b541,-0.6257063005921882,item_ridge,562.0,-0.5329307810791537,-1.0012805344071898,0.0196419014737194,-0.6263876462175132,item
281468256139268,im17,sc55,b391,-0.5748359763413468,item_ridge,899.0,-0.5825053462263596,-0.9597630819115917,0.0120962057980395,-0.5740852023813111,item
117699114456879,im6,sc34,b332,-1.3014596181720792,item_ridge,658.0,-0.7540643423936192,-1.1052321719674671,0.0117226556316826,-1.301143452407959,item
159873254216576,im6,sc34,b332,-0.5809179312538753,item_ridge,939.0,-0.7540643423936192,-1.1052321719674671,0.0117226556316826,-0.5803686573263735,item
183471219906923,im19,sc69,b565,-0.3484302192705804,category_fe_positive_fallback,899.0,-0.3484302192705804,-0.4712393146436414,0.0168972418100549,-0.34042361665531085,main_category
113923162755512,im14,sc51,b169,-1.0094959621876882,item_ridge,176.0,-0.4547142583452114,-0.5090817434280027,0.0066479608065638,-1.0091028712880328,item
97313971736967,im2,sc6,b425,-0.8893027339428397,item_ridge,389.0,-0.7393400558468726,-1.0300616525541268,0.0204705834618003,-0.8895770794267096,item
100470301555470,im11,sc13,b358,-0.3954087848279526,category_fe_positive_fallback,830.0,-0.3954087848279526,-0.4174127415726866,0.0176249681656319,-0.48767448486549586,main_category
91051175391806,im14,sc51,b122,-0.4815268530571872,item_ridge,338.0,-0.4547142583452114,-0.5090817434280027,0.0066479608065638,-0.48110578172891194,item
188542076809615,im14,sc51,b169,-0.9237307786927996,item_ridge,182.0,-0.4547142583452114,-0.5090817434280027,0.0066479608065638,-0.9234714478909447,item
226684679854718,im20,sc57,b332,-0.8672983574561919,item_ridge,1046.0,-0.6719321285344858,-1.1053539421228344,0.0112772387829762,-0.8674737890412929,item
73662191637457,im6,sc34,b301,-0.6412151863342515,item_ridge,982.0,-0.7540643423936192,-1.1052321719674671,0.0117226556316826,-0.640848434047874,item
215879740784576,im2,sc6,b371,-0.7420802792009789,item_ridge,217.0,-0.7393400558468726,-1.0300616525541268,0.0204705834618003,-0.74224712406085,item
176153839340680,im20,sc89,b332,-0.344524640741117,item_ridge,831.0,-0.6719321285344858,-1.1053539421228344,0.0112772387829762,-0.344659840230957,item
223725631868177,im11,sc54,b135,-0.4554470206204715,item_ridge,695.0,-0.3954087848279526,-0.4174127415726866,0.0176249681656319,-0.4538458110683988,item
34364862921053,im16,sc30,b24,-0.7311111818334803,category_fe_positive_fallback,830.0,-0.7311111818334803,-1.1262045944613654,0.02034177093961,-0.5472143444102702,sub_category
192612737488877,im5,sc26,b541,-0.8725238255255219,item_ridge,723.0,-0.5329307810791537,-1.0012805344071898,0.0196419014737194,-0.8733370180807449,item
33807976559097,im20,sc57,b24,-0.7153754754858086,item_ridge,785.0,-0.6719321285344858,-1.1053539421228344,0.0112772387829762,-0.7154838302883714,item
45438484890708,im16,sc31,b520,-0.9989909928634896,item_ridge,826.0,-0.7311111818334803,-1.1262045944613654,0.02034177093961,-0.9995566388224277,item
222836931647198,im17,sc55,b391,-0.6185830811699696,item_ridge,889.0,-0.5825053462263596,-0.9597630819115917,0.0120962057980395,-0.6179382446398775,item
253358435481514,im6,sc9,b153,-0.9563632411093804,item_ridge,948.0,-0.7540643423936192,-1.1052321719674671,0.0117226556316826,-0.9559865907420065,item
45054147071404,im14,sc51,b481,-0.6583351968210163,item_ridge,156.0,-0.4547142583452114,-0.5090817434280027,0.0066479608065638,-0.6579919247332973,item
251352036283083,im20,sc92,b395,-0.5952050620281957,item_ridge,211.0,-0.6719321285344858,-1.1053539421228344,0.0112772387829762,-0.5952473236659668,item
119760420344052,im14,sc51,b283,-0.1606771765700472,item_ridge,907.0,-0.4547142583452114,-0.5090817434280027,0.0066479608065638,-0.16012371004293,item
27515654540897,im15,sc61,b43,-0.3701674932352681,category_fe_positive_fallback,931.0,-0.3701674932352681,-0.4867729418820625,0.0094473752650418,-0.37606314727235,sub_category
236306745831323,im17,sc55,b391,-0.5825053462263596,category_fe_positive_fallback,802.0,-0.5825053462263596,-0.9597630819115917,0.0120962057980395,-0.6443482333568126,sub_category
163539680269906,im17,sc55,b505,-0.2648125526507959,item_ridge,783.0,-0.5825053462263596,-0.9597630819115917,0.0120962057980395,-0.2638879031263969,item
157141896324457,im14,sc51,b481,-0.4928306806096261,item_ridge,136.0,-0.4547142583452114,-0.5090817434280027,0.0066479608065638,-0.4926047898322214,item
132913580259634,im14,sc51,b122,-1.4282768258026943,item_ridge,357.0,-0.4547142583452114,-0.5090817434280027,0.0066479608065638,-1.4270709375740669,item
98173396268504,im20,sc72,b332,-1.0051351535773032,item_ridge,832.0,-0.6719321285344858,-1.1053539421228344,0.0112772387829762,-1.0052744404872371,item
25221759641450,im5,sc26,b541,-0.2942157778443382,item_ridge,807.0,-0.5329307810791537,-1.0012805344071898,0.0196419014737194,-0.29474562233903095,item
40833296424528,im6,sc9,b153,-0.7540643423936192,category_fe_positive_fallback,894.0,-0.7540643423936192,-1.1052321719674671,0.0117226556316826,-0.7741767854440029,sub_category
234592071008764,im5,sc26,b541,-0.5619480240331629,item_ridge,939.0,-0.5329307810791537,-1.0012805344071898,0.0196419014737194,-0.5625998883573908,item
9335220395163,im14,sc51,b283,-0.5365674350425935,item_ridge,861.0,-0.4547142583452114,-0.5090817434280027,0.0066479608065638,-0.5360166983133905,item
4380301400697,im14,sc51,b481,-0.6630520202337321,item_ridge,522.0,-0.4547142583452114,-0.5090817434280027,0.0066479608065638,-0.662815892714148,item
212335951089404,im6,sc34,b332,-0.8272068423971477,item_ridge,294.0,-0.7540643423936192,-1.1052321719674671,0.0117226556316826,-0.827109770962542,item
50706340620530,im8,sc37,b332,-0.3548122726675866,item_ridge,828.0,-0.5240268331974867,-0.98244493005407,0.0158566637101308,-0.35461435170909017,item
124586113338973,im7,sc33,b24,-0.2778032183468672,item_ridge,884.0,-0.712375224530957,-1.226191510591962,0.0322433928253026,-0.27932899752916324,item
90048139260908,im8,sc81,b153,-1.0237235954681545,item_ridge,499.0,-0.5240268331974867,-0.98244493005407,0.0158566637101308,-1.0235440000616445,item
202373258973648,im2,sc6,b371,-0.7975198294750908,item_ridge,519.0,-0.7393400558468726,-1.0300616525541268,0.0204705834618003,-0.7977654756973487,item
142138348538928,im6,sc34,b301,-0.3820731909609332,item_ridge,871.0,-0.7540643423936192,-1.1052321719674671,0.0117226556316826,-0.3818530712289411,item
134122578578115,im20,sc72,b395,-0.6719321285344858,category_fe_low_n,,-0.6719321285344858,-1.1053539421228344,0.0112772387829762,-0.6233376155185413,sub_category
79747927473613,im6,sc34,b301,-0.7240231836495677,item_ridge,329.0,-0.7540643423936192,-1.1052321719674671,0.0117226556316826,-0.7239418350529631,item
69931834506887,im6,sc9,b24,-0.5813495042341474,item_ridge,763.0,-0.7540643423936192,-1.1052321719674671,0.0117226556316826,-0.5812325065723493,item
9754680907209,im20,sc57,b153,-0.4694408445280825,item_ridge,709.0,-0.6719321285344858,-1.1053539421228344,0.0112772387829762,-0.469585317598166,item
128204013573976,im2,sc95,b425,-1.431089789070431,item_ridge,552.0,-0.7393400558468726,-1.0300616525541268,0.0204705834618003,-1.4313254319352844,item
106575019702418,im20,sc92,b520,-0.6577634112666129,item_ridge,914.0,-0.6719321285344858,-1.1053539421228344,0.0112772387829762,-0.6578456762867003,item
271980840353057,im5,sc26,b541,-0.417521048777744,item_ridge,560.0,-0.5329307810791537,-1.0012805344071898,0.0196419014737194,-0.4179215031176266,item
102999431535289,im9,sc44,b296,-0.5216297338079945,item_ridge,232.0,-0.6990257650229246,-0.3020684723539735,0.0133293137954538,-0.5229638121962815,item
75670733679828,im14,sc51,b122,-0.1736133500053556,item_ridge,342.0,-0.4547142583452114,-0.5090817434280027,0.0066479608065638,-0.17322640115100846,item
121049428596057,im8,sc37,b348,-0.3085105703044894,item_ridge,229.0,-0.5240268331974867,-0.98244493005407,0.0158566637101308,-0.30843610881328165,item
251489566763974,im14,sc51,b344,-0.3328582053071395,item_ridge,482.0,-0.4547142583452114,-0.5090817434280027,0.0066479608065638,-0.33261798309068397,item
269628347331456,im9,sc39,b224,-0.689937863365601,item_ridge,67.0,-0.6990257650229246,-0.3020684723539735,0.0133293137954538,-0.6905917229038122,item
194594640821912,im6,sc9,b153,-0.1299756589487161,item_ridge,811.0,-0.7540643423936192,-1.1052321719674671,0.0117226556316826,-0.12974440041252602,item
5181723277294,im3,sc16,b24,-0.6243195487856212,item_ridge,498.0,-0.4340556041136897,-0.8987359235912883,0.0202666082602156,-0.6226965869726907,item
49714357540234,im15,sc63,b350,-0.046670662327512,item_ridge,804.0,-0.3701674932352681,-0.4867729418820625,0.0094473752650418,-0.046681053960388706,item
45044637819727,im20,sc93,b153,-0.4000284375581422,item_ridge,741.0,-0.6719321285344858,-1.1053539421228344,0.0112772387829762,-0.4001176683536708,item
189901990951973,im8,sc37,b166,-0.728960224897496,item_ridge,684.0,-0.5240268331974867,-0.98244493005407,0.0158566637101308,-0.7286589066351462,item
29511614844557,im2,sc6,b516,-0.7118594779239731,item_ridge,467.0,-0.7393400558468726,-1.0300616525541268,0.0204705834618003,-0.7120180535050754,item
218467466723115,im19,sc59,b476,-0.5975616279709939,item_ridge,830.0,-0.3484302192705804,-0.4712393146436414,0.0168972418100549,-0.5976263311481835,item
30131571320250,im17,sc55,b536,-0.8453366820302926,item_ridge,849.0,-0.5825053462263596,-0.9597630819115917,0.0120962057980395,-0.8450798989120591,item
132895667653808,im6,sc34,b218,-0.2512743530670355,item_ridge,273.0,-0.7540643423936192,-1.1052321719674671,0.0117226556316826,-0.25119368807208187,item
123161978891113,im20,sc89,b546,-1.3271897065551694,item_ridge,471.0,-0.6719321285344858,-1.1053539421228344,0.0112772387829762,-1.327234073929522,item
30562534139578,im3,sc16,b24,-0.6111457572483123,item_ridge,597.0,-0.4340556041136897,-0.8987359235912883,0.0202666082602156,-0.6092122286687113,item
125941064751487,im3,sc16,b332,-1.051149293469669,item_ridge,756.0,-0.4340556041136897,-0.8987359235912883,0.0202666082602156,-1.0487198598916723,item
133541290940495,im5,sc25,b486,-0.8542118727173603,item_ridge,363.0,-0.5329307810791537,-1.0012805344071898,0.0196419014737194,-0.8544399470083488,item
274375536378503,im20,sc89,b24,-0.2502979712884881,item_ridge,805.0,-0.6719321285344858,-1.1053539421228344,0.0112772387829762,-0.2503828339754287,item
247856927477142,im16,sc83,b324,-0.9860326917733429,item_ridge,786.0,-0.7311111818334803,-1.1262045944613654,0.02034177093961,-0.9863679969843957,item
51465179973999,im14,sc51,b122,-0.3445171533214078,item_ridge,329.0,-0.4547142583452114,-0.5090817434280027,0.0066479608065638,-0.3443581425929023,item
270464011990863,im16,sc83,b324,-1.195966663931133,item_ridge,684.0,-0.7311111818334803,-1.1262045944613654,0.02034177093961,-1.1963204602383863,item
46765612717759,im20,sc89,b510,-0.875137252023096,item_ridge,780.0,-0.6719321285344858,-1.1053539421228344,0.0112772387829762,-0.8752979425862002,item
216385239543507,im17,sc55,b391,-0.5825053462263596,category_fe_positive_fallback,405.0,-0.5825053462263596,-0.9597630819115917,0.0120962057980395,-0.6443482333568126,sub_category
59779842897829,im8,sc81,b201,-0.1765821763981565,item_ridge,702.0,-0.5240268331974867,-0.98244493005407,0.0158566637101308,-0.17633692245593313,item
225927205735785,im20,sc57,b332,-0.6719321285344858,category_fe_positive_fallback,739.0,-0.6719321285344858,-1.1053539421228344,0.0112772387829762,-0.5185301370479203,sub_category
196503536376650,im9,sc41,b224,-0.4674439993959342,item_ridge,180.0,-0.6990257650229246,-0.3020684723539735,0.0133293137954538,-0.4680041891924836,item
51256625512600,im20,sc93,b486,-0.4745708945685748,item_ridge,343.0,-0.6719321285344858,-1.1053539421228344,0.0112772387829762,-0.47461300892234126,item
102238300124357,im14,sc51,b283,-0.6922737527161339,item_ridge,242.0,-0.4547142583452114,-0.5090817434280027,0.0066479608065638,-0.6921611485521708,item
186883852703201,im16,sc30,b332,-0.315789094817595,item_ridge,825.0,-0.7311111818334803,-1.1262045944613654,0.02034177093961,-0.3161254561201804,item
99556213514853,im14,sc51,b283,-0.3541823037561988,item_ridge,594.0,-0.4547142583452114,-0.5090817434280027,0.0066479608065638,-0.35393457459547933,item
161226417550950,im4,sc3,b516,-0.6456973961396882,item_ridge,404.0,-0.6597748090798966,-0.6259883664315813,0.0291194429147193,-0.6455664892078716,item
29667941991313,im14,sc51,b283,-0.4054158861104134,item_ridge,454.0,-0.4547142583452114,-0.5090817434280027,0.0066479608065638,-0.40509581730496697,item
22748602509332,im6,sc34,b301,-0.2900797834806202,item_ridge,877.0,-0.7540643423936192,-1.1052321719674671,0.0117226556316826,-0.28992631490971255,item
113677906767156,im5,sc78,b541,-0.1569107564330028,item_ridge,782.0,-0.5329307810791537,-1.0012805344071898,0.0196419014737194,-0.15720874859667064,item
111468949671615,im12,sc56,b457,-0.6688003868016845,item_ridge,142.0,-0.7159602082500641,-1.7759215692028727,0.0614701148056001,-0.6685775659524326,item
89118162559272,im14,sc51,b169,-0.994967884630216,item_ridge,186.0,-0.4547142583452114,-0.5090817434280027,0.0066479608065638,-0.9947754338772613,item
169725593088889,im4,sc3,b496,-0.2861360382042271,item_ridge,798.0,-0.6597748090798966,-0.6259883664315813,0.0291194429147193,-0.285887781045507,item
79186781194493,im14,sc51,b481,-0.4945124042220803,item_ridge,252.0,-0.4547142583452114,-0.5090817434280027,0.0066479608065638,-0.4944236857898668,item
30997706451775,im20,sc93,b395,-0.2893561509992001,item_ridge,906.0,-0.6719321285344858,-1.1053539421228344,0.0112772387829762,-0.28944054106441075,item
104658229113950,im3,sc16,b153,-0.4934847121021758,item_ridge,211.0,-0.4340556041136897,-0.8987359235912883,0.0202666082602156,-0.4924177649844167,item
56398026815632,im17,sc55,b391,-1.3662535837899863,item_ridge,807.0,-0.5825053462263596,-0.9597630819115917,0.0120962057980395,-1.3660405574362935,item
240971991102200,im8,sc37,b332,-0.2122042278944516,item_ridge,301.0,-0.5240268331974867,-0.98244493005407,0.0158566637101308,-0.21215060018834825,item
79899000940625,im20,sc89,b153,-0.6487245768553896,item_ridge,470.0,-0.6719321285344858,-1.1053539421228344,0.0112772387829762,-0.6487708802606214,item
86091171839110,im11,sc38,b565,-0.0013861830878428,item_ridge,162.0,-0.3954087848279526,-0.4174127415726866,0.0176249681656319,-0.0008534380922436583,item
33893219830739,im20,sc57,b332,-0.7655309475528852,item_ridge,809.0,-0.6719321285344858,-1.1053539421228344,0.0112772387829762,-0.7656183408609057,item
23523211570592,im6,sc34,b332,-0.8440946747510282,item_ridge,937.0,-0.7540643423936192,-1.1052321719674671,0.0117226556316826,-0.843850628961211,item
33198598833507,im14,sc51,b283,-0.1181097326102914,item_ridge,1054.0,-0.4547142583452114,-0.5090817434280027,0.0066479608065638,-0.11766204575235213,item
278723050144937,im15,sc61,b43,-2.108832391938517,item_ridge,819.0,-0.3701674932352681,-0.4867729418820625,0.0094473752650418,-2.1089183419282116,item
250311496858571,im6,sc34,b332,-3.143837377652666,item_ridge,910.0,-0.7540643423936192,-1.1052321719674671,0.0117226556316826,-3.1428102661703132,item
91370847446393,im14,sc99,b353,-3.1491500596988806,item_ridge,351.0,-0.4547142583452114,-0.5090817434280027,0.0066479608065638,-3.147846291723221,item
148956341940345,im6,sc9,b153,-0.3163177937579803,item_ridge,708.0,-0.7540643423936192,-1.1052321719674671,0.0117226556316826,-0.3155330199680094,item
188389372642279,im20,sc72,b395,-1.7250866389149968,item_ridge,448.0,-0.6719321285344858,-1.1053539421228344,0.0112772387829762,-1.7252183224744448,item
93997008677540,im6,sc9,b332,-1.4272424752872912,item_ridge,998.0,-0.7540643423936192,-1.1052321719674671,0.0117226556316826,-1.4260560779448241,item
264360772154401,im4,sc40,b565,-1.6109027260033573,item_ridge,653.0,-0.6597748090798966,-0.6259883664315813,0.0291194429147193,-1.6102157776810495,item
124649577165259,im6,sc34,b332,-1.4205334950687334,item_ridge,1006.0,-0.7540643423936192,-1.1052321719674671,0.0117226556316826,-1.4192578943858212,item
13208746089764,im20,sc92,b520,-0.8416030402647356,item_ridge,934.0,-0.6719321285344858,-1.1053539421228344,0.0112772387829762,-0.8419075821430209,item
264847286422141,im11,sc54,b135,-0.4350185923454064,item_ridge,768.0,-0.3954087848279526,-0.4174127415726866,0.0176249681656319,-0.43187080768791836,item
122543595655247,im15,sc63,b350,-0.0719081921913968,item_ridge,794.0,-0.3701674932352681,-0.4867729418820625,0.0094473752650418,-0.07194471863938333,item
119524586494145,im20,sc89,b153,-0.6719321285344858,category_fe_positive_fallback,446.0,-0.6719321285344858,-1.1053539421228344,0.0112772387829762,-0.7049611698243912,sub_category
208156472656002,im2,sc6,b153,-0.8044996369747783,item_ridge,821.0,-0.7393400558468726,-1.0300616525541268,0.0204705834618003,-0.8054116897801936,item
256925427628828,im20,sc57,b153,-0.0561708088035274,item_ridge,918.0,-0.6719321285344858,-1.1053539421228344,0.0112772387829762,-0.05646039991275795,item
194230480230899,im9,sc42,b316,-0.288599144047236,item_ridge,1002.0,-0.6990257650229246,-0.3020684723539735,0.0133293137954538,-0.29318105383967785,item
165617980367623,im20,sc57,b457,-0.6564498905739335,item_ridge,768.0,-0.6719321285344858,-1.1053539421228344,0.0112772387829762,-0.6566662776945291,item
203295642736114,im20,sc89,b332,-0.6302174227287844,item_ridge,965.0,-0.6719321285344858,-1.1053539421228344,0.0112772387829762,-0.6304899190752559,item
150157855352247,im5,sc78,b24,-0.3688068390483973,item_ridge,529.0,-0.5329307810791537,-1.0012805344071898,0.0196419014737194,-0.36980178809072584,item
139804381910073,im17,sc67,b457,-0.3620044824256937,item_ridge,855.0,-0.5825053462263596,-0.9597630819115917,0.0120962057980395,-0.360244161916968,item
225950839895348,im17,sc55,b505,-0.5825053462263596,category_fe_positive_fallback,496.0,-0.5825053462263596,-0.9597630819115917,0.0120962057980395,-0.6443482333568126,sub_category
261686086433883,im17,sc55,b505,-0.5825053462263596,category_fe_positive_fallback,496.0,-0.5825053462263596,-0.9597630819115917,0.0120962057980395,-0.6443482333568126,sub_category
46426830365169,im15,sc63,b350,-0.3701674932352681,category_fe_positive_fallback,802.0,-0.3701674932352681,-0.4867729418820625,0.0094473752650418,-0.3596437625319346,sub_category
161301389174781,im2,sc6,b166,-1.1621907384337409,item_ridge,831.0,-0.7393400558468726,-1.0300616525541268,0.0204705834618003,-1.1626460351942003,item
106129980382001,im20,sc72,b332,-0.5051776880362976,item_ridge,635.0,-0.6719321285344858,-1.1053539421228344,0.0112772387829762,-0.5053127688374539,item
268820259706070,im16,sc83,b324,-0.6968787147677612,item_ridge,642.0,-0.7311111818334803,-1.1262045944613654,0.02034177093961,-0.6975302177237958,item
69176282043018,im3,sc16,b24,-1.5850390277739863,item_ridge,599.0,-0.4340556041136897,-0.8987359235912883,0.0202666082602156,-1.5814775282400573,item
142886730862045,im15,sc63,b350,-0.3701674932352681,category_fe_positive_fallback,790.0,-0.3701674932352681,-0.4867729418820625,0.0094473752650418,-0.3596437625319346,sub_category
187447339356792,im20,sc89,b520,-0.5910159575323969,item_ridge,729.0,-0.6719321285344858,-1.1053539421228344,0.0112772387829762,-0.5911924590143609,item
274142076512906,im14,sc51,b273,-1.4633373341384794,item_ridge,452.0,-0.4547142583452114,-0.5090817434280027,0.0066479608065638,-1.463027502075215,item
232293900631196,im5,sc26,b153,-0.5329307810791537,category_fe_positive_fallback,894.0,-0.5329307810791537,-1.0012805344071898,0.0196419014737194,-0.5689018324904914,sub_category
29632189006816,im3,sc16,b332,-0.6304248962775684,item_ridge,890.0,-0.4340556041136897,-0.8987359235912883,0.0202666082602156,-0.6252404349307085,item
149677329867588,im14,sc51,b122,-0.7266893456673451,item_ridge,461.0,-0.4547142583452114,-0.5090817434280027,0.0066479608065638,-0.7263767838061597,item
254777192288756,im6,sc34,b510,-0.7939712912944161,item_ridge,807.0,-0.7540643423936192,-1.1052321719674671,0.0117226556316826,-0.7936117168253843,item
101594685646838,im14,sc51,b66,-1.032676945583143,item_ridge,454.0,-0.4547142583452114,-0.5090817434280027,0.0066479608065638,-1.0323179771574162,item
137647149437838,im20,sc89,b218,-1.4076896186449843,item_ridge,364.0,-0.6719321285344858,-1.1053539421228344,0.0112772387829762,-1.407756573046278,item
14345875489892,im6,sc9,b546,-0.309351422955968,item_ridge,508.0,-0.7540643423936192,-1.1052321719674671,0.0117226556316826,-0.30918653151448333,item
227498427409731,im14,sc51,b353,-0.0170969227292047,item_ridge,431.0,-0.4547142583452114,-0.5090817434280027,0.0066479608065638,-0.016841004174742283,item
55802229332412,im6,sc9,b153,-0.7189943162480469,item_ridge,406.0,-0.7540643423936192,-1.1052321719674671,0.0117226556316826,-0.7188742397004101,item
261823710150369,im6,sc9,b332,-0.8636255368048836,item_ridge,1003.0,-0.7540643423936192,-1.1052321719674671,0.0117226556316826,-0.8632807015911569,item
6150512912727,im6,sc34,b332,-0.8752304394773736,item_ridge,997.0,-0.7540643423936192,-1.1052321719674671,0.0117226556316826,-0.8748404447348199,item
206999846838170,im6,sc22,b332,-0.6063177587262595,item_ridge,660.0,-0.7540643423936192,-1.1052321719674671,0.0117226556316826,-0.6061333850061743,item
87775537183461,im17,sc12,b301,-1.6933676524943029,item_ridge,579.0,-0.5825053462263596,-0.9597630819115917,0.0120962057980395,-1.692901242928363,item
266082742268048,im7,sc33,b332,-0.7454255455615266,item_ridge,905.0,-0.712375224530957,-1.226191510591962,0.0322433928253026,-0.7475335299581195,item
143528086016454,im14,sc51,b459,-0.4547142583452114,category_fe_positive_fallback,345.0,-0.4547142583452114,-0.5090817434280027,0.0066479608065638,-0.6979409003363024,sub_category
136622375050618,im5,sc78,b332,-0.8595052054900771,item_ridge,208.0,-0.5329307810791537,-1.0012805344071898,0.0196419014737194,-0.8596784185659269,item
360969770608,im6,sc34,b520,-0.4240610567822014,item_ridge,502.0,-0.7540643423936192,-1.1052321719674671,0.0117226556316826,-0.42394997151372665,item
130236603469531,im20,sc92,b520,-0.4310987043963075,item_ridge,935.0,-0.6719321285344858,-1.1053539421228344,0.0112772387829762,-0.43121774671949364,item
242371880591990,im5,sc78,b520,-0.5329307810791537,category_fe_positive_fallback,826.0,-0.5329307810791537,-1.0012805344071898,0.0196419014737194,-0.30769732064234073,sub_category
259271869553144,im19,sc59,b135,-0.6275151688626502,item_ridge,794.0,-0.3484302192705804,-0.4712393146436414,0.0168972418100549,-0.627610654613744,item
129453765785840,im14,sc51,b66,-1.5257406617919786,item_ridge,325.0,-0.4547142583452114,-0.5090817434280027,0.0066479608065638,-1.5255072640703051,item
19821460454327,im20,sc89,b153,-0.4878651737756598,item_ridge,750.0,-0.6719321285344858,-1.1053539421228344,0.0112772387829762,-0.4880160228484529,item
72336261947888,im14,sc51,b283,-0.4824394490819553,item_ridge,874.0,-0.4547142583452114,-0.5090817434280027,0.0066479608065638,-0.482014283056808,item
150387270467161,im14,sc51,b122,-0.8355952131211009,item_ridge,530.0,-0.4547142583452114,-0.5090817434280027,0.0066479608065638,-0.8352150887615395,item
192648796533630,im16,sc83,b135,-0.965640930631392,item_ridge,734.0,-0.7311111818334803,-1.1262045944613654,0.02034177093961,-0.966294282697045,item
249893105113952,im19,sc49,b476,-0.3484302192705804,category_fe_positive_fallback,1066.0,-0.3484302192705804,-0.4712393146436414,0.0168972418100549,-0.15646076700363776,sub_category
273870118704885,im20,sc57,b546,-0.4833834978848461,item_ridge,90.0,-0.6719321285344858,-1.1053539421228344,0.0112772387829762,-0.48341107031228425,item
126322356521234,im5,sc26,b332,-0.2862441898666662,item_ridge,944.0,-0.5329307810791537,-1.0012805344071898,0.0196419014737194,-0.2867519233855375,item
55951543650339,im19,sc59,b476,-0.1127002177770568,item_ridge,1063.0,-0.3484302192705804,-0.4712393146436414,0.0168972418100549,-0.11278987575930464,item
46441330592114,im6,sc22,b520,-0.9543404873462524,item_ridge,639.0,-0.7540643423936192,-1.1052321719674671,0.0117226556316826,-0.9540593088714655,item
151883133047129,im16,sc30,b332,-0.3002202182578747,item_ridge,697.0,-0.7311111818334803,-1.1262045944613654,0.02034177093961,-0.3005904621092532,item
155875696900726,im14,sc51,b283,-0.7290975664673328,item_ridge,959.0,-0.4547142583452114,-0.5090817434280027,0.0066479608065638,-0.7283939610549328,item
57320463452985,im14,sc51,b283,-0.2451325893901845,item_ridge,882.0,-0.4547142583452114,-0.5090817434280027,0.0066479608065638,-0.2446118804380379,item
241462849765241,im14,sc51,b368,-0.8009760493194485,item_ridge,187.0,-0.4547142583452114,-0.5090817434280027,0.0066479608065638,-0.8008027071518924,item
267197997307436,im14,sc51,b169,-0.778061756927538,item_ridge,176.0,-0.4547142583452114,-0.5090817434280027,0.0066479608065638,-0.777824264508996,item
274753112643835,im17,sc55,b391,-0.5021074607176527,item_ridge,931.0,-0.5825053462263596,-0.9597630819115917,0.0120962057980395,-0.5016203788386709,item
223349638490707,im14,sc51,b283,-0.4120855441448386,item_ridge,540.0,-0.4547142583452114,-0.5090817434280027,0.0066479608065638,-0.41177229983417607,item
41651284231986,im20,sc92,b153,-0.6719321285344858,category_fe_positive_fallback,575.0,-0.6719321285344858,-1.1053539421228344,0.0112772387829762,-0.504697012925296,sub_category
200551845884943,im14,sc51,b394,-1.417922618958244,item_ridge,263.0,-0.4547142583452114,-0.5090817434280027,0.0066479608065638,-1.4177909062088807,item
3820923259118,im16,sc83,b324,-0.3655282293004634,item_ridge,753.0,-0.7311111818334803,-1.1262045944613654,0.02034177093961,-0.36582963416848646,item
171045469818684,im20,sc89,b460,-0.6719321285344858,category_fe_positive_fallback,688.0,-0.6719321285344858,-1.1053539421228344,0.0112772387829762,-0.7049611698243912,sub_category
77046398695997,im2,sc6,b348,-0.4033172960653109,item_ridge,137.0,-0.7393400558468726,-1.0300616525541268,0.0204705834618003,-0.4033922060023961,item
275258458830366,im14,sc51,b273,-1.13956808397374,item_ridge,446.0,-0.4547142583452114,-0.5090817434280027,0.0066479608065638,-1.1394541149108188,item
154633886297033,im3,sc16,b549,-0.9083780868856663,item_ridge,365.0,-0.4340556041136897,-0.8987359235912883,0.0202666082602156,-0.9075615968378045,item
276557436881830,im6,sc9,b301,-0.7197812524307631,item_ridge,656.0,-0.7540643423936192,-1.1052321719674671,0.0117226556316826,-0.7195725723907108,item
235622030712152,im7,sc33,b24,-0.0027914378121698,item_ridge,662.0,-0.712375224530957,-1.226191510591962,0.0322433928253026,-0.003706905321547551,item
227155204593128,im20,sc89,b348,-1.0173626432857428,item_ridge,166.0,-0.6719321285344858,-1.1053539421228344,0.0112772387829762,-1.017390393061701,item
249145961254347,im6,sc22,b551,-0.7540643423936192,category_fe_positive_fallback,254.0,-0.7540643423936192,-1.1052321719674671,0.0117226556316826,-0.5733983862388061,sub_category
233919830437569,im6,sc34,b332,-0.4941208789470436,item_ridge,713.0,-0.7540643423936192,-1.1052321719674671,0.0117226556316826,-0.4939745881934841,item
255907160603402,im5,sc26,b478,-0.7169565786668833,item_ridge,131.0,-0.5329307810791537,-1.0012805344071898,0.0196419014737194,-0.7172735026536615,item
218069087495573,im20,sc57,b301,-0.6804109973247754,item_ridge,158.0,-0.6719321285344858,-1.1053539421228344,0.0112772387829762,-0.6804334099997108,item
188544898865953,im6,sc66,b520,-0.1577758212227572,item_ridge,972.0,-0.7540643423936192,-1.1052321719674671,0.0117226556316826,-0.15741194580334625,item
86400813931110,im20,sc92,b262,-0.3194892933802195,item_ridge,296.0,-0.6719321285344858,-1.1053539421228344,0.0112772387829762,-0.31951784418130863,item
5267034007337,im16,sc31,b332,-0.3811622156015498,item_ridge,376.0,-0.7311111818334803,-1.1262045944613654,0.02034177093961,-0.3813526127707351,item
137298974105668,im20,sc72,b24,-0.8534277909102358,item_ridge,696.0,-0.6719321285344858,-1.1053539421228344,0.0112772387829762,-0.8534889412609374,item
198110483536946,im5,sc78,b24,-0.3414137070586845,item_ridge,293.0,-0.5329307810791537,-1.0012805344071898,0.0196419014737194,-0.3415852783044326,item
47251855029268,im14,sc51,b481,-0.5831175068109464,item_ridge,150.0,-0.4547142583452114,-0.5090817434280027,0.0066479608065638,-0.5829810169152349,item
103108233154081,im14,sc51,b169,-0.5046159307318935,item_ridge,373.0,-0.4547142583452114,-0.5090817434280027,0.0066479608065638,-0.5042562798566892,item
158619931262250,im14,sc51,b481,-1.3194395454001278,item_ridge,196.0,-0.4547142583452114,-0.5090817434280027,0.0066479608065638,-1.3189788920020984,item
200966160233429,im6,sc34,b332,-0.3218445408821977,item_ridge,219.0,-0.7540643423936192,-1.1052321719674671,0.0117226556316826,-0.3217983977706782,item
124116990988804,im20,sc72,b348,-1.364642994441861,item_ridge,343.0,-0.6719321285344858,-1.1053539421228344,0.0112772387829762,-1.3646713047894066,item
9349944311551,im16,sc30,b332,-0.5736686713584535,item_ridge,817.0,-0.7311111818334803,-1.1262045944613654,0.02034177093961,-0.5737974250438743,item
146082959673925,im14,sc51,b283,-0.2642846115465369,item_ridge,966.0,-0.4547142583452114,-0.5090817434280027,0.0066479608065638,-0.26394133945881837,item
17523182172627,im8,sc37,b496,-0.8316743390386224,item_ridge,743.0,-0.5240268331974867,-0.98244493005407,0.0158566637101308,-0.8314081295622802,item
276748653582874,im6,sc9,b520,-0.4902391921639987,item_ridge,318.0,-0.7540643423936192,-1.1052321719674671,0.0117226556316826,-0.4901550359511247,item
89431323371907,im6,sc9,b153,-0.5312394273243405,item_ridge,828.0,-0.7540643423936192,-1.1052321719674671,0.0117226556316826,-0.5309582224179086,item
96360082205695,im17,sc55,b24,-0.4495529599103278,item_ridge,788.0,-0.5825053462263596,-0.9597630819115917,0.0120962057980395,-0.4491050288206751,item
110756937505068,im7,sc33,b24,-0.5663281249086716,item_ridge,253.0,-0.712375224530957,-1.226191510591962,0.0322433928253026,-0.5667898738717354,item
190012131450742,im20,sc89,b153,-0.8774998305738809,item_ridge,512.0,-0.6719321285344858,-1.1053539421228344,0.0112772387829762,-0.8775377445119622,item
243313105405485,im16,sc31,b460,-0.2984010769080717,item_ridge,731.0,-0.7311111818334803,-1.1262045944613654,0.02034177093961,-0.29866726324168963,item
128429051120383,im2,sc6,b546,-0.2040007944790058,item_ridge,227.0,-0.7393400558468726,-1.0300616525541268,0.0204705834618003,-0.20407716370057935,item
6349578084904,im16,sc31,b24,-0.2104979854210144,item_ridge,823.0,-0.7311111818334803,-1.1262045944613654,0.02034177093961,-0.2106914634505425,item
23381471573131,im20,sc72,b520,-0.1711222125493441,item_ridge,596.0,-0.6719321285344858,-1.1053539421228344,0.0112772387829762,-0.17117446536224612,item
203225434729566,im14,sc2,b481,-0.6157337705375431,item_ridge,172.0,-0.4547142583452114,-0.5090817434280027,0.0066479608065638,-0.6155808643232362,item
133076703628186,im8,sc37,b201,-0.0524925877657878,item_ridge,639.0,-0.5240268331974867,-0.98244493005407,0.0158566637101308,-0.052327074917454336,item
38625914245024,im16,sc83,b153,-0.364628888061915,item_ridge,880.0,-0.7311111818334803,-1.1262045944613654,0.02034177093961,-0.3650313775891523,item
212286593780320,im14,sc51,b283,-0.4384350544343677,item_ridge,669.0,-0.4547142583452114,-0.5090817434280027,0.0066479608065638,-0.43826648941316126,item
256740873777171,im19,sc69,b476,-0.3484302192705804,category_fe_positive_fallback,574.0,-0.3484302192705804,-0.4712393146436414,0.0168972418100549,-0.34042361665531085,main_category
198630700742511,im2,sc7,b486,-0.2647654778109174,item_ridge,238.0,-0.7393400558468726,-1.0300616525541268,0.0204705834618003,-0.2648348137937234,item
267420498780575,im2,sc87,b546,-0.3903491216773636,item_ridge,102.0,-0.7393400558468726,-1.0300616525541268,0.0204705834618003,-0.39041328724043484,item
214990236586547,im14,sc51,b539,-0.2304850328357029,item_ridge,417.0,-0.4547142583452114,-0.5090817434280027,0.0066479608065638,-0.23027347349734723,item
227118363413555,im8,sc37,b336,-0.2928551145011163,item_ridge,798.0,-0.5240268331974867,-0.98244493005407,0.0158566637101308,-0.29267301178686667,item
24848015186727,im6,sc34,b218,-1.026688631021873,item_ridge,274.0,-0.7540643423936192,-1.1052321719674671,0.0117226556316826,-1.026607966026919,item
114700152093721,im3,sc20,b153,-0.1641310736048139,item_ridge,836.0,-0.4340556041136897,-0.8987359235912883,0.0202666082602156,-0.16211263309093638,item
16159173553950,im16,sc75,b551,-1.0915323593257569,item_ridge,802.0,-0.7311111818334803,-1.1262045944613654,0.02034177093961,-1.091796972798307,item
194782613058463,im14,sc51,b122,-0.2460108777395417,item_ridge,461.0,-0.4547142583452114,-0.5090817434280027,0.0066479608065638,-0.24587029314695677,item
271837386129952,im6,sc34,b332,-0.1759461770166291,item_ridge,233.0,-0.7540643423936192,-1.1052321719674671,0.0117226556316826,-0.17590037570593428,item
79935966435733,im6,sc34,b332,-2.081554834803038,item_ridge,996.0,-0.7540643423936192,-1.1052321719674671,0.0117226556316826,-2.0772662598382716,item
186269055761533,im15,sc61,b43,-1.4552626501981027,item_ridge,426.0,-0.3701674932352681,-0.4867729418820625,0.0094473752650418,-1.4553059791879672,item
125060840586745,im6,sc34,b332,-0.8238743384378505,item_ridge,1000.0,-0.7540643423936192,-1.1052321719674671,0.0117226556316826,-0.8223970752675532,item
233950557264556,im17,sc55,b391,-0.9259182929061714,item_ridge,909.0,-0.5825053462263596,-0.9597630819115917,0.0120962057980395,-0.9235738515217656,item
30731839541830,im5,sc78,b520,-0.6942668729042348,item_ridge,1053.0,-0.5329307810791537,-1.0012805344071898,0.0196419014737194,-0.6964743134775194,item
115260611693891,im14,sc51,b481,-0.1909826013349528,item_ridge,350.0,-0.4547142583452114,-0.5090817434280027,0.0066479608065638,-0.19024623834757923,item
70121275023858,im17,sc55,b505,-1.747481230504676,item_ridge,764.0,-0.5825053462263596,-0.9597630819115917,0.0120962057980395,-1.7458161704644748,item
97047154850474,im19,sc59,b476,-0.8572408675989823,item_ridge,581.0,-0.3484302192705804,-0.4712393146436414,0.0168972418100549,-0.8573997116575328,item
164939445935648,im14,sc51,b283,-1.3632782887471555,item_ridge,616.0,-0.4547142583452114,-0.5090817434280027,0.0066479608065638,-1.362763039390837,item
3084842360059,im19,sc49,b476,-0.3484302192705804,category_fe_positive_fallback,1029.0,-0.3484302192705804,-0.4712393146436414,0.0168972418100549,-0.15646076700363776,sub_category
61422062172047,im5,sc78,b332,-0.7587307095443182,item_ridge,672.0,-0.5329307810791537,-1.0012805344071898,0.0196419014737194,-0.7595655801516186,item
110545856062435,im20,sc89,b153,-1.4150418268987308,item_ridge,712.0,-0.6719321285344858,-1.1053539421228344,0.0112772387829762,-1.4154004766193933,item
226211086291457,im20,sc92,b520,-1.1720285887499684,item_ridge,941.0,-0.6719321285344858,-1.1053539421228344,0.0112772387829762,-1.17229893418853,item
231058944509861,im17,sc67,b332,-1.1571496275702529,item_ridge,421.0,-0.5825053462263596,-0.9597630819115917,0.0120962057980395,-1.1564335259636942,item
178117027160469,im20,sc89,b153,-0.2745191430471742,item_ridge,805.0,-0.6719321285344858,-1.1053539421228344,0.0112772387829762,-0.27468967510058884,item
43344458523403,im5,sc78,b551,-0.5329307810791537,category_fe_positive_fallback,851.0,-0.5329307810791537,-1.0012805344071898,0.0196419014737194,-0.30769732064234073,sub_category
80556418166017,im16,sc75,b332,-0.6898967800164629,item_ridge,422.0,-0.7311111818334803,-1.1262045944613654,0.02034177093961,-0.6905968646116817,item
240471409844738,im20,sc92,b348,-0.6681791961647667,item_ridge,343.0,-0.6719321285344858,-1.1053539421228344,0.0112772387829762,-0.6682643646561515,item
279436900417691,im14,sc51,b273,-1.504023742179342,item_ridge,504.0,-0.4547142583452114,-0.5090817434280027,0.0066479608065638,-1.50378351996289,item
63952081215237,im14,sc51,b283,-1.4622027171513414,item_ridge,430.0,-0.4547142583452114,-0.5090817434280027,0.0066479608065638,-1.4616840555476303,item
10554422722157,im5,sc78,b395,-1.0958511725582816,item_ridge,548.0,-0.5329307810791537,-1.0012805344071898,0.0196419014737194,-1.096321556882749,item
102906254427916,im14,sc51,b169,-0.5859594531704548,item_ridge,230.0,-0.4547142583452114,-0.5090817434280027,0.0066479608065638,-0.5856373370165727,item
61069857099955,im7,sc33,b336,-1.4465587632511503,item_ridge,635.0,-0.712375224530957,-1.226191510591962,0.0322433928253026,-1.4475424893028956,item
191901280879268,im8,sc81,b332,-0.5985187129605626,item_ridge,986.0,-0.5240268331974867,-0.98244493005407,0.0158566637101308,-0.5981019743721238,item
160593684266953,im17,sc67,b153,-0.5316026040928962,item_ridge,964.0,-0.5825053462263596,-0.9597630819115917,0.0120962057980395,-0.5305963777196946,item
198130842253074,im16,sc75,b332,-0.7311111818334803,category_fe_positive_fallback,584.0,-0.7311111818334803,-1.1262045944613654,0.02034177093961,-0.9441308074038132,sub_category
66432804385191,im6,sc34,b332,-0.4794533079138772,item_ridge,685.0,-0.7540643423936192,-1.1052321719674671,0.0117226556316826,-0.4792389987959276,item
166089175275020,im3,sc16,b451,-1.1046945417727023,item_ridge,753.0,-0.4340556041136897,-0.8987359235912883,0.0202666082602156,-1.0978069723505461,item
275664192808043,im6,sc34,b153,-1.2362373761138763,item_ridge,281.0,-0.7540643423936192,-1.1052321719674671,0.0117226556316826,-1.236127658048705,item
195370403261705,im16,sc83,b332,-0.5429844912305558,item_ridge,180.0,-0.7311111818334803,-1.1262045944613654,0.02034177093961,-0.5432076171246744,item
169371153871141,im6,sc34,b153,-0.8194891675617472,item_ridge,577.0,-0.7540643423936192,-1.1052321719674671,0.0117226556316826,-0.8192717822363644,item
55282382078485,im6,sc34,b332,-0.1141530761164527,item_ridge,604.0,-0.7540643423936192,-1.1052321719674671,0.0117226556316826,-0.11396474386128502,item
105527682427636,im17,sc55,b391,-1.2339504363324818,item_ridge,937.0,-0.5825053462263596,-0.9597630819115917,0.0120962057980395,-1.233216934779502,item
41153576659142,im6,sc34,b332,-0.2690626275424969,item_ridge,502.0,-0.7540643423936192,-1.1052321719674671,0.0117226556316826,-0.26889206893028533,item
229971938193995,im20,sc93,b153,-0.7681338224318648,item_ridge,404.0,-0.6719321285344858,-1.1053539421228344,0.0112772387829762,-0.7682356391262193,item
272978447391262,im14,sc51,b346,-0.378772310974286,item_ridge,762.0,-0.4547142583452114,-0.5090817434280027,0.0066479608065638,-0.3782884542939822,item
11277799495980,im6,sc34,b546,-1.4713708517624309,item_ridge,671.0,-0.7540643423936192,-1.1052321719674671,0.0117226556316826,-1.4711466304205258,item
261319936519381,im19,sc35,b476,-0.6121151151763652,item_ridge,1007.0,-0.3484302192705804,-0.4712393146436414,0.0168972418100549,-0.6122797771668133,item
257989288395537,im14,sc99,b353,-0.4547142583452114,category_fe_positive_fallback,299.0,-0.4547142583452114,-0.5090817434280027,0.0066479608065638,-0.7841611611925259,sub_category
108132995902648,im6,sc34,b218,-1.2568474662746292,item_ridge,350.0,-0.7540643423936192,-1.1052321719674671,0.0117226556316826,-1.2567500530391964,item
272372192907551,im5,sc26,b478,-0.2771487293147515,item_ridge,693.0,-0.5329307810791537,-1.0012805344071898,0.0196419014737194,-0.2774762993269263,item
146496165903876,im8,sc81,b332,-0.5240268331974867,category_fe_positive_fallback,746.0,-0.5240268331974867,-0.98244493005407,0.0158566637101308,-0.6501183013557981,sub_category
89068536348604,im16,sc30,b332,-0.2423043115524434,item_ridge,506.0,-0.7311111818334803,-1.1262045944613654,0.02034177093961,-0.24251869567936524,item
91934562403356,im2,sc6,b164,-1.317818900527015,item_ridge,430.0,-0.7393400558468726,-1.0300616525541268,0.0204705834618003,-1.318044603194594,item
27962583418740,im17,sc67,b520,-0.4159050171846856,item_ridge,318.0,-0.5825053462263596,-0.9597630819115917,0.0120962057980395,-0.4154617710134231,item
120477143185454,im5,sc78,b153,-0.0741089908906712,item_ridge,606.0,-0.5329307810791537,-1.0012805344071898,0.0196419014737194,-0.07456788240441839,item
120900996104832,im15,sc63,b547,-0.5435810064428308,item_ridge,839.0,-0.3701674932352681,-0.4867729418820625,0.0094473752650418,-0.5436027241060915,item
96527253454010,im6,sc34,b520,-0.0534582179849844,item_ridge,821.0,-0.7540643423936192,-1.1052321719674671,0.0117226556316826,-0.05325382109099135,item
208201507135881,im16,sc83,b460,-0.8397485202353799,item_ridge,897.0,-0.7311111818334803,-1.1262045944613654,0.02034177093961,-0.8402859947648591,item
61982182618072,im19,sc59,b135,-0.1250568330395329,item_ridge,871.0,-0.3484302192705804,-0.4712393146436414,0.0168972418100549,-0.1251578476995322,item
54820617361654,im6,sc34,b551,-0.2176043943571403,item_ridge,711.0,-0.7540643423936192,-1.1052321719674671,0.0117226556316826,-0.2173593231648437,item
82219759002345,im6,sc9,b520,-0.2546713135442597,item_ridge,874.0,-0.7540643423936192,-1.1052321719674671,0.0117226556316826,-0.25442363428360654,item
134115173819504,im14,sc51,b283,-0.3436623477301309,item_ridge,390.0,-0.4547142583452114,-0.5090817434280027,0.0066479608065638,-0.3434309973568966,item
45476353918145,im7,sc33,b24,-0.6275810326494419,item_ridge,398.0,-0.712375224530957,-1.226191510591962,0.0322433928253026,-0.6292112072494733,item
246252078866332,im14,sc51,b283,-0.4884700312529192,item_ridge,378.0,-0.4547142583452114,-0.5090817434280027,0.0066479608065638,-0.4882461878239482,item
85522058722469,im17,sc76,b391,-0.5825053462263596,category_fe_positive_fallback,802.0,-0.5825053462263596,-0.9597630819115917,0.0120962057980395,-0.7593082970488787,main_category
85169587768654,im8,sc81,b153,-0.3578691897448638,item_ridge,866.0,-0.5240268331974867,-0.98244493005407,0.0158566637101308,-0.3575996035217588,item
31981261312386,im14,sc2,b369,-0.3884192433324658,item_ridge,360.0,-0.4547142583452114,-0.5090817434280027,0.0066479608065638,-0.38819056662803414,item
247232642017494,im17,sc55,b391,-0.773463278926641,item_ridge,808.0,-0.5825053462263596,-0.9597630819115917,0.0120962057980395,-0.7730360747254545,item
87646998994284,im20,sc89,b153,-0.3527470395319345,item_ridge,751.0,-0.6719321285344858,-1.1053539421228344,0.0112772387829762,-0.35301195309078687,item
198989234815505,im6,sc34,b332,-0.5704036340308258,item_ridge,395.0,-0.7540643423936192,-1.1052321719674671,0.0117226556316826,-0.5703202346292641,item
235472257724057,im17,sc67,b510,-0.5130491028828641,item_ridge,765.0,-0.5825053462263596,-0.9597630819115917,0.0120962057980395,-0.5123525731851669,item
128820719966683,im6,sc34,b332,-0.3224453761814409,item_ridge,538.0,-0.7540643423936192,-1.1052321719674671,0.0117226556316826,-0.32233805072205307,item
206092909074210,im14,sc51,b481,-0.5548022120082245,item_ridge,169.0,-0.4547142583452114,-0.5090817434280027,0.0066479608065638,-0.5544411962340643,item
175785907971746,im14,sc51,b346,-0.4862022452933379,item_ridge,798.0,-0.4547142583452114,-0.5090817434280027,0.0066479608065638,-0.48572862535521305,item
96097526991612,im8,sc37,b218,-0.5014754317358592,item_ridge,775.0,-0.5240268331974867,-0.98244493005407,0.0158566637101308,-0.5012759675340224,item
154269060790351,im4,sc66,b135,-0.0587181956573761,item_ridge,931.0,-0.6597748090798966,-0.6259883664315813,0.0291194429147193,-0.058539400153191236,item
111722517234505,im5,sc25,b551,-0.1425303085389234,item_ridge,833.0,-0.5329307810791537,-1.0012805344071898,0.0196419014737194,-0.14309557179968885,item
118363529402010,im5,sc25,b153,-0.4556823928404233,item_ridge,834.0,-0.5329307810791537,-1.0012805344071898,0.0196419014737194,-0.456083573877454,item
74674819571011,im15,sc63,b65,-0.3501802420452116,item_ridge,639.0,-0.3701674932352681,-0.4867729418820625,0.0094473752650418,-0.350204593010536,item
198577425872056,im5,sc26,b155,-0.6279501755790279,item_ridge,212.0,-0.5329307810791537,-1.0012805344071898,0.0196419014737194,-0.6281016767096586,item
224446252527110,im20,sc57,b332,-0.6719321285344858,category_fe_positive_fallback,732.0,-0.6719321285344858,-1.1053539421228344,0.0112772387829762,-0.5185301370479203,sub_category
69450844745155,im14,sc51,b283,-0.3335738992634701,item_ridge,252.0,-0.4547142583452114,-0.5090817434280027,0.0066479608065638,-0.33344355141306364,item
132680984361893,im14,sc51,b283,-0.4411912224863049,item_ridge,396.0,-0.4547142583452114,-0.5090817434280027,0.0066479608065638,-0.441012420722921,item
205440921661025,im4,sc27,b565,-0.2779704280677333,item_ridge,506.0,-0.6597748090798966,-0.6259883664315813,0.0291194429147193,-0.2776979130701158,item
121905646946712,im5,sc78,b395,-0.5329307810791537,category_fe_low_n,25.0,-0.5329307810791537,-1.0012805344071898,0.0196419014737194,-0.3267856048908167,item
20541695289010,im6,sc9,b332,-0.374297309056628,item_ridge,846.0,-0.7540643423936192,-1.1052321719674671,0.0117226556316826,-0.37407494507952266,item
37112700789956,im20,sc89,b510,-0.6719321285344858,category_fe_positive_fallback,826.0,-0.6719321285344858,-1.1053539421228344,0.0112772387829762,-0.7049611698243912,sub_category
240320638267367,im14,sc51,b66,-0.6126502060677486,item_ridge,288.0,-0.4547142583452114,-0.5090817434280027,0.0066479608065638,-0.6124898304402855,item
188159160453275,im3,sc16,b24,-0.9824986281241594,item_ridge,525.0,-0.4340556041136897,-0.8987359235912883,0.0202666082602156,-0.980625209241332,item
182289480746373,im14,sc51,b122,-0.6956340141474416,item_ridge,469.0,-0.4547142583452114,-0.5090817434280027,0.0066479608065638,-0.6954197250111719,item
155578785127935,im14,sc51,b66,-0.6616222557664045,item_ridge,774.0,-0.4547142583452114,-0.5090817434280027,0.0066479608065638,-0.6612148334277013,item
143666165041881,im14,sc51,b481,-0.2410302066516919,item_ridge,164.0,-0.4547142583452114,-0.5090817434280027,0.0066479608065638,-0.24088484491275677,item
26806251186457,im14,sc51,b346,-0.416086420555563,item_ridge,450.0,-0.4547142583452114,-0.5090817434280027,0.0066479608065638,-0.4159239975796644,item
126317734155557,im17,sc67,b520,-0.4872552953449909,item_ridge,224.0,-0.5825053462263596,-0.9597630819115917,0.0120962057980395,-0.4870446095025471,item
122224109464650,im6,sc34,b153,-0.4691120267748537,item_ridge,642.0,-0.7540643423936192,-1.1052321719674671,0.0117226556316826,-0.46892882153207727,item
1652426723209,im14,sc51,b273,-1.3497713055910696,item_ridge,525.0,-0.4547142583452114,-0.5090817434280027,0.0066479608065638,-1.3494826294616356,item
254241346315572,im14,sc99,b346,-0.4547142583452114,category_fe_positive_fallback,470.0,-0.4547142583452114,-0.5090817434280027,0.0066479608065638,-0.7841611611925259,sub_category
93572075045051,im14,sc51,b459,-0.5307710896852735,item_ridge,380.0,-0.4547142583452114,-0.5090817434280027,0.0066479608065638,-0.5306209507999883,item
543973061810,im11,sc38,b430,-0.6363852898945598,item_ridge,636.0,-0.3954087848279526,-0.4174127415726866,0.0176249681656319,-0.6357893735556106,item
112000929120886,im7,sc33,b520,-0.4945013734788581,item_ridge,820.0,-0.712375224530957,-1.226191510591962,0.0322433928253026,-0.49540278775892554,item
50327313240902,im9,sc23,b460,-0.7636120158145364,item_ridge,455.0,-0.6990257650229246,-0.3020684723539735,0.0133293137954538,-0.7652536314991791,item
170791776869294,im20,sc92,b551,-0.3216620219469142,item_ridge,360.0,-0.6719321285344858,-1.1053539421228344,0.0112772387829762,-0.32170396097676324,item
77832014614514,im4,sc3,b496,-0.5720105214670467,item_ridge,416.0,-0.6597748090798966,-0.6259883664315813,0.0291194429147193,-0.57192579206134,item
105891435544106,im19,sc59,b476,-0.4277270786544614,item_ridge,687.0,-0.3484302192705804,-0.4712393146436414,0.0168972418100549,-0.4277707122058217,item
182012862144805,im4,sc1,b62,-0.2106748211418134,item_ridge,372.0,-0.6597748090798966,-0.6259883664315813,0.0291194429147193,-0.210587762259421,item
14211309028732,im16,sc30,b332,-0.4710680357538017,item_ridge,276.0,-0.7311111818334803,-1.1262045944613654,0.02034177093961,-0.47118015618799697,item
102396839820635,im17,sc55,b510,-0.1407240816243757,item_ridge,738.0,-0.5825053462263596,-0.9597630819115917,0.0120962057980395,-0.14025772663386307,item
209138109162977,im14,sc51,b122,-0.0848255548249115,item_ridge,458.0,-0.4547142583452114,-0.5090817434280027,0.0066479608065638,-0.08463651631934847,item
124819198998691,im14,sc51,b122,-0.5641911283249985,item_ridge,195.0,-0.4547142583452114,-0.5090817434280027,0.0066479608065638,-0.5640191510564012,item
154346269170606,im3,sc20,b153,-0.3833172426399673,item_ridge,759.0,-0.4340556041136897,-0.8987359235912883,0.0202666082602156,-0.38103334965156005,item
49187826093122,im16,sc83,b324,-0.2362798137358913,item_ridge,578.0,-0.7311111818334803,-1.1262045944613654,0.02034177093961,-0.23647397024596795,item
4715332377835,im20,sc72,b520,-0.5708787964604428,item_ridge,402.0,-0.6719321285344858,-1.1053539421228344,0.0112772387829762,-0.5709160043457899,item
133845148149944,im17,sc56,b546,-0.9775589680587992,item_ridge,480.0,-0.5825053462263596,-0.9597630819115917,0.0120962057980395,-0.9773988804180478,item
189767072617513,im20,sc92,b510,-0.0239439350827752,item_ridge,713.0,-0.6719321285344858,-1.1053539421228344,0.0112772387829762,-0.024011844050338096,item
114945943341760,im20,sc72,b24,-0.6719321285344858,category_fe_positive_fallback,692.0,-0.6719321285344858,-1.1053539421228344,0.0112772387829762,-0.6233376155185413,sub_category
31520729178616,im14,sc51,b283,-0.087553154304639,item_ridge,841.0,-0.4547142583452114,-0.5090817434280027,0.0066479608065638,-0.08713890747114926,item
74762970089425,im14,sc51,b66,-0.2025339006783379,item_ridge,315.0,-0.4547142583452114,-0.5090817434280027,0.0066479608065638,-0.20240491772688915,item
2126790419932,im6,sc34,b153,-0.6921703148268795,item_ridge,913.0,-0.7540643423936192,-1.1052321719674671,0.0117226556316826,-0.6919464352858005,item
158517748687998,im8,sc37,b218,-0.2609493224487228,item_ridge,627.0,-0.5240268331974867,-0.98244493005407,0.0158566637101308,-0.26056389742428226,item
184992540849594,im20,sc57,b24,-0.4059388874869957,item_ridge,662.0,-0.6719321285344858,-1.1053539421228344,0.0112772387829762,-0.40600483557367517,item
118078547957023,im14,sc2,b66,-0.3908083545920355,item_ridge,583.0,-0.4547142583452114,-0.5090817434280027,0.0066479608065638,-0.3905346251637461,item
7965829486053,im3,sc16,b24,-0.3272153376613134,item_ridge,630.0,-0.4340556041136897,-0.8987359235912883,0.0202666082602156,-0.32569756781773956,item
262205786513186,im6,sc9,b546,-0.2647747617794949,item_ridge,268.0,-0.7540643423936192,-1.1052321719674671,0.0117226556316826,-0.2646971054367209,item
124582217392881,im20,sc93,b153,-0.6719321285344858,category_fe_positive_fallback,795.0,-0.6719321285344858,-1.1053539421228344,0.0112772387829762,-1.0315494762324764,sub_category
198650608581953,im3,sc16,b451,-0.6784312409297554,item_ridge,934.0,-0.4340556041136897,-0.8987359235912883,0.0202666082602156,-0.6760368713415439,item
277692488431065,im6,sc34,b332,-1.2854904875479296,item_ridge,1006.0,-0.7540643423936192,-1.1052321719674671,0.0117226556316826,-1.2827844504078894,item
159984119783390,im6,sc34,b332,-0.6953677362791959,item_ridge,725.0,-0.7540643423936192,-1.1052321719674671,0.0117226556316826,-0.6942500475779293,item
13072220999894,im14,sc51,b481,-1.1918405873679223,item_ridge,252.0,-0.4547142583452114,-0.5090817434280027,0.0066479608065638,-1.1910885280425416,item
119382024009201,im14,sc51,b122,-0.8037630145652641,item_ridge,197.0,-0.4547142583452114,-0.5090817434280027,0.0066479608065638,-0.8031337961460249,item
127850902057803,im17,sc55,b391,-0.9372681411707282,item_ridge,904.0,-0.5825053462263596,-0.9597630819115917,0.0120962057980395,-0.9353923577644444,item
172020917575580,im6,sc9,b332,-1.023097135245192,item_ridge,925.0,-0.7540643423936192,-1.1052321719674671,0.0117226556316826,-1.0223410977230312,item
210465335404416,im14,sc51,b481,-0.8716966340412221,item_ridge,340.0,-0.4547142583452114,-0.5090817434280027,0.0066479608065638,-0.8710462596881486,item
273738098513162,im6,sc34,b218,-0.5481120776430811,item_ridge,358.0,-0.7540643423936192,-1.1052321719674671,0.0117226556316826,-0.5478981103259583,item
199910853145970,im17,sc55,b389,-0.4646146326724049,item_ridge,911.0,-0.5825053462263596,-0.9597630819115917,0.0120962057980395,-0.46318908334338216,item
266028631803129,im8,sc81,b332,-0.536282173076143,item_ridge,926.0,-0.5240268331974867,-0.98244493005407,0.0158566637101308,-0.5353505943223774,item
75368200341386,im2,sc6,b166,-1.0475547270208505,item_ridge,803.0,-0.7393400558468726,-1.0300616525541268,0.0204705834618003,-1.0483544149206394,item
154299401950874,im11,sc54,b135,-0.8124639001949564,item_ridge,657.0,-0.3954087848279526,-0.4174127415726866,0.0176249681656319,-0.8104529322929406,item
216273537877886,im14,sc51,b481,-1.6817561277595687,item_ridge,338.0,-0.4547142583452114,-0.5090817434280027,0.0066479608065638,-1.6805516044299005,item
4452667886887,im16,sc19,b551,-0.7311111818334803,category_fe_positive_fallback,786.0,-0.7311111818334803,-1.1262045944613654,0.02034177093961,-0.11112875118487553,sub_category
265047583126012,im17,sc67,b24,-0.5193102185736621,item_ridge,696.0,-0.5825053462263596,-0.9597630819115917,0.0120962057980395,-0.5180023545462495,item
105991734579042,im15,sc61,b350,-0.3701674932352681,category_fe_positive_fallback,510.0,-0.3701674932352681,-0.4867729418820625,0.0094473752650418,-0.37606314727235,sub_category
124642321577516,im6,sc34,b332,-0.4607655870199101,item_ridge,868.0,-0.7540643423936192,-1.1052321719674671,0.0117226556316826,-0.4602012738560596,item
59389610774465,im14,sc51,b283,-0.7082084223872922,item_ridge,750.0,-0.4547142583452114,-0.5090817434280027,0.0066479608065638,-0.7075205133128964,item
51827604855538,im3,sc16,b24,-1.509599621613377,item_ridge,709.0,-0.4340556041136897,-0.8987359235912883,0.0202666082602156,-1.5046606081950158,item
261123773550998,im15,sc61,b551,-0.6157931519833877,item_ridge,323.0,-0.3701674932352681,-0.4867729418820625,0.0094473752650418,-0.6158058391647332,item
225193567899707,im20,sc89,b546,-1.9969301541691176,item_ridge,808.0,-0.6719321285344858,-1.1053539421228344,0.0112772387829762,-1.997060190909945,item
69752173648326,im14,sc51,b344,-0.0417343603784139,item_ridge,334.0,-0.4547142583452114,-0.5090817434280027,0.0066479608065638,-0.041141311781539805,item
223574371527274,im15,sc63,b65,-0.5047463889213885,item_ridge,715.0,-0.3701674932352681,-0.4867729418820625,0.0094473752650418,-0.5047670306117615,item
276880224577193,im6,sc34,b332,-0.8632622595727087,item_ridge,1003.0,-0.7540643423936192,-1.1052321719674671,0.0117226556316826,-0.8628315905318545,item
89252417507470,im14,sc51,b122,-0.4547142583452114,category_fe_positive_fallback,200.0,-0.4547142583452114,-0.5090817434280027,0.0066479608065638,-0.6979409003363024,sub_category
83991728815376,im6,sc34,b520,-0.7540643423936192,category_fe_positive_fallback,363.0,-0.7540643423936192,-1.1052321719674671,0.0117226556316826,-1.0002026257281673,sub_category
226836511614723,im6,sc34,b153,-1.1773852437569865,item_ridge,657.0,-0.7540643423936192,-1.1052321719674671,0.0117226556316826,-1.1771955442985125,item
181145253015277,im14,sc51,b122,-0.1971076954006354,item_ridge,292.0,-0.4547142583452114,-0.5090817434280027,0.0066479608065638,-0.1968149245743303,item
33709011353822,im14,sc51,b346,-0.96979059173297,item_ridge,441.0,-0.4547142583452114,-0.5090817434280027,0.0066479608065638,-0.9694944086592715,item
199504662069309,im17,sc55,b391,-0.8697281311006548,item_ridge,883.0,-0.5825053462263596,-0.9597630819115917,0.0120962057980395,-0.869053355731665,item
105506207644552,im20,sc57,b332,-0.3041552224035257,item_ridge,964.0,-0.6719321285344858,-1.1053539421228344,0.0112772387829762,-0.3042730904997659,item
247973285655640,im14,sc51,b68,-0.4352856056305549,item_ridge,177.0,-0.4547142583452114,-0.5090817434280027,0.0066479608065638,-0.4350740462921997,item
261739415336763,im14,sc51,b346,-0.2137133481380073,item_ridge,245.0,-0.4547142583452114,-0.5090817434280027,0.0066479608065638,-0.21349974145121575,item
6158912997251,im6,sc34,b332,-1.0220764422442346,item_ridge,1006.0,-0.7540643423936192,-1.1052321719674671,0.0117226556316826,-1.0215777548389902,item
235417835452754,im6,sc34,b153,-0.7929439747186982,item_ridge,304.0,-0.7540643423936192,-1.1052321719674671,0.0117226556316826,-0.7928345984543549,item
197611772632475,im14,sc51,b143,-0.7595332543940069,item_ridge,134.0,-0.4547142583452114,-0.5090817434280027,0.0066479608065638,-0.7592070435432526,item
114171158221113,im17,sc55,b301,-0.0825608995358717,item_ridge,741.0,-0.5825053462263596,-0.9597630819115917,0.0120962057980395,-0.0817663688112947,item
12865511057039,im6,sc34,b332,-0.6760111377605476,item_ridge,276.0,-0.7540643423936192,-1.1052321719674671,0.0117226556316826,-0.6759126991226375,item
136512858263053,im9,sc42,b224,-0.7215214447953481,item_ridge,771.0,-0.6990257650229246,-0.3020684723539735,0.0133293137954538,-0.7231681968520951,item
224967847317305,im20,sc89,b24,-0.593243681191587,item_ridge,706.0,-0.6719321285344858,-1.1053539421228344,0.0112772387829762,-0.5933566163262979,item
262646804294850,im2,sc6,b371,-0.9218120204042952,item_ridge,640.0,-0.7393400558468726,-1.0300616525541268,0.0204705834618003,-0.9222157557794883,item
255000743755999,im6,sc34,b332,-0.3991834154169065,item_ridge,261.0,-0.7540643423936192,-1.1052321719674671,0.0117226556316826,-0.39911642245499535,item
281054287599458,im4,sc3,b496,-0.691186383417434,item_ridge,744.0,-0.6597748090798966,-0.6259883664315813,0.0291194429147193,-0.6908576333232923,item
38005967066548,im3,sc16,b332,-0.3393490299057308,item_ridge,451.0,-0.4340556041136897,-0.8987359235912883,0.0202666082602156,-0.33744054703311915,item
89073329847717,im6,sc34,b332,-0.3136181154607306,item_ridge,354.0,-0.7540643423936192,-1.1052321719674671,0.0117226556316826,-0.31353198165255963,item
267409503287550,im20,sc72,b486,-1.0681348142568212,item_ridge,353.0,-0.6719321285344858,-1.1053539421228344,0.0112772387829762,-1.068243849538232,item
256850933266700,im7,sc33,b24,-0.2667678899748589,item_ridge,746.0,-0.712375224530957,-1.226191510591962,0.0322433928253026,-0.268269577906908,item
48698321559027,im5,sc78,b153,-0.5329307810791537,category_fe_positive_fallback,788.0,-0.5329307810791537,-1.0012805344071898,0.0196419014737194,-0.30769732064234073,sub_category
69672932586954,im14,sc51,b169,-0.7406651078760288,item_ridge,601.0,-0.4547142583452114,-0.5090817434280027,0.0066479608065638,-0.7404344399522728,item
274257636228928,im16,sc83,b153,-0.6970924418050513,item_ridge,656.0,-0.7311111818334803,-1.1262045944613654,0.02034177093961,-0.6974117213993977,item
203632289765211,im14,sc51,b283,-0.1050913353902178,item_ridge,950.0,-0.4547142583452114,-0.5090817434280027,0.0066479608065638,-0.10464637833019225,item
269159564292939,im16,sc30,b332,-0.51034481198831,item_ridge,776.0,-0.7311111818334803,-1.1262045944613654,0.02034177093961,-0.5106158723786715,item
105830838244302,im14,sc51,b122,-0.9611298416805748,item_ridge,547.0,-0.4547142583452114,-0.5090817434280027,0.0066479608065638,-0.9602576712469678,item
13427382096726,im6,sc34,b332,-0.8022180393242638,item_ridge,759.0,-0.7540643423936192,-1.1052321719674671,0.0117226556316826,-0.802075850180615,item
18576869194296,im14,sc51,b122,-1.2833411981853018,item_ridge,357.0,-0.4547142583452114,-0.5090817434280027,0.0066479608065638,-1.282593233556793,item
155894540080930,im16,sc73,b153,-0.7311111818334803,category_fe_positive_fallback,901.0,-0.7311111818334803,-1.1262045944613654,0.02034177093961,-0.05497441232417351,sub_category
218087575672262,im15,sc63,b547,-0.9090624898188844,item_ridge,811.0,-0.3701674932352681,-0.4867729418820625,0.0094473752650418,-0.9090739857397224,item
150969302386654,im3,sc16,b24,-1.5943890593682903,item_ridge,580.0,-0.4340556041136897,-0.8987359235912883,0.0202666082602156,-1.591208254580603,item
98322623449997,im6,sc9,b153,-1.1626125473525637,item_ridge,865.0,-0.7540643423936192,-1.1052321719674671,0.0117226556316826,-1.1623200531980613,item
96200885890989,im3,sc20,b332,-0.4340556041136897,category_fe_positive_fallback,817.0,-0.4340556041136897,-0.8987359235912883,0.0202666082602156,-0.544964289626938,sub_category
146196465431803,im2,sc87,b371,-0.5941384331029619,item_ridge,584.0,-0.7393400558468726,-1.0300616525541268,0.0204705834618003,-0.59442571982853,item
15881820827069,im2,sc6,b425,-1.1138610592003122,item_ridge,310.0,-0.7393400558468726,-1.0300616525541268,0.0204705834618003,-1.1139885033789907,item
246114879238165,im7,sc33,b332,-0.6433617317044538,item_ridge,867.0,-0.712375224530957,-1.226191510591962,0.0322433928253026,-0.6444659140074323,item
58107939431732,im20,sc89,b332,-0.2430972589536729,item_ridge,836.0,-0.6719321285344858,-1.1053539421228344,0.0112772387829762,-0.24316356801133904,item
118355562373466,im11,sc88,b430,-0.969169475070626,item_ridge,592.0,-0.3954087848279526,-0.4174127415726866,0.0176249681656319,-0.9684683237000475,item
190694642778381,im16,sc83,b551,-0.3571944758001664,item_ridge,696.0,-0.7311111818334803,-1.1262045944613654,0.02034177093961,-0.3576277838210662,item
117694410843783,im16,sc75,b332,-0.4111027331921023,item_ridge,639.0,-0.7311111818334803,-1.1262045944613654,0.02034177093961,-0.4114617193017212,item
10401867728135,im16,sc83,b301,-0.1752070943959719,item_ridge,837.0,-0.7311111818334803,-1.1262045944613654,0.02034177093961,-0.1755658216622077,item
18804571705221,im14,sc51,b66,-0.0636044464355739,item_ridge,240.0,-0.4547142583452114,-0.5090817434280027,0.0066479608065638,-0.06343519896488946,item
144350243266246,im14,sc51,b122,-0.3983384224703923,item_ridge,535.0,-0.4547142583452114,-0.5090817434280027,0.0066479608065638,-0.39790028990515125,item
66386044581230,im8,sc37,b551,-0.5220956968494993,item_ridge,469.0,-0.5240268331974867,-0.98244493005407,0.0158566637101308,-0.5220038738707055,item
250884283903974,im15,sc63,b547,-0.7158332157082131,item_ridge,837.0,-0.3701674932352681,-0.4867729418820625,0.0094473752650418,-0.7158451080401157,item
61074835782675,im8,sc37,b496,-1.4784925658431938,item_ridge,450.0,-0.5240268331974867,-0.98244493005407,0.0158566637101308,-1.4783849246201546,item
143741540463341,im16,sc83,b301,-0.5581793427169578,item_ridge,802.0,-0.7311111818334803,-1.1262045944613654,0.02034177093961,-0.5584825966946003,item
173444240504022,im20,sc89,b24,-0.6719321285344858,category_fe_positive_fallback,823.0,-0.6719321285344858,-1.1053539421228344,0.0112772387829762,-0.7049611698243912,sub_category
93410440190322,im17,sc55,b391,-0.5825053462263596,category_fe_positive_fallback,800.0,-0.5825053462263596,-0.9597630819115917,0.0120962057980395,-0.6443482333568126,sub_category
176799387526875,im20,sc72,b460,-0.3770504672155338,item_ridge,914.0,-0.6719321285344858,-1.1053539421228344,0.0112772387829762,-0.3771391190467119,item
110976807888012,im14,sc51,b283,-0.4968583555532277,item_ridge,331.0,-0.4547142583452114,-0.5090817434280027,0.0066479608065638,-0.49667955378984463,item
108247035791092,im6,sc22,b24,-0.7540643423936192,category_fe_positive_fallback,734.0,-0.7540643423936192,-1.1052321719674671,0.0117226556316826,-0.5733983862388061,sub_category
177047162181797,im11,sc13,b235,-0.9100718545826788,item_ridge,281.0,-0.3954087848279526,-0.4174127415726866,0.0176249681656319,-0.9096932981667484,item
3513842662384,im16,sc83,b153,-0.5076749161858145,item_ridge,897.0,-0.7311111818334803,-1.1262045944613654,0.02034177093961,-0.5080940476996286,item
144036013847392,im16,sc75,b551,-0.4046668005368695,item_ridge,783.0,-0.7311111818334803,-1.1262045944613654,0.02034177093961,-0.40496348836973284,item
144438684982677,im16,sc30,b24,-0.7311111818334803,category_fe_positive_fallback,831.0,-0.7311111818334803,-1.1262045944613654,0.02034177093961,-0.5472143444102702,sub_category
131081767051163,im14,sc51,b169,-1.1550845311631597,item_ridge,148.0,-0.4547142583452114,-0.5090817434280027,0.0066479608065638,-1.1548640999815833,item
138139058371006,im14,sc51,b66,-0.8169828670407063,item_ridge,479.0,-0.4547142583452114,-0.5090817434280027,0.0066479608065638,-0.8167897338382725,item
262990028891641,im6,sc34,b332,-0.8718272965441978,item_ridge,372.0,-0.7540643423936192,-1.1052321719674671,0.0117226556316826,-0.8717544929682423,item
119375879681148,im20,sc92,b520,-1.0605330123556405,item_ridge,793.0,-0.6719321285344858,-1.1053539421228344,0.0112772387829762,-1.060664797691746,item
1790164797872,im14,sc51,b66,-0.2398645241974232,item_ridge,213.0,-0.4547142583452114,-0.5090817434280027,0.0066479608065638,-0.23972666940275253,item
110851126543555,im9,sc42,b224,-0.7992769820209344,item_ridge,473.0,-0.6990257650229246,-0.3020684723539735,0.0133293137954538,-0.800713103000657,item
98459753204418,im6,sc34,b401,-0.9650936579160896,item_ridge,251.0,-0.7540643423936192,-1.1052321719674671,0.0117226556316826,-0.9650263231533537,item
59066903197386,im9,sc44,b224,-0.2913574968006901,item_ridge,587.0,-0.6990257650229246,-0.3020684723539735,0.0133293137954538,-0.2937085365833263,item
49501021970924,im6,sc34,b332,-0.7540643423936192,category_fe_positive_fallback,239.0,-0.7540643423936192,-1.1052321719674671,0.0117226556316826,-1.0002026257281673,sub_category
148567268114659,im6,sc22,b332,-0.3825134612935344,item_ridge,930.0,-0.7540643423936192,-1.1052321719674671,0.0117226556316826,-0.3823496115497109,item
172365997099202,im5,sc26,b332,-0.6830746293858383,item_ridge,211.0,-0.5329307810791537,-1.0012805344071898,0.0196419014737194,-0.6831999249154955,item
243976912128633,im16,sc83,b135,-0.1550755904438994,item_ridge,757.0,-0.7311111818334803,-1.1262045944613654,0.02034177093961,-0.15531659106434295,item
276558690705279,im17,sc55,b24,-0.524534315627862,item_ridge,301.0,-0.5825053462263596,-0.9597630819115917,0.0120962057980395,-0.5243857729271797,item
164250038439455,im9,sc44,b548,-0.3469971240185043,item_ridge,758.0,-0.6990257650229246,-0.3020684723539735,0.0133293137954538,-0.34812616986760786,item
229766603474306,im7,sc33,b24,-0.3546135621204995,item_ridge,649.0,-0.712375224530957,-1.226191510591962,0.0322433928253026,-0.3555290296298787,item
228242983822015,im6,sc34,b332,-0.5833040019771454,item_ridge,936.0,-0.7540643423936192,-1.1052321719674671,0.0117226556316826,-0.5831368613731944,item
90442034354421,im20,sc72,b301,-0.6719321285344858,category_fe_positive_fallback,557.0,-0.6719321285344858,-1.1053539421228344,0.0112772387829762,-0.6233376155185413,sub_category
146141963455053,im20,sc72,b395,-0.4241745488298001,item_ridge,456.0,-0.6719321285344858,-1.1053539421228344,0.0112772387829762,-0.42421256558222153,item
27137446130807,im4,sc94,b396,-0.4386267948437307,item_ridge,128.0,-0.6597748090798966,-0.6259883664315813,0.0291194429147193,-0.4385460654731362,item
233065069382841,im12,sc15,b249,-1.0020032278743622,item_ridge,727.0,-0.7159602082500641,-1.7759215692028727,0.0614701148056001,-1.0006868479667257,item
33337140820305,im20,sc89,b332,-0.5858843783377855,item_ridge,937.0,-0.6719321285344858,-1.1053539421228344,0.0112772387829762,-0.5859734357583003,item
139539153390586,im15,sc63,b547,-0.5304903729077596,item_ridge,831.0,-0.3701674932352681,-0.4867729418820625,0.0094473752650418,-0.5304988391154711,item
141177280712351,im20,sc57,b153,-0.5945709629359103,item_ridge,591.0,-0.6719321285344858,-1.1053539421228344,0.0112772387829762,-0.594639652141106,item
14774595337577,im20,sc57,b153,-0.4024926797928483,item_ridge,869.0,-0.6719321285344858,-1.1053539421228344,0.0112772387829762,-0.4025607240289829,item
173854412004402,im20,sc89,b546,-0.7549835396855309,item_ridge,160.0,-0.6719321285344858,-1.1053539421228344,0.0112772387829762,-0.755000802627551,item
26835187883703,im8,sc37,b153,-0.210481577927693,item_ridge,864.0,-0.5240268331974867,-0.98244493005407,0.0158566637101308,-0.21023195831726954,item
273718577962614,im14,sc99,b353,-0.4912227250536879,item_ridge,347.0,-0.4547142583452114,-0.5090817434280027,0.0066479608065638,-0.4910090709299292,item
69551473248154,im8,sc37,b551,-0.4264833442755912,item_ridge,300.0,-0.5240268331974867,-0.98244493005407,0.0158566637101308,-0.42639074967512464,item
119872961667588,im20,sc57,b332,-0.5740603464299717,item_ridge,120.0,-0.6719321285344858,-1.1053539421228344,0.0112772387829762,-0.574085016496627,item
31771997540804,im16,sc31,b332,-0.3421861619893596,item_ridge,834.0,-0.7311111818334803,-1.1262045944613654,0.02034177093961,-0.34251273318569625,item
81173200805986,im2,sc6,b371,-0.5560626278531136,item_ridge,632.0,-0.7393400558468726,-1.0300616525541268,0.0204705834618003,-0.5562265541440069,item
116775162581637,im20,sc89,b546,-0.6719321285344858,category_fe_positive_fallback,493.0,-0.6719321285344858,-1.1053539421228344,0.0112772387829762,-0.7049611698243912,sub_category
60674045987693,im17,sc67,b551,-0.6053943934289799,item_ridge,313.0,-0.5825053462263596,-0.9597630819115917,0.0120962057980395,-0.6052286078480402,item
208283314508376,im17,sc67,b551,-2.8129847755277577,item_ridge,805.0,-0.5825053462263596,-0.9597630819115917,0.0120962057980395,-2.8084970519548227,item
103778170769269,im20,sc72,b332,-1.1811648204282623,item_ridge,954.0,-0.6719321285344858,-1.1053539421228344,0.0112772387829762,-1.1816711712158305,item
102093726952994,im2,sc6,b371,-0.7393400558468726,category_fe_positive_fallback,307.0,-0.7393400558468726,-1.0300616525541268,0.0204705834618003,-0.6985609852903643,sub_category
87698455416731,im16,sc75,b551,-1.8587011800397135,item_ridge,796.0,-0.7311111818334803,-1.1262045944613654,0.02034177093961,-1.860030415548696,item
268868185620419,im6,sc34,b520,-0.7540643423936192,category_fe_positive_fallback,576.0,-0.7540643423936192,-1.1052321719674671,0.0117226556316826,-1.0002026257281673,sub_category
163291541413366,im6,sc34,b332,-0.4423616844513787,item_ridge,716.0,-0.7540643423936192,-1.1052321719674671,0.0117226556316826,-0.4417977130883545,item
216545368536971,im9,sc66,b224,-0.5971317957447263,item_ridge,116.0,-0.6990257650229246,-0.3020684723539735,0.0133293137954538,-0.599580816794444,item
246067741730027,im14,sc51,b283,-0.9640794707781912,item_ridge,1062.0,-0.4547142583452114,-0.5090817434280027,0.0066479608065638,-0.9619256602238361,item
144915620026937,im17,sc55,b391,-0.5825053462263596,category_fe_positive_fallback,665.0,-0.5825053462263596,-0.9597630819115917,0.0120962057980395,-0.6443482333568126,sub_category
29135378338092,im14,sc51,b122,-1.513142221105527,item_ridge,367.0,-0.4547142583452114,-0.5090817434280027,0.0066479608065638,-1.511781416845267,item
182497410284537,im6,sc9,b551,-0.1666726838615015,item_ridge,779.0,-0.7540643423936192,-1.1052321719674671,0.0117226556316826,-0.166106168867521,item
143465991346429,im9,sc39,b224,-0.8392728379210977,item_ridge,207.0,-0.6990257650229246,-0.3020684723539735,0.0133293137954538,-0.8411195123490985,item
271445413712012,im6,sc9,b332,-1.233860967485618,item_ridge,956.0,-0.7540643423936192,-1.1052321719674671,0.0117226556316826,-1.2332044806055158,item
34044781987531,im5,sc78,b153,-0.9244683253564177,item_ridge,776.0,-0.5329307810791537,-1.0012805344071898,0.0196419014737194,-0.9253844665538108,item
49457979933089,im16,sc97,b153,-2.049389678471288,item_ridge,793.0,-0.7311111818334803,-1.1262045944613654,0.02034177093961,-2.050039874618748,item
19154029221227,im5,sc78,b546,-0.5329307810791537,category_fe_positive_fallback,814.0,-0.5329307810791537,-1.0012805344071898,0.0196419014737194,-0.30769732064234073,sub_category
68840047325230,im14,sc51,b367,-1.1613582705074998,item_ridge,413.0,-0.4547142583452114,-0.5090817434280027,0.0066479608065638,-1.1609815583953322,item
55393597474959,im5,sc78,b24,-0.5329307810791537,category_fe_positive_fallback,394.0,-0.5329307810791537,-1.0012805344071898,0.0196419014737194,-0.30769732064234073,sub_category
261424505041012,im6,sc34,b332,-0.8448525010602693,item_ridge,344.0,-0.7540643423936192,-1.1052321719674671,0.0117226556316826,-0.8446788662406235,item
81282191504302,im17,sc55,b389,-0.3610812499693557,item_ridge,873.0,-0.5825053462263596,-0.9597630819115917,0.0120962057980395,-0.36017272135820816,item
216885186720544,im20,sc57,b153,-0.6719321285344858,category_fe_positive_fallback,838.0,-0.6719321285344858,-1.1053539421228344,0.0112772387829762,-0.5185301370479203,sub_category
175810198675214,im14,sc99,b353,-1.1125484033155089,item_ridge,350.0,-0.4547142583452114,-0.5090817434280027,0.0066479608065638,-1.1121415730990212,item
24515197776598,im5,sc78,b153,-0.8704726747453793,item_ridge,767.0,-0.5329307810791537,-1.0012805344071898,0.0196419014737194,-0.871133511361777,item
155541362292937,im7,sc33,b332,-0.7694518189756849,item_ridge,1006.0,-0.712375224530957,-1.226191510591962,0.0322433928253026,-0.7715557881639031,item
214525450661521,im16,sc83,b324,-0.5885744510655666,item_ridge,639.0,-0.7311111818334803,-1.1262045944613654,0.02034177093961,-0.5890663142244251,item
253952621053618,im20,sc89,b332,-0.2612149968973683,item_ridge,1066.0,-0.6719321285344858,-1.1053539421228344,0.0112772387829762,-0.2613877876534775,item
214537856349442,im19,sc59,b476,-0.0112901704009316,item_ridge,1064.0,-0.3484302192705804,-0.4712393146436414,0.0168972418100549,-0.011466796625959704,item
114304946566751,im7,sc8,b520,-0.712375224530957,category_fe_positive_fallback,932.0,-0.712375224530957,-1.226191510591962,0.0322433928253026,-0.5813588118098643,main_category
215864386572015,im15,sc63,b547,-0.4094663062478096,item_ridge,837.0,-0.3701674932352681,-0.4867729418820625,0.0094473752650418,-0.4094960653926414,item
112253108033658,im15,sc61,b350,-0.3701674932352681,category_fe_positive_fallback,492.0,-0.3701674932352681,-0.4867729418820625,0.0094473752650418,-0.37606314727235,sub_category
128859652484625,im17,sc67,b24,-1.0301671848268166,item_ridge,735.0,-0.5825053462263596,-0.9597630819115917,0.0120962057980395,-1.0291218146358918,item
49181536255241,im20,sc89,b332,-0.2971781059424127,item_ridge,885.0,-0.6719321285344858,-1.1053539421228344,0.0112772387829762,-0.2973145961195078,item
268530356492066,im6,sc34,b301,-0.2621735408417928,item_ridge,1002.0,-0.7540643423936192,-1.1052321719674671,0.0117226556316826,-0.2618218277917616,item
19177146037826,im9,sc66,b224,-0.5822401539777453,item_ridge,53.0,-0.6990257650229246,-0.3020684723539735,0.0133293137954538,-0.5833018524886843,item
200499243215408,im17,sc67,b24,-0.2173580372922758,item_ridge,756.0,-0.5825053462263596,-0.9597630819115917,0.0120962057980395,-0.21642894726576037,item
83424203388773,im4,sc3,b496,-1.56553664790473,item_ridge,276.0,-0.6597748090798966,-0.6259883664315813,0.0291194429147193,-1.565372696504688,item
36767930387710,im16,sc30,b332,-0.519481431578347,item_ridge,793.0,-0.7311111818334803,-1.1262045944613654,0.02034177093961,-0.5198368903175247,item
234605401484709,im20,sc93,b546,-1.3440133003597985,item_ridge,786.0,-0.6719321285344858,-1.1053539421228344,0.0112772387829762,-1.3441112444698977,item
205232443436921,im14,sc51,b481,-0.8107629042929964,item_ridge,232.0,-0.4547142583452114,-0.5090817434280027,0.0066479608065638,-0.810600481317097,item
92939468416662,im8,sc81,b153,-0.8856862424236226,item_ridge,784.0,-0.5240268331974867,-0.98244493005407,0.0158566637101308,-0.885408931666904,item
60472749612210,im6,sc34,b153,-0.5190445555558829,item_ridge,925.0,-0.7540643423936192,-1.1052321719674671,0.0117226556316826,-0.5187687222892405,item
239706175148528,im11,sc13,b451,-0.3954087848279526,category_fe_positive_fallback,800.0,-0.3954087848279526,-0.4174127415726866,0.0176249681656319,-0.48767448486549586,main_category
45217598374563,im9,sc41,b316,-0.5646285641177565,item_ridge,816.0,-0.6990257650229246,-0.3020684723539735,0.0133293137954538,-0.5688887392046895,item
169676827049308,im2,sc6,b371,-0.5607862419676813,item_ridge,216.0,-0.7393400558468726,-1.0300616525541268,0.0204705834618003,-0.5609287654194077,item
141941320202658,im14,sc51,b68,-0.8049430683421976,item_ridge,182.0,-0.4547142583452114,-0.5090817434280027,0.0066479608065638,-0.8047601718819422,item
131529750018561,im14,sc51,b66,-0.4969232804416909,item_ridge,524.0,-0.4547142583452114,-0.5090817434280027,0.0066479608065638,-0.49632613714794394,item
169620424858224,im14,sc51,b481,-0.1715009453173266,item_ridge,495.0,-0.4547142583452114,-0.5090817434280027,0.0066479608065638,-0.17110990176610832,item
249253623633894,im8,sc37,b201,-0.1218832922293384,item_ridge,687.0,-0.5240268331974867,-0.98244493005407,0.0158566637101308,-0.12165489221485518,item
157112913790574,im6,sc9,b332,-0.460960427165805,item_ridge,837.0,-0.7540643423936192,-1.1052321719674671,0.0117226556316826,-0.4606686172081565,item
33593026383617,im6,sc34,b348,-1.6336553828212217,item_ridge,168.0,-0.7540643423936192,-1.1052321719674671,0.0117226556316826,-1.63358087024114,item
213235369519183,im17,sc55,b391,-0.4554613842278021,item_ridge,893.0,-0.5825053462263596,-0.9597630819115917,0.0120962057980395,-0.4549121216834201,item
132316689046262,im11,sc38,b565,-0.3954087848279526,category_fe_positive_fallback,670.0,-0.3954087848279526,-0.4174127415726866,0.0176249681656319,-0.19257718834954463,sub_category
130627768604100,im14,sc51,b169,-0.9942190643862076,item_ridge,164.0,-0.4547142583452114,-0.5090817434280027,0.0066479608065638,-0.9939822544171448,item
259793453923638,im15,sc63,b65,-0.1813979226625967,item_ridge,857.0,-0.3701674932352681,-0.4867729418820625,0.0094473752650418,-0.18141157052920864,item
157624208137887,im8,sc37,b520,-0.2014557913505585,item_ridge,878.0,-0.5240268331974867,-0.98244493005407,0.0158566637101308,-0.20123626498528627,item
239871348374537,im5,sc26,b155,-0.5329307810791537,category_fe_positive_fallback,526.0,-0.5329307810791537,-1.0012805344071898,0.0196419014737194,-0.5689018324904914,sub_category
199899960281388,im14,sc99,b273,-0.0836083298294338,item_ridge,260.0,-0.4547142583452114,-0.5090817434280027,0.0066479608065638,-0.08345815760187106,item
265704754199212,im17,sc67,b337,-1.039700897134462,item_ridge,734.0,-0.5825053462263596,-0.9597630819115917,0.0120962057980395,-1.039300248647192,item
9156501146421,im2,sc6,b166,-0.5558150688637746,item_ridge,804.0,-0.7393400558468726,-1.0300616525541268,0.0204705834618003,-0.5562051842504115,item
250259804798192,im17,sc55,b391,-0.4375951971164533,item_ridge,800.0,-0.5825053462263596,-0.9597630819115917,0.0120962057980395,-0.43697454195624036,item
137400351860514,im6,sc9,b520,-0.184292978274351,item_ridge,266.0,-0.7540643423936192,-1.1052321719674671,0.0117226556316826,-0.1842098483567558,item
103759016930222,im14,sc51,b481,-0.4547142583452114,category_fe_positive_fallback,267.0,-0.4547142583452114,-0.5090817434280027,0.0066479608065638,-0.6979409003363024,sub_category
256220855246967,im20,sc89,b220,-0.3993596806928209,item_ridge,110.0,-0.6719321285344858,-1.1053539421228344,0.0112772387829762,-0.39938323573520385,item
23554596919959,im20,sc72,b332,-0.5923218509787231,item_ridge,965.0,-0.6719321285344858,-1.1053539421228344,0.0112772387829762,-0.5923931930545434,item
137008259620447,im17,sc56,b153,-0.6511101178610793,item_ridge,838.0,-0.5825053462263596,-0.9597630819115917,0.0120962057980395,-0.6506356134870575,item
181082020650029,im16,sc73,b153,-0.5259246135546738,item_ridge,844.0,-0.7311111818334803,-1.1262045944613654,0.02034177093961,-0.5261478603220192,item
32172457577866,im16,sc30,b546,-0.748321295346831,item_ridge,707.0,-0.7311111818334803,-1.1262045944613654,0.02034177093961,-0.7486071408493934,item
242612211841010,im14,sc51,b283,-0.6749969126535301,item_ridge,385.0,-0.4547142583452114,-0.5090817434280027,0.0066479608065638,-0.6747587377855093,item
219820037295230,im20,sc89,b520,-0.3379693053010802,item_ridge,941.0,-0.6719321285344858,-1.1053539421228344,0.0112772387829762,-0.3380735282968283,item
29109340491656,im5,sc26,b153,-0.5268489127320491,item_ridge,197.0,-0.5329307810791537,-1.0012805344071898,0.0196419014737194,-0.5270094220380147,item
121969510437752,im3,sc16,b201,-0.4429881249928421,item_ridge,803.0,-0.4340556041136897,-0.8987359235912883,0.0202666082602156,-0.4397722562153711,item
264053947066473,im14,sc51,b122,-0.2409659876784506,item_ridge,231.0,-0.4547142583452114,-0.5090817434280027,0.0066479608065638,-0.2408185785910799,item
249769251448580,im20,sc72,b24,-0.6719321285344858,category_fe_positive_fallback,719.0,-0.6719321285344858,-1.1053539421228344,0.0112772387829762,-0.6233376155185413,sub_category
93577339085789,im5,sc82,b24,-0.3344500941183242,item_ridge,406.0,-0.5329307810791537,-1.0012805344071898,0.0196419014737194,-0.3347042062360619,item
205569649120227,im2,sc6,b166,-0.7393400558468726,category_fe_positive_fallback,807.0,-0.7393400558468726,-1.0300616525541268,0.0204705834618003,-0.6985609852903643,sub_category
27452252955267,im16,sc71,b153,-0.060125626697273,item_ridge,696.0,-0.7311111818334803,-1.1262045944613654,0.02034177093961,-0.06037043267241043,item
156391148918816,im14,sc51,b367,-1.425673291796017,item_ridge,402.0,-0.4547142583452114,-0.5090817434280027,0.0066479608065638,-1.425497902280027,item
47086614178719,im3,sc20,b546,-0.2202278124746775,item_ridge,600.0,-0.4340556041136897,-0.8987359235912883,0.0202666082602156,-0.21816930366275727,item
57225539264373,im2,sc6,b139,-0.7393400558468726,category_fe_positive_fallback,369.0,-0.7393400558468726,-1.0300616525541268,0.0204705834618003,-0.6985609852903643,sub_category
194095416145785,im14,sc51,b283,-0.3235266844607214,item_ridge,938.0,-0.4547142583452114,-0.5090817434280027,0.0066479608065638,-0.3230714906585172,item
10409053305256,im17,sc55,b415,-0.1943929166321504,item_ridge,1070.0,-0.5825053462263596,-0.9597630819115917,0.0120962057980395,-0.19392310716022676,item
72729373682437,im2,sc7,b425,-0.732454246613591,item_ridge,165.0,-0.7393400558468726,-1.0300616525541268,0.0204705834618003,-0.7325428425916213,item
231395848729199,im16,sc83,b332,-0.5880211337952904,item_ridge,593.0,-0.7311111818334803,-1.1262045944613654,0.02034177093961,-0.5882159066752407,item
157365228095806,im14,sc51,b169,-0.4547142583452114,category_fe_low_n,24.0,-0.4547142583452114,-0.5090817434280027,0.0066479608065638,-0.014635819606122518,item
69884542024343,im7,sc33,b24,-0.565056045398881,item_ridge,688.0,-0.712375224530957,-1.226191510591962,0.0322433928253026,-0.56615219728511,item
228313132843940,im6,sc34,b218,-0.5086035467200245,item_ridge,604.0,-0.7540643423936192,-1.1052321719674671,0.0117226556316826,-0.5084893852441144,item
14474957739656,im6,sc9,b520,-0.2671863997257273,item_ridge,311.0,-0.7540643423936192,-1.1052321719674671,0.0117226556316826,-0.267124479910564,item
44787598902132,im17,sc67,b551,-0.5933338172042689,item_ridge,707.0,-0.5825053462263596,-0.9597630819115917,0.0120962057980395,-0.5929274122732158,item
255362374278820,im14,sc51,b369,-0.4453677117395252,item_ridge,350.0,-0.4547142583452114,-0.5090817434280027,0.0066479608065638,-0.4452005116172779,item
271060970406398,im15,sc63,b547,-0.0892360434345024,item_ridge,823.0,-0.3701674932352681,-0.4867729418820625,0.0094473752650418,-0.08924711462920214,item
68721651252160,im6,sc34,b153,-0.3986631541865578,item_ridge,133.0,-0.7540643423936192,-1.1052321719674671,0.0117226556316826,-0.39861359306677685,item
18741211550485,im6,sc22,b24,-0.7540643423936192,category_fe_positive_fallback,875.0,-0.7540643423936192,-1.1052321719674671,0.0117226556316826,-0.5733983862388061,sub_category
183748661506931,im2,sc6,b371,-0.4309625955979175,item_ridge,572.0,-0.7393400558468726,-1.0300616525541268,0.0204705834618003,-0.43118635255284715,item
27552224576233,im6,sc34,b218,-0.2909374781187436,item_ridge,194.0,-0.7540643423936192,-1.1052321719674671,0.0117226556316826,-0.2908889424014407,item
9054193971115,im6,sc34,b332,-0.163275404723244,item_ridge,989.0,-0.7540643423936192,-1.1052321719674671,0.0117226556316826,-0.16310587151350994,item
201121983432016,im6,sc34,b218,-0.3785413811813437,item_ridge,378.0,-0.7540643423936192,-1.1052321719674671,0.0117226556316826,-0.3784518293649114,item
242461282631035,im8,sc37,b546,-0.2021077411882652,item_ridge,171.0,-0.5240268331974867,-0.98244493005407,0.0158566637101308,-0.20202980739953938,item
233803777267054,im14,sc51,b196,-0.4669988063080899,item_ridge,175.0,-0.4547142583452114,-0.5090817434280027,0.0066479608065638,-0.4669285140117984,item
72384683958615,im14,sc51,b336,-0.3129148674360135,item_ridge,875.0,-0.4547142583452114,-0.5090817434280027,0.0066479608065638,-0.3126569015331154,item
239352868912997,im6,sc22,b332,-0.3305108419111149,item_ridge,918.0,-0.7540643423936192,-1.1052321719674671,0.0117226556316826,-0.33034699216729074,item
166606012599388,im6,sc22,b546,-0.5367254313186633,item_ridge,595.0,-0.7540643423936192,-1.1052321719674671,0.0117226556316826,-0.5366152859793913,item
34961363998209,im2,sc6,b425,-0.4902245157659115,item_ridge,677.0,-0.7393400558468726,-1.0300616525541268,0.0204705834618003,-0.49041811417474207,item
99909834285523,im7,sc33,b218,-0.5794162335467232,item_ridge,232.0,-0.712375224530957,-1.226191510591962,0.0322433928253026,-0.5797193817789956,item
156685668260635,im14,sc51,b283,-1.67121896626537,item_ridge,547.0,-0.4547142583452114,-0.5090817434280027,0.0066479608065638,-1.6697557945833224,item
83553484797853,im9,sc43,b316,-0.2663213337172618,item_ridge,908.0,-0.6990257650229246,-0.3020684723539735,0.0133293137954538,-0.2677520149408825,item
204342988700328,im9,sc43,b316,-0.5546114851489965,item_ridge,741.0,-0.6990257650229246,-0.3020684723539735,0.0133293137954538,-0.5564360824265384,item
137181740983392,im6,sc22,b24,-0.229576597397127,item_ridge,850.0,-0.7540643423936192,-1.1052321719674671,0.0117226556316826,-0.22937614656230318,item
426445230223,im14,sc51,b283,-0.406297847968014,item_ridge,694.0,-0.4547142583452114,-0.5090817434280027,0.0066479608065638,-0.4060705922916513,item
223038319076073,im17,sc55,b391,-0.1699056540598493,item_ridge,501.0,-0.5825053462263596,-0.9597630819115917,0.0120962057980395,-0.16972256654505558,item
209756088786849,im14,sc51,b369,-0.7255121489421038,item_ridge,335.0,-0.4547142583452114,-0.5090817434280027,0.0066479608065638,-0.7254009096770958,item
216826437510779,im4,sc1,b135,-0.2851731575210447,item_ridge,879.0,-0.6597748090798966,-0.6259883664315813,0.0291194429147193,-0.2849521293875932,item
242769879502727,im12,sc15,b492,-0.1851038105282341,item_ridge,130.0,-0.7159602082500641,-1.7759215692028727,0.0614701148056001,-0.18483288890582855,item
41468131528818,im15,sc63,b350,-0.3701674932352681,category_fe_positive_fallback,804.0,-0.3701674932352681,-0.4867729418820625,0.0094473752650418,-0.3596437625319346,sub_category
1277502153005,im6,sc9,b24,-0.7613680830866059,item_ridge,724.0,-0.7540643423936192,-1.1052321719674671,0.0117226556316826,-0.7612883741532739,item
79143072351141,im6,sc34,b348,-0.2471219642211863,item_ridge,415.0,-0.7540643423936192,-1.1052321719674671,0.0117226556316826,-0.24706249087744933,item
69487097278008,im14,sc51,b283,-0.4286165318276332,item_ridge,317.0,-0.4547142583452114,-0.5090817434280027,0.0066479608065638,-0.4285039276636693,item
227489380897240,im15,sc61,b43,-0.9820770463666249,item_ridge,920.0,-0.3701674932352681,-0.4867729418820625,0.0094473752650418,-0.9822600759493001,item
12266273821396,im6,sc34,b332,-0.959913183534437,item_ridge,1006.0,-0.7540643423936192,-1.1052321719674671,0.0117226556316826,-0.957948170585329,item
206494889865216,im6,sc34,b332,-1.0384865911089514,item_ridge,1006.0,-0.7540643423936192,-1.1052321719674671,0.0117226556316826,-1.0369074712924835,item
25038272605281,im20,sc72,b395,-1.4074034509530609,item_ridge,672.0,-0.6719321285344858,-1.1053539421228344,0.0112772387829762,-1.4077253800480314,item
167701712171507,im17,sc55,b391,-0.945349444332312,item_ridge,827.0,-0.5825053462263596,-0.9597630819115917,0.0120962057980395,-0.9444938844361374,item
152468673446988,im6,sc22,b332,-1.0935541301921143,item_ridge,998.0,-0.7540643423936192,-1.1052321719674671,0.0117226556316826,-1.0926445759774437,item
217516047981029,im15,sc61,b43,-0.3701674932352681,category_fe_positive_fallback,934.0,-0.3701674932352681,-0.4867729418820625,0.0094473752650418,-0.37606314727235,sub_category
101153579975722,im4,sc94,b332,-0.9145839983045564,item_ridge,677.0,-0.6597748090798966,-0.6259883664315813,0.0291194429147193,-0.9139175605316691,item
194355141137816,im5,sc25,b486,-1.977160460955004,item_ridge,365.0,-0.5329307810791537,-1.0012805344071898,0.0196419014737194,-1.9780489661965324,item
25648895772245,im20,sc93,b546,-2.483817828099656,item_ridge,786.0,-0.6719321285344858,-1.1053539421228344,0.0112772387829762,-2.4840101664509597,item
99634639693704,im16,sc97,b153,-1.9746706804762808,item_ridge,792.0,-0.7311111818334803,-1.1262045944613654,0.02034177093961,-1.9753616683972528,item
157741570084238,im20,sc89,b348,-1.2163077362798074,item_ridge,515.0,-0.6719321285344858,-1.1053539421228344,0.0112772387829762,-1.2164490665341032,item
122852719934137,im6,sc34,b332,-0.9700927076653992,item_ridge,842.0,-0.7540643423936192,-1.1052321719674671,0.0117226556316826,-0.96962068072459,item
35055339711515,im14,sc51,b67,-0.8956259247905032,item_ridge,339.0,-0.4547142583452114,-0.5090817434280027,0.0066479608065638,-0.8952724159606078,item
139748002290729,im4,sc3,b301,-0.0608410518174406,item_ridge,883.0,-0.6597748090798966,-0.6259883664315813,0.0291194429147193,-0.06051780913467071,item
21928381241718,im16,sc83,b324,-0.9291929971469164,item_ridge,672.0,-0.7311111818334803,-1.1262045944613654,0.02034177093961,-0.9299073698300232,item
248854239988291,im4,sc3,b496,-0.3369234265620178,item_ridge,247.0,-0.6597748090798966,-0.6259883664315813,0.0291194429147193,-0.3366844896379257,item
250630430657763,im3,sc16,b78,-0.3077698551027932,item_ridge,592.0,-0.4340556041136897,-0.8987359235912883,0.0202666082602156,-0.29904893992899334,item
21196726093250,im16,sc75,b551,-1.1157943265828745,item_ridge,800.0,-0.7311111818334803,-1.1262045944613654,0.02034177093961,-1.116498112065823,item
235257438492893,im9,sc39,b460,-0.0432851041731151,item_ridge,579.0,-0.6990257650229246,-0.3020684723539735,0.0133293137954538,-0.045629696743185705,item
249414905660722,im16,sc31,b332,-0.2751068809794928,item_ridge,744.0,-0.7311111818334803,-1.1262045944613654,0.02034177093961,-0.2756109097315757,item
225928783089682,im20,sc89,b520,-0.4448081201181454,item_ridge,1029.0,-0.6719321285344858,-1.1053539421228344,0.0112772387829762,-0.44501156469653325,item
208373850794289,im6,sc34,b218,-0.6942911671621296,item_ridge,550.0,-0.7540643423936192,-1.1052321719674671,0.0117226556316826,-0.6940249043186179,item
8199572265134,im2,sc6,b166,-0.4645033788514618,item_ridge,312.0,-0.7393400558468726,-1.0300616525541268,0.0204705834618003,-0.46484679713446037,item
186232854086709,im17,sc55,b391,-0.5825053462263596,category_fe_positive_fallback,801.0,-0.5825053462263596,-0.9597630819115917,0.0120962057980395,-0.6443482333568126,sub_category
220786490302742,im14,sc51,b283,-0.3994565512034574,item_ridge,1043.0,-0.4547142583452114,-0.5090817434280027,0.0066479608065638,-0.3980111232078538,item
262918765436200,im17,sc67,b520,-0.5825053462263596,category_fe_positive_fallback,299.0,-0.5825053462263596,-0.9597630819115917,0.0120962057980395,-0.9343200143175835,sub_category
199357876650801,im14,sc51,b283,-0.4547142583452114,category_fe_positive_fallback,1043.0,-0.4547142583452114,-0.5090817434280027,0.0066479608065638,-0.6979409003363024,sub_category
107287824426750,im8,sc81,b332,-0.3500377951871019,item_ridge,934.0,-0.5240268331974867,-0.98244493005407,0.0158566637101308,-0.3496457751062248,item
218060537163835,im17,sc67,b551,-0.945159509374023,item_ridge,348.0,-0.5825053462263596,-0.9597630819115917,0.0120962057980395,-0.9447853405281512,item
208839644178623,im7,sc33,b332,-0.2659770872751046,item_ridge,957.0,-0.712375224530957,-1.226191510591962,0.0322433928253026,-0.2679686306288385,item
196888098010322,im14,sc51,b122,-0.4962606156998962,item_ridge,463.0,-0.4547142583452114,-0.5090817434280027,0.0066479608065638,-0.49585592315910654,item
113895476085976,im6,sc34,b520,-0.5311583889173839,item_ridge,656.0,-0.7540643423936192,-1.1052321719674671,0.0117226556316826,-0.530918102936653,item
67122851515807,im6,sc34,b153,-0.2805534234578957,item_ridge,300.0,-0.7540643423936192,-1.1052321719674671,0.0117226556316826,-0.2804409709861167,item
267299097435824,im7,sc99,b24,-0.5538907956000709,item_ridge,892.0,-0.712375224530957,-1.226191510591962,0.0322433928253026,-0.5559703399765904,item
277703422238349,im14,sc51,b368,-0.1020001025151288,item_ridge,247.0,-0.4547142583452114,-0.5090817434280027,0.0066479608065638,-0.1018376795392299,item
142769133626834,im11,sc54,b474,-0.94269966794714,item_ridge,376.0,-0.3954087848279526,-0.4174127415726866,0.0176249681656319,-0.9415271286688497,item
225603725708750,im5,sc26,b478,-0.2371038608274874,item_ridge,721.0,-0.5329307810791537,-1.0012805344071898,0.0196419014737194,-0.2373937602882628,item
90845012230305,im14,sc51,b283,-1.2119854843698823,item_ridge,365.0,-0.4547142583452114,-0.5090817434280027,0.0066479608065638,-1.2117650531883057,item
214920506192940,im14,sc51,b68,-0.4547142583452114,category_fe_low_n,25.0,-0.4547142583452114,-0.5090817434280027,0.0066479608065638,-0.013953294820472724,item
273210764169129,im14,sc51,b169,-1.0853828310145284,item_ridge,265.0,-0.4547142583452114,-0.5090817434280027,0.0066479608065638,-1.0851596700350363,item
131517135981832,im12,sc84,b414,-0.6044029587884442,item_ridge,498.0,-0.7159602082500641,-1.7759215692028727,0.0614701148056001,-0.6040361902391371,item
249554414184542,im12,sc84,b414,-1.0808007746611974,item_ridge,313.0,-0.7159602082500641,-1.7759215692028727,0.0614701148056001,-1.0800489821144281,item
216143634063286,im17,sc55,b391,-0.0150628538020701,item_ridge,383.0,-0.5825053462263596,-0.9597630819115917,0.0120962057980395,-0.014688618315856217,item
57899093304771,im6,sc9,b332,-0.663262191979338,item_ridge,976.0,-0.7540643423936192,-1.1052321719674671,0.0117226556316826,-0.6629498561161115,item
119918308738011,im11,sc54,b565,-0.6251191225772829,item_ridge,945.0,-0.3954087848279526,-0.4174127415726866,0.0176249681656319,-0.623692322989543,item
172434730983905,im20,sc89,b348,-1.1304435640810993,item_ridge,343.0,-0.6719321285344858,-1.1053539421228344,0.0112772387829762,-1.1304914808453963,item
93554363593336,im14,sc51,b508,-0.2114975271556652,item_ridge,122.0,-0.4547142583452114,-0.5090817434280027,0.0066479608065638,-0.21130848865010254,item
12734110588883,im17,sc67,b332,-0.5825053462263596,category_fe_positive_fallback,504.0,-0.5825053462263596,-0.9597630819115917,0.0120962057980395,-0.9343200143175835,sub_category
82718533711970,im20,sc72,b332,-1.1176407788605076,item_ridge,925.0,-0.6719321285344858,-1.1053539421228344,0.0112772387829762,-1.1177630795619096,item
242371226437915,im20,sc57,b551,-0.8927371204116695,item_ridge,803.0,-0.6719321285344858,-1.1053539421228344,0.0112772387829762,-0.8928548272656435,item
246152190570471,im16,sc83,b153,-0.4166713406277119,item_ridge,921.0,-0.7311111818334803,-1.1262045944613654,0.02034177093961,-0.4170787611139348,item
10027987783534,im7,sc32,b301,-1.4080149162811348,item_ridge,158.0,-0.712375224530957,-1.226191510591962,0.0322433928253026,-1.4085406791312753,item
70495565794174,im6,sc9,b332,-0.4521504799792644,item_ridge,549.0,-0.7540643423936192,-1.1052321719674671,0.0117226556316826,-0.4520098775260484,item
56928548582812,im8,sc81,b164,-1.117215429320723,item_ridge,192.0,-0.5240268331974867,-0.98244493005407,0.0158566637101308,-1.1169446844175728,item
269228394039332,im20,sc89,b153,-0.1070869607164763,item_ridge,513.0,-0.6719321285344858,-1.1053539421228344,0.0112772387829762,-0.10714552565061987,item
68174885944419,im14,sc51,b283,-0.806559594849585,item_ridge,478.0,-0.4547142583452114,-0.5090817434280027,0.0066479608065638,-0.8061815178384589,item
96849750554294,im9,sc41,b224,-0.3129317872239405,item_ridge,640.0,-0.6990257650229246,-0.3020684723539735,0.0133293137954538,-0.3151698137769859,item
14229101123243,im8,sc81,b546,-1.1296518680097825,item_ridge,343.0,-0.5240268331974867,-0.98244493005407,0.0158566637101308,-1.1295549251129364,item
76099117186198,im14,sc51,b169,-0.8096085230667995,item_ridge,160.0,-0.4547142583452114,-0.5090817434280027,0.0066479608065638,-0.8093744428956506,item
221648085631332,im17,sc67,b301,-0.4910697344372357,item_ridge,124.0,-0.5825053462263596,-0.9597630819115917,0.0120962057980395,-0.49085904859479157,item
122255998472,im20,sc72,b551,-0.3511580124291146,item_ridge,654.0,-0.6719321285344858,-1.1053539421228344,0.0112772387829762,-0.3512261190366433,item
168130736529890,im6,sc34,b332,-0.0418871645426046,item_ridge,502.0,-0.7540643423936192,-1.1052321719674671,0.0117226556316826,-0.04176343264356526,item
124280407591088,im9,sc44,b224,-0.1473950829748139,item_ridge,790.0,-0.6990257650229246,-0.3020684723539735,0.0133293137954538,-0.1494208044619462,item
280461703655641,im6,sc34,b218,-0.5860085833971872,item_ridge,138.0,-0.7540643423936192,-1.1052321719674671,0.0117226556316826,-0.5859685927005364,item
32288152001464,im15,sc63,b451,-0.6149477289730403,item_ridge,918.0,-0.3701674932352681,-0.4867729418820625,0.0094473752650418,-0.6149619997713242,item
26594116268187,im14,sc51,b481,-0.5873769691488214,item_ridge,270.0,-0.4547142583452114,-0.5090817434280027,0.0066479608065638,-0.5871572204167234,item
186221111560443,im6,sc34,b218,-0.9238135439237752,item_ridge,665.0,-0.7540643423936192,-1.1052321719674671,0.0117226556316826,-0.9236518721330418,item
263345877458078,im3,sc16,b549,-0.9074742024906494,item_ridge,562.0,-0.4340556041136897,-0.8987359235912883,0.0202666082602156,-0.9060666337578315,item
1006543042866,im17,sc55,b391,-0.2308110843938239,item_ridge,792.0,-0.5825053462263596,-0.9597630819115917,0.0120962057980395,-0.2303170935520216,item
119185163646777,im2,sc6,b166,-0.3161347528800893,item_ridge,152.0,-0.7393400558468726,-1.0300616525541268,0.0204705834618003,-0.3162203642367574,item
215550863075811,im20,sc57,b153,-0.1046477813166572,item_ridge,920.0,-0.6719321285344858,-1.1053539421228344,0.0112772387829762,-0.10474146307303948,item
219289587894359,im2,sc6,b425,-0.1662390354930551,item_ridge,332.0,-0.7393400558468726,-1.0300616525541268,0.0204705834618003,-0.1663659932435687,item
28707565336372,im6,sc22,b332,-0.7178605919696668,item_ridge,964.0,-0.7540643423936192,-1.1052321719674671,0.0117226556316826,-0.7176782706472081,item
227797703171728,im14,sc51,b344,-0.5847998742710919,item_ridge,481.0,-0.4547142583452114,-0.5090817434280027,0.0066479608065638,-0.584608788417093,item
219432927150383,im8,sc37,b401,-0.1870309407004407,item_ridge,493.0,-0.5240268331974867,-0.98244493005407,0.0158566637101308,-0.1869479913708561,item
98082800321313,im6,sc9,b520,-0.9549238663595678,item_ridge,682.0,-0.7540643423936192,-1.1052321719674671,0.0117226556316826,-0.9545776627521341,item
193855765271761,im5,sc26,b551,-0.1590432133815204,item_ridge,276.0,-0.5329307810791537,-1.0012805344071898,0.0196419014737194,-0.1591717846112992,item
270597596308378,im14,sc51,b122,-0.6023727763402913,item_ridge,311.0,-0.4547142583452114,-0.5090817434280027,0.0066479608065638,-0.6020424707926657,item
206301543900786,im17,sc55,b391,-0.0776989461593124,item_ridge,801.0,-0.5825053462263596,-0.9597630819115917,0.0120962057980395,-0.07705410962922069,item
228271347429811,im5,sc82,b332,-0.973783882554862,item_ridge,709.0,-0.5329307810791537,-1.0012805344071898,0.0196419014737194,-0.974074062198987,item
178364018583973,im14,sc51,b283,-0.4068951126400989,item_ridge,935.0,-0.4547142583452114,-0.5090817434280027,0.0066479608065638,-0.40629114485156737,item
66804388550568,im14,sc51,b346,-0.3467593121656039,item_ridge,220.0,-0.4547142583452114,-0.5090817434280027,0.0066479608065638,-0.3466699112839117,item
66045885877090,im2,sc6,b425,-1.4089508944563705,item_ridge,389.0,-0.7393400558468726,-1.0300616525541268,0.0204705834618003,-1.4090656915028135,item
158534256914913,im14,sc51,b66,-0.2728260706634414,item_ridge,662.0,-0.4547142583452114,-0.5090817434280027,0.0066479608065638,-0.2721866155020248,item
153439219468645,im20,sc72,b551,-0.288880299466234,item_ridge,642.0,-0.6719321285344858,-1.1053539421228344,0.0112772387829762,-0.28893950853596195,item
43106900719148,im14,sc51,b283,-0.3816779098849388,item_ridge,554.0,-0.4547142583452114,-0.5090817434280027,0.0066479608065638,-0.3813762672154123,item
170347069799225,im16,sc30,b153,-0.3122043968209327,item_ridge,348.0,-0.7311111818334803,-1.1262045944613654,0.02034177093961,-0.3123177493478108,item
65565909622485,im16,sc83,b332,-0.7311111818334803,category_fe_positive_fallback,1055.0,-0.7311111818334803,-1.1262045944613654,0.02034177093961,-0.5529884842673374,sub_category
46431391174730,im19,sc49,b322,-1.302816426980777,item_ridge,320.0,-0.3484302192705804,-0.4712393146436414,0.0168972418100549,-1.3028697037075732,item
12467345107467,im14,sc51,b68,-0.3566378313093921,item_ridge,92.0,-0.4547142583452114,-0.5090817434280027,0.0066479608065638,-0.35656753901309984,item
88371779780049,im6,sc34,b546,-0.690077549113132,item_ridge,300.0,-0.7540643423936192,-1.1052321719674671,0.0117226556316826,-0.6900218355784827,item
255909048362976,im20,sc92,b520,-0.2610233193142326,item_ridge,862.0,-0.6719321285344858,-1.1053539421228344,0.0112772387829762,-0.2610936478412104,item
250605382700787,im17,sc55,b391,-0.5825053462263596,category_fe_positive_fallback,775.0,-0.5825053462263596,-0.9597630819115917,0.0120962057980395,-0.6443482333568126,sub_category
167206045526979,im14,sc51,b481,-0.8931438987397257,item_ridge,304.0,-0.4547142583452114,-0.5090817434280027,0.0066479608065638,-0.89298830025861,item
251503202732938,im20,sc89,b24,-0.4600431733497533,item_ridge,957.0,-0.6719321285344858,-1.1053539421228344,0.0112772387829762,-0.4601075463765399,item
85044611492193,im20,sc89,b510,-0.4246215435217194,item_ridge,754.0,-0.6719321285344858,-1.1053539421228344,0.0112772387829762,-0.42470656754456687,item
235392656828971,im14,sc51,b66,-0.5188016556611141,item_ridge,290.0,-0.4547142583452114,-0.5090817434280027,0.0066479608065638,-0.518652199225309,item
215685918849616,im15,sc63,b65,-0.2787212054984869,item_ridge,698.0,-0.3701674932352681,-0.4867729418820625,0.0094473752650418,-0.2787293319252875,item
175724148418930,im14,sc51,b122,-0.9518158137702128,item_ridge,337.0,-0.4547142583452114,-0.5090817434280027,0.0066479608065638,-0.9514991572121565,item
192566668265526,im6,sc34,b153,-0.4977025293387926,item_ridge,364.0,-0.7540643423936192,-1.1052321719674671,0.0117226556316826,-0.4976481830074472,item
196076137853709,im14,sc51,b169,-0.7667394701686348,item_ridge,174.0,-0.4547142583452114,-0.5090817434280027,0.0066479608065638,-0.7665463369662001,item
174553241483844,im20,sc92,b460,-0.013664740697849,item_ridge,558.0,-0.6719321285344858,-1.1053539421228344,0.0112772387829762,-0.013708454071268403,item
243470884749831,im5,sc78,b332,-0.1130530455910179,item_ridge,736.0,-0.5329307810791537,-1.0012805344071898,0.0196419014737194,-0.11327058807964563,item
70738468299744,im8,sc81,b395,-0.7351751645411121,item_ridge,324.0,-0.5240268331974867,-0.98244493005407,0.0158566637101308,-0.7350925120314503,item
37104745196472,im7,sc33,b24,-0.5012992597518464,item_ridge,583.0,-0.712375224530957,-1.226191510591962,0.0322433928253026,-0.5020701797597428,item
279465443879787,im16,sc71,b301,-0.2553462801247954,item_ridge,801.0,-0.7311111818334803,-1.1262045944613654,0.02034177093961,-0.25558015183801575,item
274706527257841,im14,sc51,b122,-0.4567362388312777,item_ridge,469.0,-0.4547142583452114,-0.5090817434280027,0.0066479608065638,-0.4565826876985997,item
5801730803460,im20,sc93,b153,-0.3406889375805036,item_ridge,352.0,-0.6719321285344858,-1.1053539421228344,0.0112772387829762,-0.34071652974331657,item
95617978859999,im20,sc57,b153,-0.6719321285344858,category_fe_positive_fallback,712.0,-0.6719321285344858,-1.1053539421228344,0.0112772387829762,-0.5185301370479203,sub_category
247342516133910,im6,sc9,b153,-0.547609211615963,item_ridge,574.0,-0.7540643423936192,-1.1052321719674671,0.0117226556316826,-0.5474453464697574,item
147837742883496,im20,sc89,b220,-0.4744388117641716,item_ridge,385.0,-0.6719321285344858,-1.1053539421228344,0.0112772387829762,-0.4744831791385226,item
65104272162301,im20,sc72,b395,-0.6719321285344858,category_fe_low_n,,-0.6719321285344858,-1.1053539421228344,0.0112772387829762,-0.6233376155185413,sub_category
9426780568730,im8,sc81,b201,-0.4334457899660487,item_ridge,699.0,-0.5240268331974867,-0.98244493005407,0.0158566637101308,-0.43326619455953863,item
94621478814073,im17,sc55,b332,-0.1128011933748183,item_ridge,335.0,-0.5825053462263596,-0.9597630819115917,0.0120962057980395,-0.11234980780375413,item
131154744200637,im16,sc83,b332,-0.3248076053919276,item_ridge,268.0,-0.7311111818334803,-1.1262045944613654,0.02034177093961,-0.32488526799595824,item
225071168209981,im17,sc55,b391,-1.9655791286167803,item_ridge,901.0,-0.5825053462263596,-0.9597630819115917,0.0120962057980395,-1.9616030205124841,item
52510706281744,im15,sc61,b43,-0.3701674932352681,category_fe_positive_fallback,931.0,-0.3701674932352681,-0.4867729418820625,0.0094473752650418,-0.37606314727235,sub_category
258906486636132,im14,sc51,b283,-0.7347399958145081,item_ridge,1070.0,-0.4547142583452114,-0.5090817434280027,0.0066479608065638,-0.7312287932472846,item
212977385322722,im17,sc67,b332,-1.231741362857114,item_ridge,1029.0,-0.5825053462263596,-0.9597630819115917,0.0120962057980395,-1.2280157924410016,item
96443802082787,im11,sc54,b565,-0.8285808074842308,item_ridge,928.0,-0.3954087848279526,-0.4174127415726866,0.0176249681656319,-0.8241302014064221,item
100786110151411,im6,sc9,b520,-0.7540643423936192,category_fe_positive_fallback,667.0,-0.7540643423936192,-1.1052321719674671,0.0117226556316826,-0.7741767854440029,sub_category
256764885447653,im11,sc54,b135,-0.8276390859323755,item_ridge,757.0,-0.3954087848279526,-0.4174127415726866,0.0176249681656319,-0.8249767073202016,item
176482782374953,im17,sc55,b391,-1.0234479188952388,item_ridge,933.0,-0.5825053462263596,-0.9597630819115917,0.0120962057980395,-1.0218887962849805,item
224944196188602,im2,sc6,b371,-1.830641762234526,item_ridge,444.0,-0.7393400558468726,-1.0300616525541268,0.0204705834618003,-1.8311170025496628,item
173098439216288,im6,sc34,b24,-0.0873644970291343,item_ridge,873.0,-0.7540643423936192,-1.1052321719674671,0.0117226556316826,-0.08667816097037478,item
5389974816115,im17,sc55,b391,-1.362880479243444,item_ridge,801.0,-0.5825053462263596,-0.9597630819115917,0.0120962057980395,-1.3612188736846582,item
131660168656219,im15,sc63,b65,-0.4257278160379738,item_ridge,803.0,-0.3701674932352681,-0.4867729418820625,0.0094473752650418,-0.4257549985108942,item
176509918973389,im17,sc55,b391,-1.7567924462597726,item_ridge,804.0,-0.5825053462263596,-0.9597630819115917,0.0120962057980395,-1.7556225285551768,item
72454974121228,im6,sc34,b520,-1.8616940904174044,item_ridge,340.0,-0.7540643423936192,-1.1052321719674671,0.0117226556316826,-1.8614951623366285,item
43519991060918,im9,sc42,b248,-1.1162608067296935,item_ridge,105.0,-0.6990257650229246,-0.3020684723539735,0.0133293137954538,-1.1178637912899159,item
266205783332876,im20,sc93,b546,-1.5711197329815376,item_ridge,786.0,-0.6719321285344858,-1.1053539421228344,0.0112772387829762,-1.5712496259117368,item
31406911096061,im5,sc78,b153,-0.5743556955410213,item_ridge,768.0,-0.5329307810791537,-1.0012805344071898,0.0196419014737194,-0.5752915386996463,item
28967904551963,im6,sc34,b218,-0.4791830450327208,item_ridge,441.0,-0.7540643423936192,-1.1052321719674671,0.0117226556316826,-0.47899607998085686,item
66963783882478,im7,sc33,b332,-1.137738983217803,item_ridge,980.0,-0.712375224530957,-1.226191510591962,0.0322433928253026,-1.1404111043910103,item
99214079897632,im14,sc51,b122,-0.5998308135054211,item_ridge,180.0,-0.4547142583452114,-0.5090817434280027,0.0066479608065638,-0.599490271215616,item
20111063597257,im14,sc51,b344,-0.583003284112752,item_ridge,493.0,-0.4547142583452114,-0.5090817434280027,0.0066479608065638,-0.5825269343767123,item
231903116515667,im8,sc37,b332,-0.5240268331974867,category_fe_positive_fallback,956.0,-0.5240268331974867,-0.98244493005407,0.0158566637101308,-0.48157631529870026,sub_category
87754582392444,im6,sc9,b332,-0.969724865470716,item_ridge,999.0,-0.7540643423936192,-1.1052321719674671,0.0117226556316826,-0.9693369258552735,item
62682373559631,im14,sc51,b66,-0.2953380041469047,item_ridge,593.0,-0.4547142583452114,-0.5090817434280027,0.0066479608065638,-0.29465964936520966,item
88774802059863,im19,sc59,b476,-0.7269887074514404,item_ridge,809.0,-0.3484302192705804,-0.4712393146436414,0.0168972418100549,-0.7271025730888944,item
27344638592727,im6,sc34,b332,-0.2000138349677633,item_ridge,722.0,-0.7540643423936192,-1.1052321719674671,0.0117226556316826,-0.19967681935325274,item
119015485745674,im14,sc51,b283,-0.4048498862344683,item_ridge,836.0,-0.4547142583452114,-0.5090817434280027,0.0066479608065638,-0.4041810857454737,item
164708256253600,im12,sc15,b249,-1.2198475585088486,item_ridge,674.0,-0.7159602082500641,-1.7759215692028727,0.0614701148056001,-1.218305133566569,item
107181211609098,im5,sc78,b302,-0.5329307810791537,category_fe_positive_fallback,800.0,-0.5329307810791537,-1.0012805344071898,0.0196419014737194,-0.30769732064234073,sub_category
276802478926279,im5,sc25,b486,-0.523692877975079,item_ridge,186.0,-0.5329307810791537,-1.0012805344071898,0.0196419014737194,-0.5240702670896681,item
168504070998794,im9,sc43,b316,-0.0801170420791992,item_ridge,858.0,-0.6990257650229246,-0.3020684723539735,0.0133293137954538,-0.0826638187889328,item
152012202811219,im9,sc23,b224,-0.7960598836944118,item_ridge,633.0,-0.6990257650229246,-0.3020684723539735,0.0133293137954538,-0.8000833444323094,item
231329126187581,im14,sc51,b169,-1.0048061968154818,item_ridge,182.0,-0.4547142583452114,-0.5090817434280027,0.0066479608065638,-1.0044322145012263,item
17206497755234,im3,sc16,b546,-0.5161788733812324,item_ridge,800.0,-0.4340556041136897,-0.8987359235912883,0.0202666082602156,-0.5113851250634116,item
111563095810201,im4,sc3,b496,-0.6228033025762268,item_ridge,379.0,-0.6597748090798966,-0.6259883664315813,0.0291194429147193,-0.6226440112934986,item
120893065801777,im6,sc34,b332,-0.9919348721052088,item_ridge,1017.0,-0.7540643423936192,-1.1052321719674671,0.0117226556316826,-0.9915910204741764,item
247258750081040,im14,sc51,b283,-0.4909317967236096,item_ridge,378.0,-0.4547142583452114,-0.5090817434280027,0.0066479608065638,-0.4906458503920913,item
252872801441127,im5,sc26,b541,-0.2026366956629007,item_ridge,936.0,-0.5329307810791537,-1.0012805344071898,0.0196419014737194,-0.20332786838859052,item
105025125926033,im14,sc51,b122,-0.1449860942475002,item_ridge,419.0,-0.4547142583452114,-0.5090817434280027,0.0066479608065638,-0.14455956332339606,item
114765381993943,im14,sc51,b481,-0.5866186725494942,item_ridge,278.0,-0.4547142583452114,-0.5090817434280027,0.0066479608065638,-0.5863627539950332,item
253245334995850,im6,sc34,b332,-0.3200991191243844,item_ridge,726.0,-0.7540643423936192,-1.1052321719674671,0.0117226556316826,-0.31983046367508894,item
51229022352495,im20,sc92,b460,-0.2493614099830867,item_ridge,683.0,-0.6719321285344858,-1.1053539421228344,0.0112772387829762,-0.24947174189238136,item
139144004332886,im6,sc34,b332,-0.6179754475865946,item_ridge,990.0,-0.7540643423936192,-1.1052321719674671,0.0117226556316826,-0.6177102101455587,item
273560951204066,im14,sc51,b169,-0.7518054127434688,item_ridge,240.0,-0.4547142583452114,-0.5090817434280027,0.0066479608065638,-0.7516211513842549,item
57703827841647,im6,sc22,b520,-0.2136229194053015,item_ridge,1046.0,-0.7540643423936192,-1.1052321719674671,0.0117226556316826,-0.2133434512618692,item
22174055374512,im6,sc34,b520,-1.5124688060683007,item_ridge,291.0,-0.7540643423936192,-1.1052321719674671,0.0117226556316826,-1.512361138808087,item
52016360048029,im20,sc89,b546,-0.9425848847528384,item_ridge,111.0,-0.6719321285344858,-1.1053539421228344,0.0112772387829762,-0.9426244120499869,item
197426926724419,im20,sc89,b348,-0.1002750220483647,item_ridge,667.0,-0.6719321285344858,-1.1053539421228344,0.0112772387829762,-0.10035633534535714,item
6049504758961,im14,sc51,b66,-0.530654853113625,item_ridge,276.0,-0.4547142583452114,-0.5090817434280027,0.0066479608065638,-0.5304119010992563,item
118525901276922,im14,sc51,b481,-0.6542279535388178,item_ridge,310.0,-0.4547142583452114,-0.5090817434280027,0.0066479608065638,-0.6539420072072996,item
34169175962718,im16,sc30,b135,-0.3023686709563812,item_ridge,747.0,-0.7311111818334803,-1.1262045944613654,0.02034177093961,-0.3027419950394694,item
105822927435087,im8,sc37,b332,-0.5705524372065555,item_ridge,962.0,-0.5240268331974867,-0.98244493005407,0.0158566637101308,-0.5703267378679199,item
14105250346680,im14,sc51,b283,-0.7361290961220466,item_ridge,477.0,-0.4547142583452114,-0.5090817434280027,0.0066479608065638,-0.7358411024420902,item
87099689906646,im5,sc26,b460,-0.3925807361298741,item_ridge,280.0,-0.5329307810791537,-1.0012805344071898,0.0196419014737194,-0.39284442998967534,item
21230624892838,im8,sc81,b153,-0.4464457734713314,item_ridge,896.0,-0.5240268331974867,-0.98244493005407,0.0158566637101308,-0.44596878352070746,item
54837722206931,im9,sc58,b224,-0.5821848865801397,item_ridge,125.0,-0.6990257650229246,-0.3020684723539735,0.0133293137954538,-0.5829862916777049,item
153128214620857,im17,sc55,b391,-0.4584766234484166,item_ridge,805.0,-0.5825053462263596,-0.9597630819115917,0.0120962057980395,-0.4578962705713337,item
181356748675895,im6,sc9,b153,-0.0628813366512564,item_ridge,59.0,-0.7540643423936192,-1.1052321719674671,0.0117226556316826,-0.06283857434796691,item
40959991306151,im14,sc51,b273,-1.1659555578836571,item_ridge,434.0,-0.4547142583452114,-0.5090817434280027,0.0066479608065638,-1.1657467283432164,item
189664911968792,im7,sc33,b301,-0.5917858646969938,item_ridge,685.0,-0.712375224530957,-1.226191510591962,0.0322433928253026,-0.5931349747108126,item
213208340176149,im7,sc33,b332,-0.6931567577076707,item_ridge,833.0,-0.712375224530957,-1.226191510591962,0.0322433928253026,-0.6949354950175574,item
170248428817467,im20,sc57,b332,-1.058985578574432,item_ridge,917.0,-0.6719321285344858,-1.1053539421228344,0.0112772387829762,-1.0591561728915586,item
247523697279378,im6,sc22,b24,-0.514756894476514,item_ridge,798.0,-0.7540643423936192,-1.1052321719674671,0.0117226556316826,-0.5145646532321937,item
71639128058520,im17,sc67,b520,-0.9752958891536267,item_ridge,645.0,-0.5825053462263596,-0.9597630819115917,0.0120962057980395,-0.9744773228477362,item
53284012500024,im6,sc66,b520,-0.7540643423936192,category_fe_low_n,,-0.7540643423936192,-1.1052321719674671,0.0117226556316826,-0.34771646116243826,sub_category
74093444053626,im2,sc6,b425,-0.188185509822058,item_ridge,165.0,-0.7393400558468726,-1.0300616525541268,0.0204705834618003,-0.1882915511615678,item
62204176550621,im8,sc37,b24,-0.8666385286072865,item_ridge,763.0,-0.5240268331974867,-0.98244493005407,0.0158566637101308,-0.8665374461684433,item
22449162167039,im11,sc54,b135,-0.2464966920149496,item_ridge,915.0,-0.3954087848279526,-0.4174127415726866,0.0176249681656319,-0.24499214340696499,item
26000448704660,im14,sc51,b481,-0.627158644876726,item_ridge,217.0,-0.4547142583452114,-0.5090817434280027,0.0066479608065638,-0.6270535476570271,item
122380304553961,im3,sc16,b451,-0.4458205201999668,item_ridge,300.0,-0.4340556041136897,-0.8987359235912883,0.0202666082602156,-0.44435785091177094,item
92960557687824,im3,sc16,b389,-0.4340556041136897,category_fe_positive_fallback,518.0,-0.4340556041136897,-0.8987359235912883,0.0202666082602156,-0.760319166603752,sub_category
151941392254286,im2,sc6,b371,-0.5647068982980441,item_ridge,672.0,-0.7393400558468726,-1.0300616525541268,0.0204705834618003,-0.564966164508864,item
81911532385768,im3,sc20,b236,-0.8808306648309828,item_ridge,935.0,-0.4340556041136897,-0.8987359235912883,0.0202666082602156,-0.8792529755955714,item
82702311673446,im14,sc51,b367,-1.2034320581505875,item_ridge,379.0,-0.4547142583452114,-0.5090817434280027,0.0066479608065638,-1.2032621282304259,item
237928487401281,im17,sc55,b391,-0.0643716592885338,item_ridge,644.0,-0.5825053462263596,-0.9597630819115917,0.0120962057980395,-0.06406881641815147,item
148119842951397,im6,sc34,b546,-0.2664172164582586,item_ridge,102.0,-0.7540643423936192,-1.1052321719674671,0.0117226556316826,-0.2663604775211302,item
99325402682200,im6,sc34,b332,-0.0808243446761503,item_ridge,843.0,-0.7540643423936192,-1.1052321719674671,0.0117226556316826,-0.08046442840629285,item
250926688054338,im20,sc57,b395,-0.182617338046529,item_ridge,394.0,-0.6719321285344858,-1.1053539421228344,0.0112772387829762,-0.18264523295849827,item
87000202965261,im16,sc75,b153,-0.1127229665327567,item_ridge,775.0,-0.7311111818334803,-1.1262045944613654,0.02034177093961,-0.11309675619328745,item
125244387600531,im5,sc78,b541,-0.5329307810791537,category_fe_positive_fallback,771.0,-0.5329307810791537,-1.0012805344071898,0.0196419014737194,-0.30769732064234073,sub_category
140844300320391,im14,sc51,b122,-0.1919697490330213,item_ridge,550.0,-0.4547142583452114,-0.5090817434280027,0.0066479608065638,-0.19174727050300858,item
26801050195300,im7,sc33,b332,-0.5605937062403408,item_ridge,563.0,-0.712375224530957,-1.226191510591962,0.0322433928253026,-0.5616938733349429,item
161517735644275,im3,sc16,b391,-0.5752852151112559,item_ridge,522.0,-0.4340556041136897,-0.8987359235912883,0.0202666082602156,-0.5742633502660769,item
59843286805388,im16,sc30,b218,-0.5313478056853685,item_ridge,212.0,-0.7311111818334803,-1.1262045944613654,0.02034177093961,-0.5314710149537134,item
41182371972941,im17,sc55,b391,-0.6302078777421,item_ridge,794.0,-0.5825053462263596,-0.9597630819115917,0.0120962057980395,-0.629849763169136,item
239171034887123,im17,sc67,b460,-0.5825053462263596,category_fe_positive_fallback,938.0,-0.5825053462263596,-0.9597630819115917,0.0120962057980395,-0.9343200143175835,sub_category
88099626246875,im17,sc67,b460,-0.6895232517989333,item_ridge,377.0,-0.5825053462263596,-0.9597630819115917,0.0120962057980395,-0.6892031935246187,item
87637359303839,im16,sc30,b135,-0.4874523006589595,item_ridge,311.0,-0.7311111818334803,-1.1262045944613654,0.02034177093961,-0.487551484119978,item
70775308640469,im6,sc34,b218,-0.027348965397823,item_ridge,260.0,-0.7540643423936192,-1.1052321719674671,0.0117226556316826,-0.027301796883824538,item
26550714087691,im12,sc84,b414,-1.008219882438397,item_ridge,506.0,-0.7159602082500641,-1.7759215692028727,0.0614701148056001,-1.007753538717339,item
38730259217897,im3,sc20,b153,-0.3445572662404831,item_ridge,790.0,-0.4340556041136897,-0.8987359235912883,0.0202666082602156,-0.3424286379069894,item
44571462757542,im6,sc34,b332,-0.186442917042768,item_ridge,315.0,-0.7540643423936192,-1.1052321719674671,0.0117226556316826,-0.18638412730068285,item
79739355800798,im14,sc51,b68,-0.4547142583452114,category_fe_low_n,25.0,-0.4547142583452114,-0.5090817434280027,0.0066479608065638,-0.024113352708414942,item
261405670728452,im11,sc54,b135,-0.5377439453625492,item_ridge,822.0,-0.3954087848279526,-0.4174127415726866,0.0176249681656319,-0.5363486656478824,item
110447921252290,im9,sc23,b316,-0.3264376658421381,item_ridge,405.0,-0.6990257650229246,-0.3020684723539735,0.0133293137954538,-0.32748108878978066,item
142191663257104,im8,sc37,b24,-0.4890698690427428,item_ridge,419.0,-0.5240268331974867,-0.98244493005407,0.0158566637101308,-0.48895836971134704,item
189114531728579,im6,sc34,b301,-0.0794625178147673,item_ridge,555.0,-0.7540643423936192,-1.1052321719674671,0.0117226556316826,-0.07931998687029386,item
269439782022773,im20,sc89,b520,-0.3883864636146298,item_ridge,726.0,-0.6719321285344858,-1.1053539421228344,0.0112772387829762,-0.38849439733623264,item
5793872763501,im8,sc81,b164,-0.3610068554670104,item_ridge,808.0,-0.5240268331974867,-0.98244493005407,0.0158566637101308,-0.3607755056852913,item
219920256408182,im16,sc75,b218,-0.5349245264096187,item_ridge,141.0,-0.7311111818334803,-1.1262045944613654,0.02034177093961,-0.5350102636419836,item
103861477961503,im2,sc5,b425,-0.341917665212433,item_ridge,406.0,-0.7393400558468726,-1.0300616525541268,0.0204705834618003,-0.3420195947318274,item
148639007552078,im6,sc34,b332,-0.1566596614901957,item_ridge,364.0,-0.7540643423936192,-1.1052321719674671,0.0117226556316826,-0.1565841235076329,item
227939764543732,im6,sc9,b332,-0.4673871265898549,item_ridge,563.0,-0.7540643423936192,-1.1052321719674671,0.0117226556316826,-0.4672968126053076,item
179037489861671,im5,sc26,b153,-0.497465449296618,item_ridge,246.0,-0.5329307810791537,-1.0012805344071898,0.0196419014737194,-0.49759893407657885,item
94294509514732,im19,sc59,b476,-0.022522086759526,item_ridge,1064.0,-0.3484302192705804,-0.4712393146436414,0.0168972418100549,-0.022591571695767997,item
48437024390578,im20,sc89,b486,-0.5976918999582975,item_ridge,171.0,-0.6719321285344858,-1.1053539421228344,0.0112772387829762,-0.5977072268694376,item
131609155817558,im20,sc89,b546,-0.5066402389637279,item_ridge,517.0,-0.6719321285344858,-1.1053539421228344,0.0112772387829762,-0.5066829929790116,item
170480972491957,im11,sc38,b165,-0.0833590018475752,item_ridge,341.0,-0.3954087848279526,-0.4174127415726866,0.0176249681656319,-0.082942070981454,item
144474008915289,im14,sc51,b143,-0.1931806617103136,item_ridge,110.0,-0.4547142583452114,-0.5090817434280027,0.0066479608065638,-0.19300117749745138,item
201545469908891,im17,sc55,b391,-0.025689173946625,item_ridge,551.0,-0.5825053462263596,-0.9597630819115917,0.0120962057980395,-0.025390937051457663,item
138237921089737,im17,sc55,b551,-0.6450136145328127,item_ridge,714.0,-0.5825053462263596,-0.9597630819115917,0.0120962057980395,-0.6448109516233562,item
130746555786740,im20,sc57,b348,-0.6757252823076509,item_ridge,244.0,-0.6719321285344858,-1.1053539421228344,0.0112772387829762,-0.6757464050444612,item
110579645087042,im17,sc67,b301,-0.313128342629114,item_ridge,182.0,-0.5825053462263596,-0.9597630819115917,0.0120962057980395,-0.31301551633097513,item
242662653241470,im14,sc2,b353,-0.3541055420198088,item_ridge,398.0,-0.4547142583452114,-0.5090817434280027,0.0066479608065638,-0.3539710664652629,item
84547806104902,im14,sc51,b283,-0.1795601976665585,item_ridge,1008.0,-0.4547142583452114,-0.5090817434280027,0.0066479608065638,-0.17923944641163256,item
8824703451007,im14,sc51,b66,-0.3999549841141768,item_ridge,657.0,-0.4547142583452114,-0.5090817434280027,0.0066479608065638,-0.39980143298149934,item
274294188006762,im6,sc34,b332,-1.2446420756344083,item_ridge,999.0,-0.7540643423936192,-1.1052321719674671,0.0117226556316826,-1.2419261262704113,item
235590794341662,im11,sc54,b565,-0.5784990674617493,item_ridge,1057.0,-0.3954087848279526,-0.4174127415726866,0.0176249681656319,-0.5714197039697088,item
237697386156943,im14,sc99,b369,-1.4468350459192691,item_ridge,365.0,-0.4547142583452114,-0.5090817434280027,0.0066479608065638,-1.446024798491464,item
33565202660085,im3,sc16,b24,-2.245236016162288,item_ridge,835.0,-0.4340556041136897,-0.8987359235912883,0.0202666082602156,-2.2384536387094927,item
189356557754335,im14,sc51,b169,-1.22067584736612,item_ridge,174.0,-0.4547142583452114,-0.5090817434280027,0.0066479608065638,-1.2198050418314696,item
224924584651725,im17,sc67,b332,-1.2215925192237744,item_ridge,442.0,-0.5825053462263596,-0.9597630819115917,0.0120962057980395,-1.2204527433548162,item
205185961952845,im11,sc54,b332,-0.5741723749654783,item_ridge,938.0,-0.3954087848279526,-0.4174127415726866,0.0176249681656319,-0.5705391842626776,item
262076555543609,im14,sc51,b122,-0.9518869476853676,item_ridge,264.0,-0.4547142583452114,-0.5090817434280027,0.0066479608065638,-0.9510891642449234,item
190779782002100,im17,sc55,b391,-1.044334523325203,item_ridge,874.0,-0.5825053462263596,-0.9597630819115917,0.0120962057980395,-1.0431588481515919,item
62027153462597,im15,sc63,b451,-1.405558821675808,item_ridge,875.0,-0.3701674932352681,-0.4867729418820625,0.0094473752650418,-1.4055879862040452,item
3972844844530,im11,sc54,b565,-0.9893752861972956,item_ridge,868.0,-0.3954087848279526,-0.4174127415726866,0.0176249681656319,-0.9868137711789526,item
266312525233491,im9,sc44,b224,-0.2192665617473665,item_ridge,570.0,-0.6990257650229246,-0.3020684723539735,0.0133293137954538,-0.22255801744305795,item
142230662306530,im14,sc51,b368,-0.4547142583452114,category_fe_positive_fallback,247.0,-0.4547142583452114,-0.5090817434280027,0.0066479608065638,-0.6979409003363024,sub_category
40566415692810,im14,sc51,b283,-0.6075363674839898,item_ridge,329.0,-0.4547142583452114,-0.5090817434280027,0.0066479608065638,-0.6072395019608133,item
225989315201494,im14,sc51,b283,-0.3331965161814066,item_ridge,305.0,-0.4547142583452114,-0.5090817434280027,0.0066479608065638,-0.3329276310868514,item
57707319359243,im14,sc51,b481,-2.1789985817218227,item_ridge,169.0,-0.4547142583452114,-0.5090817434280027,0.0066479608065638,-2.178181689695977,item
129590844484357,im5,sc26,b332,-0.5329307810791537,category_fe_positive_fallback,581.0,-0.5329307810791537,-1.0012805344071898,0.0196419014737194,-0.5689018324904914,sub_category
76830606155097,im20,sc92,b332,-0.1650531136642064,item_ridge,968.0,-0.6719321285344858,-1.1053539421228344,0.0112772387829762,-0.1652758744342885,item
186866701099719,im6,sc9,b332,-0.4352142768521442,item_ridge,550.0,-0.7540643423936192,-1.1052321719674671,0.0117226556316826,-0.43492212479606907,item
242522860992899,im2,sc6,b371,-0.8766191273980459,item_ridge,216.0,-0.7393400558468726,-1.0300616525541268,0.0204705834618003,-0.8768200222293188,item
20391616588838,im8,sc37,b395,-0.9482472737269876,item_ridge,792.0,-0.5240268331974867,-0.98244493005407,0.0158566637101308,-0.9478406291066075,item
100546018070703,im16,sc75,b551,-1.0798336438614209,item_ridge,750.0,-0.7311111818334803,-1.1262045944613654,0.02034177093961,-1.0805843072555883,item
35454264111269,im14,sc51,b273,-1.7026451989856184,item_ridge,374.0,-0.4547142583452114,-0.5090817434280027,0.0066479608065638,-1.7023278599780838,item
46873396716712,im6,sc34,b153,-0.5128241553292081,item_ridge,297.0,-0.7540643423936192,-1.1052321719674671,0.0117226556316826,-0.5126966636210817,item
40279004976610,im12,sc84,b414,-0.9740584144896178,item_ridge,507.0,-0.7159602082500641,-1.7759215692028727,0.0614701148056001,-0.9733879416664519,item
254589406153946,im14,sc51,b122,-0.6734947639592025,item_ridge,264.0,-0.4547142583452114,-0.5090817434280027,0.0066479608065638,-0.6730723277319699,item
112399705566121,im15,sc63,b65,-0.4907211233162753,item_ridge,855.0,-0.3701674932352681,-0.4867729418820625,0.0094473752650418,-0.49073808404677344,item
108796554289879,im14,sc51,b122,-0.1325082424810937,item_ridge,250.0,-0.4547142583452114,-0.5090817434280027,0.0066479608065638,-0.1321642879438962,item
274059938317740,im7,sc11,b546,-1.0127724625976045,item_ridge,568.0,-0.712375224530957,-1.226191510591962,0.0322433928253026,-1.01467320802808,item
54685906404449,im17,sc55,b391,-0.5599618261988127,item_ridge,798.0,-0.5825053462263596,-0.9597630819115917,0.0120962057980395,-0.5592905053112346,item
197771244903869,im20,sc72,b520,-0.1297376245219447,item_ridge,917.0,-0.6719321285344858,-1.1053539421228344,0.0112772387829762,-0.1298850001026071,item
206588702623159,im8,sc81,b332,-0.5240268331974867,category_fe_positive_fallback,421.0,-0.5240268331974867,-0.98244493005407,0.0158566637101308,-0.6501183013557981,sub_category
163958653834781,im2,sc6,b371,-0.7676065887157159,item_ridge,640.0,-0.7393400558468726,-1.0300616525541268,0.0204705834618003,-0.7679305498721986,item
81054484480398,im3,sc16,b24,-0.5587389650335789,item_ridge,494.0,-0.4340556041136897,-0.8987359235912883,0.0202666082602156,-0.5559789281233183,item
126360286357117,im5,sc26,b155,-1.296548831244307,item_ridge,234.0,-0.5329307810791537,-1.0012805344071898,0.0196419014737194,-1.2967814059529523,item
159138380923629,im6,sc34,b520,-0.6934414949067942,item_ridge,297.0,-0.7540643423936192,-1.1052321719674671,0.0117226556316826,-0.693328017032537,item
231320324933583,im20,sc72,b395,-0.937945439698866,item_ridge,456.0,-0.6719321285344858,-1.1053539421228344,0.0112772387829762,-0.9380048105420081,item
152335340614948,im14,sc51,b122,-1.1904558705259571,item_ridge,292.0,-0.4547142583452114,-0.5090817434280027,0.0066479608065638,-1.1902320270969886,item
133206106144486,im16,sc83,b324,-0.7311111818334803,category_fe_positive_fallback,413.0,-0.7311111818334803,-1.1262045944613654,0.02034177093961,-0.5529884842673374,sub_category
258588066658306,im14,sc51,b481,-0.4420327704646636,item_ridge,345.0,-0.4547142583452114,-0.5090817434280027,0.0066479608065638,-0.4417870886523804,item
60235818270298,im7,sc33,b24,-0.2219014052835779,item_ridge,480.0,-0.712375224530957,-1.226191510591962,0.0322433928253026,-0.22348540498730377,item
35724202108659,im14,sc51,b283,-0.7145201729434871,item_ridge,361.0,-0.4547142583452114,-0.5090817434280027,0.0066479608065638,-0.714284727873382,item
100585877291720,im16,sc85,b546,-0.4635965825991942,item_ridge,786.0,-0.7311111818334803,-1.1262045944613654,0.02034177093961,-0.46382238624527355,item
133218152272279,im17,sc67,b332,-0.6930524106667394,item_ridge,273.0,-0.5825053462263596,-0.9597630819115917,0.0120962057980395,-0.6925711719665112,item
142127558526445,im20,sc89,b153,-0.6719321285344858,category_fe_positive_fallback,684.0,-0.6719321285344858,-1.1053539421228344,0.0112772387829762,-0.7049611698243912,sub_category
108213988466089,im20,sc57,b332,-0.2464213079586974,item_ridge,380.0,-0.6719321285344858,-1.1053539421228344,0.0112772387829762,-0.24650982996257692,item
140969050031134,im8,sc37,b332,-0.7780552063947188,item_ridge,254.0,-0.5240268331974867,-0.98244493005407,0.0158566637101308,-0.7779606827400766,item
150117619622128,im20,sc92,b336,-0.6719321285344858,category_fe_positive_fallback,630.0,-0.6719321285344858,-1.1053539421228344,0.0112772387829762,-0.504697012925296,sub_category
163155022955176,im16,sc30,b153,-0.581353671319749,item_ridge,777.0,-0.7311111818334803,-1.1262045944613654,0.02034177093961,-0.5816210354320599,item
274875034798182,im9,sc42,b248,-0.3574997802099225,item_ridge,668.0,-0.6990257650229246,-0.3020684723539735,0.0133293137954538,-0.3612719913166547,item
177447767752658,im14,sc51,b346,-1.1782222081336855,item_ridge,233.0,-0.4547142583452114,-0.5090817434280027,0.0066479608065638,-1.1780898129348425,item
40481189652638,im14,sc51,b196,-0.8893577133571804,item_ridge,659.0,-0.4547142583452114,-0.5090817434280027,0.0066479608065638,-0.8888185782691145,item
51126360439840,im20,sc92,b332,-0.7774409091731366,item_ridge,480.0,-0.6719321285344858,-1.1053539421228344,0.0112772387829762,-0.7775241420169908,item
16604882329173,im14,sc2,b283,-0.2255437509337445,item_ridge,545.0,-0.4547142583452114,-0.5090817434280027,0.0066479608065638,-0.22518401175990765,item
911302539935,im14,sc51,b481,-1.449352810345756,item_ridge,187.0,-0.4547142583452114,-0.5090817434280027,0.0066479608065638,-1.448912630432079,item
81404086970392,im6,sc9,b332,-0.4212024142418021,item_ridge,1006.0,-0.7540643423936192,-1.1052321719674671,0.0117226556316826,-0.4208760523430965,item
172506877879971,im20,sc89,b460,-0.4010682575268646,item_ridge,658.0,-0.6719321285344858,-1.1053539421228344,0.0112772387829762,-0.4011431173875882,item
164896065537764,im8,sc37,b510,-0.2161473784391392,item_ridge,762.0,-0.5240268331974867,-0.98244493005407,0.0158566637101308,-0.21580130611989656,item
143131487019171,im14,sc51,b283,-0.9462434002014593,item_ridge,335.0,-0.4547142583452114,-0.5090817434280027,0.0066479608065638,-0.9460796123266033,item
201439146154301,im14,sc51,b169,-0.4074191852996604,item_ridge,260.0,-0.4547142583452114,-0.5090817434280027,0.0066479608065638,-0.4072622219195899,item
134140742384912,im6,sc22,b153,-0.7540643423936192,category_fe_positive_fallback,955.0,-0.7540643423936192,-1.1052321719674671,0.0117226556316826,-0.5733983862388061,sub_category
180552486045461,im6,sc9,b332,-0.9820495587870944,item_ridge,588.0,-0.7540643423936192,-1.1052321719674671,0.0117226556316826,-0.9818901409204328,item
76251561769083,im8,sc37,b551,-0.7567647645672877,item_ridge,522.0,-0.5240268331974867,-0.98244493005407,0.0158566637101308,-0.7566382186133186,item
208849169352504,im20,sc72,b486,-0.1683464663312701,item_ridge,345.0,-0.6719321285344858,-1.1053539421228344,0.0112772387829762,-0.16839143934051748,item
65962467953128,im8,sc81,b153,-0.4897349231456944,item_ridge,204.0,-0.5240268331974867,-0.98244493005407,0.0158566637101308,-0.4896472496891833,item
24127156604567,im20,sc57,b301,-0.9353432150618868,item_ridge,483.0,-0.6719321285344858,-1.1053539421228344,0.0112772387829762,-0.9353917489838678,item
13597494729200,im6,sc9,b551,-0.0515839999953313,item_ridge,798.0,-0.7540643423936192,-1.1052321719674671,0.0117226556316826,-0.051379767234820226,item
42006612731974,im20,sc92,b153,-0.6719321285344858,category_fe_positive_fallback,765.0,-0.6719321285344858,-1.1053539421228344,0.0112772387829762,-0.504697012925296,sub_category
257652338789338,im17,sc55,b391,-0.6028755620885788,item_ridge,797.0,-0.5825053462263596,-0.9597630819115917,0.0120962057980395,-0.6024195705422979,item
59047026246082,im20,sc57,b153,-0.0287572647849043,item_ridge,831.0,-0.6719321285344858,-1.1053539421228344,0.0112772387829762,-0.02887352045848733,item
55142464566505,im14,sc51,b481,-0.5264204802157783,item_ridge,187.0,-0.4547142583452114,-0.5090817434280027,0.0066479608065638,-0.526301051557029,item
23565244127617,im9,sc44,b224,-0.8580811899615731,item_ridge,419.0,-0.6990257650229246,-0.3020684723539735,0.0133293137954538,-0.8591528266997058,item
64266339186502,im16,sc83,b332,-1.3873030491162543,item_ridge,716.0,-0.7311111818334803,-1.1262045944613654,0.02034177093961,-1.3876599272728714,item
99433709637628,im17,sc55,b391,-0.1061402686916831,item_ridge,929.0,-0.5825053462263596,-0.9597630819115917,0.0120962057980395,-0.10557603672785278,item
221450453947350,im20,sc89,b153,-0.4488576102796451,item_ridge,612.0,-0.6719321285344858,-1.1053539421228344,0.0112772387829762,-0.4489276300631662,item
98634858795640,im6,sc22,b24,-0.7540643423936192,category_fe_positive_fallback,629.0,-0.7540643423936192,-1.1052321719674671,0.0117226556316826,-0.5733983862388061,sub_category
65474739756752,im19,sc98,b476,-0.6106089781664463,item_ridge,545.0,-0.3484302192705804,-0.4712393146436414,0.0168972418100549,-0.6106561137732485,item
280897218701764,im17,sc67,b401,-0.7044644559626373,item_ridge,726.0,-0.5825053462263596,-0.9597630819115917,0.0120962057980395,-0.7042457110988977,item
108747527703335,im16,sc83,b332,-0.4527657112422275,item_ridge,373.0,-0.7311111818334803,-1.1262045944613654,0.02034177093961,-0.4530011645338117,item
95154830964779,im17,sc67,b153,-0.5397804555893636,item_ridge,810.0,-0.5825053462263596,-0.9597630819115917,0.0120962057980395,-0.5393187887979976,item
37867283809724,im16,sc85,b332,-0.431375285286504,item_ridge,305.0,-0.7311111818334803,-1.1262045944613654,0.02034177093961,-0.4314807837113117,item
214626633779891,im14,sc2,b346,-0.5208513337191933,item_ridge,655.0,-0.4547142583452114,-0.5090817434280027,0.0066479608065638,-0.5205107078221455,item
13609939244188,im16,sc83,b153,-0.5168963336985328,item_ridge,819.0,-0.7311111818334803,-1.1262045944613654,0.02034177093961,-0.5172692374718542,item
246338629370797,im19,sc59,b476,-0.0947418304832447,item_ridge,1064.0,-0.3484302192705804,-0.4712393146436414,0.0168972418100549,-0.09482222380732683,item
250246354274410,im20,sc72,b520,-0.6719321285344858,category_fe_positive_fallback,657.0,-0.6719321285344858,-1.1053539421228344,0.0112772387829762,-0.6233376155185413,sub_category
207857783001199,im14,sc51,b344,-0.2375299282287683,item_ridge,495.0,-0.4547142583452114,-0.5090817434280027,0.0066479608065638,-0.23734361952111954,item
275072429722901,im5,sc26,b114,-0.5843264545904323,item_ridge,265.0,-0.5329307810791537,-1.0012805344071898,0.0196419014737194,-0.5845008856219148,item
8035684664898,im16,sc73,b153,-0.7311111818334803,category_fe_positive_fallback,814.0,-0.7311111818334803,-1.1262045944613654,0.02034177093961,-0.05497441232417351,sub_category
120207588454947,im20,sc72,b516,-0.1450405037412953,item_ridge,603.0,-0.6719321285344858,-1.1053539421228344,0.0112772387829762,-0.14511136049687184,item
53904991682149,im6,sc34,b332,-0.659339525003024,item_ridge,621.0,-0.7540643423936192,-1.1052321719674671,0.0117226556316826,-0.6592072480833321,item
181877539523521,im11,sc38,b275,-0.0646068876272033,item_ridge,481.0,-0.3954087848279526,-0.4174127415726866,0.0176249681656319,-0.06411625686050532,item
131146178193176,im14,sc51,b66,-0.8974106675872671,item_ridge,348.0,-0.4547142583452114,-0.5090817434280027,0.0066479608065638,-0.8972530217577204,item
232337232737743,im20,sc89,b520,-0.6719321285344858,category_fe_positive_fallback,409.0,-0.6719321285344858,-1.1053539421228344,0.0112772387829762,-0.7049611698243912,sub_category
67151673463120,im14,sc51,b122,-0.5312651283604375,item_ridge,555.0,-0.4547142583452114,-0.5090817434280027,0.0066479608065638,-0.5309764522310036,item
136246885926710,im12,sc72,b376,-0.995156862660003,item_ridge,167.0,-0.7159602082500641,-1.7759215692028727,0.0614701148056001,-0.9949213786402553,item
124141373397367,im16,sc75,b395,-0.4938810012013035,item_ridge,126.0,-0.7311111818334803,-1.1262045944613654,0.02034177093961,-0.49395131806813525,item
109395440343169,im14,sc51,b353,-0.095443231210969,item_ridge,756.0,-0.4547142583452114,-0.5090817434280027,0.0066479608065638,-0.09520642124190636,item
149480826985848,im12,sc15,b249,-0.5452281502139238,item_ridge,802.0,-0.7159602082500641,-1.7759215692028727,0.0614701148056001,-0.5442425273790387,item
47145293803802,im11,sc54,b565,-0.2342603347155912,item_ridge,861.0,-0.3954087848279526,-0.4174127415726866,0.0176249681656319,-0.23320126698036137,item
145009688375028,im15,sc63,b65,-0.2036104158034209,item_ridge,861.0,-0.3701674932352681,-0.4867729418820625,0.0094473752650418,-0.20362295938207062,item
120928302664015,im16,sc75,b551,-0.5425937838765488,item_ridge,799.0,-0.7311111818334803,-1.1262045944613654,0.02034177093961,-0.5428534628321303,item
266872652592006,im14,sc51,b122,-0.4571638458248173,item_ridge,260.0,-0.4547142583452114,-0.5090817434280027,0.0066479608065638,-0.4570191665353615,item
52232213878874,im14,sc51,b122,-0.4716724487968507,item_ridge,327.0,-0.4547142583452114,-0.5090817434280027,0.0066479608065638,-0.47152299236104384,item
12309687413535,im7,sc33,b395,-0.5931625330388266,item_ridge,90.0,-0.712375224530957,-1.226191510591962,0.0322433928253026,-0.5934215139789794,item
21156867239205,im17,sc55,b551,-0.3572883783961556,item_ridge,583.0,-0.5825053462263596,-0.9597630819115917,0.0120962057980395,-0.3570742005486603,item
167715185653147,im14,sc51,b283,-0.5092823000889377,item_ridge,528.0,-0.4547142583452114,-0.5090817434280027,0.0066479608065638,-0.5090850721896326,item
239588604257690,im8,sc81,b401,-0.344055876150907,item_ridge,493.0,-0.5240268331974867,-0.98244493005407,0.0158566637101308,-0.343990603841874,item
139234706790725,im14,sc51,b283,-0.0860286343194903,item_ridge,790.0,-0.4547142583452114,-0.5090817434280027,0.0066479608065638,-0.08548472208507289,item
177406634339834,im14,sc51,b169,-0.3020271962821057,item_ridge,245.0,-0.4547142583452114,-0.5090817434280027,0.0066479608065638,-0.3018968484316997,item
12821788349845,im14,sc99,b369,-0.4464654267343982,item_ridge,303.0,-0.4547142583452114,-0.5090817434280027,0.0066479608065638,-0.44637122779165533,item
41216960885423,im3,sc20,b153,-0.2386251009637447,item_ridge,738.0,-0.4340556041136897,-0.8987359235912883,0.0202666082602156,-0.23692720683420546,item
179836808142187,im15,sc61,b43,-0.3701674932352681,category_fe_positive_fallback,930.0,-0.3701674932352681,-0.4867729418820625,0.0094473752650418,-0.37606314727235,sub_category
214718903327919,im3,sc16,b391,-0.3381873268673275,item_ridge,522.0,-0.4340556041136897,-0.8987359235912883,0.0202666082602156,-0.33736081853666866,item
257613772806664,im20,sc89,b510,-0.9182343841188,item_ridge,662.0,-0.6719321285344858,-1.1053539421228344,0.0112772387829762,-0.9183069852768305,item
76046447602898,im14,sc51,b283,-0.2876482197843693,item_ridge,978.0,-0.4547142583452114,-0.5090817434280027,0.0066479608065638,-0.28736159100337144,item
213331178818392,im6,sc34,b510,-0.038900547970515,item_ridge,184.0,-0.7540643423936192,-1.1052321719674671,0.0117226556316826,-0.0388263771912567,item
246533814289904,im6,sc34,b332,-1.5536462376586626,item_ridge,1006.0,-0.7540643423936192,-1.1052321719674671,0.0117226556316826,-1.5519191180845027,item
101610859166342,im6,sc34,b332,-0.4456908663902805,item_ridge,994.0,-0.7540643423936192,-1.1052321719674671,0.0117226556316826,-0.44461966260135977,item
85072271713330,im20,sc72,b395,-0.2283533810031896,item_ridge,584.0,-0.6719321285344858,-1.1053539421228344,0.0112772387829762,-0.22862499856623253,item
241246938375977,im6,sc34,b332,-0.81884630363763,item_ridge,709.0,-0.7540643423936192,-1.1052321719674671,0.0117226556316826,-0.8180963926252186,item
112547867341951,im5,sc78,b24,-0.5329307810791537,category_fe_positive_fallback,871.0,-0.5329307810791537,-1.0012805344071898,0.0196419014737194,-0.30769732064234073,sub_category
192771647393988,im6,sc9,b24,-0.5363816719499962,item_ridge,907.0,-0.7540643423936192,-1.1052321719674671,0.0117226556316826,-0.5356413709554461,item
113662258078494,im14,sc51,b283,-0.9915832928595412,item_ridge,934.0,-0.4547142583452114,-0.5090817434280027,0.0066479608065638,-0.9895182007373992,item
103599874648533,im6,sc34,b218,-0.7518679265070417,item_ridge,441.0,-0.7540643423936192,-1.1052321719674671,0.0117226556316826,-0.7515425321206183,item
14656811748682,im17,sc67,b505,-1.3709086212348822,item_ridge,514.0,-0.5825053462263596,-0.9597630819115917,0.0120962057980395,-1.370168342564441,item
102966511094370,im14,sc51,b283,-0.3707029840880681,item_ridge,767.0,-0.4547142583452114,-0.5090817434280027,0.0066479608065638,-0.36984923979038065,item
205802306768866,im14,sc51,b481,-0.8036497575911047,item_ridge,340.0,-0.4547142583452114,-0.5090817434280027,0.0066479608065638,-0.8031659009108033,item
217869737728023,im17,sc55,b415,-1.263643044311394,item_ridge,194.0,-0.5825053462263596,-0.9597630819115917,0.0120962057980395,-1.2630903272855996,item
66003517992621,im6,sc34,b24,-0.1977504536529964,item_ridge,907.0,-0.7540643423936192,-1.1052321719674671,0.0117226556316826,-0.19714580799166898,item
204805912778231,im5,sc78,b541,-0.2109172280679868,item_ridge,809.0,-0.5329307810791537,-1.0012805344071898,0.0196419014737194,-0.2119877012950458,item
261592228397821,im5,sc26,b541,-0.9092491263264642,item_ridge,664.0,-0.5329307810791537,-1.0012805344071898,0.0196419014737194,-0.9101483060098845,item
187694308606153,im5,sc26,b218,-0.5710054392731957,item_ridge,517.0,-0.5329307810791537,-1.0012805344071898,0.0196419014737194,-0.571439469539327,item
250610225331033,im6,sc34,b332,-0.9787548175981778,item_ridge,998.0,-0.7540643423936192,-1.1052321719674671,0.0117226556316826,-0.9784191691869711,item
62722614329713,im6,sc9,b520,-0.3817703261234067,item_ridge,1012.0,-0.7540643423936192,-1.1052321719674671,0.0117226556316826,-0.38135741332284295,item
127879118863815,im14,sc51,b66,-1.5834861169668932,item_ridge,300.0,-0.4547142583452114,-0.5090817434280027,0.0066479608065638,-1.5831053101578554,item
158352657748411,im14,sc51,b481,-1.267816492970603,item_ridge,255.0,-0.4547142583452114,-0.5090817434280027,0.0066479608065638,-1.2668863143313165,item
187933000919936,im17,sc67,b301,-1.046592963142599,item_ridge,936.0,-0.5825053462263596,-0.9597630819115917,0.0120962057980395,-1.0454508846961272,item
254554288254123,im19,sc69,b476,-0.7862215429580164,item_ridge,917.0,-0.3484302192705804,-0.4712393146436414,0.0168972418100549,-0.7863376267481387,item
36403782243263,im5,sc78,b153,-0.6587443832683229,item_ridge,643.0,-0.5329307810791537,-1.0012805344071898,0.0196419014737194,-0.6596482107399436,item
76242631360708,im6,sc34,b520,-0.7468671935447684,item_ridge,295.0,-0.7540643423936192,-1.1052321719674671,0.0117226556316826,-0.7467140667746859,item
279536808953361,im6,sc34,b520,-0.9102797771947816,item_ridge,595.0,-0.7540643423936192,-1.1052321719674671,0.0117226556316826,-0.9101204980098315,item
220839809106545,im20,sc89,b153,-0.0503084286091603,item_ridge,804.0,-0.6719321285344858,-1.1053539421228344,0.0112772387829762,-0.05042926920330197,item
245637462662802,im7,sc33,b551,-0.6446598502669563,item_ridge,380.0,-0.712375224530957,-1.226191510591962,0.0322433928253026,-0.6458363063206738,item
242861293129744,im6,sc9,b332,-0.4118574940361902,item_ridge,545.0,-0.7540643423936192,-1.1052321719674671,0.0117226556316826,-0.4116724187875528,item
187756321272960,im9,sc44,b316,-0.7037628805164392,item_ridge,610.0,-0.6990257650229246,-0.3020684723539735,0.0133293137954538,-0.708128706717452,item
230404099404235,im15,sc63,b547,-0.3701674932352681,category_fe_positive_fallback,790.0,-0.3701674932352681,-0.4867729418820625,0.0094473752650418,-0.3596437625319346,sub_category
235627130903047,im20,sc72,b520,-0.6085504955344043,item_ridge,276.0,-0.6719321285344858,-1.1053539421228344,0.0112772387829762,-0.6086118076585227,item
256149284181517,im2,sc6,b425,-0.2786535670900993,item_ridge,165.0,-0.7393400558468726,-1.0300616525541268,0.0204705834618003,-0.278816520524667,item
99879268999436,im7,sc33,b520,-0.3538608707317341,item_ridge,923.0,-0.712375224530957,-1.226191510591962,0.0322433928253026,-0.3558845357524644,item
230148732147853,im6,sc34,b332,-0.1018406136092527,item_ridge,991.0,-0.7540643423936192,-1.1052321719674671,0.0117226556316826,-0.10149505297409042,item
147390711426063,im9,sc44,b548,-0.1473602904927914,item_ridge,776.0,-0.6990257650229246,-0.3020684723539735,0.0133293137954538,-0.14965938869883494,item
196247256503948,im12,sc15,b24,-0.2560750883316698,item_ridge,800.0,-0.7159602082500641,-1.7759215692028727,0.0614701148056001,-0.254600809318949,item
179726595227046,im20,sc93,b546,-1.2286638811880548,item_ridge,786.0,-0.6719321285344858,-1.1053539421228344,0.0112772387829762,-1.2287371375735332,item
271248349081569,im6,sc22,b218,-0.3626992553579994,item_ridge,562.0,-0.7540643423936192,-1.1052321719674671,0.0117226556316826,-0.36252993255383914,item
87254336263050,im5,sc26,b332,-0.6661007259329536,item_ridge,396.0,-0.5329307810791537,-1.0012805344071898,0.0196419014737194,-0.6663799793683342,item
71394436989244,im17,sc55,b391,-0.3468201807830762,item_ridge,801.0,-0.5825053462263596,-0.9597630819115917,0.0120962057980395,-0.34615346587071316,item
28206605692982,im6,sc34,b135,-0.5062846693145422,item_ridge,780.0,-0.7540643423936192,-1.1052321719674671,0.0117226556316826,-0.5060331039065505,item
11773514884839,im15,sc63,b65,-0.3286384454293538,item_ridge,881.0,-0.3701674932352681,-0.4867729418820625,0.0094473752650418,-0.3286604462433734,item
24748145453672,im17,sc56,b520,-0.3507967935310332,item_ridge,777.0,-0.5825053462263596,-0.9597630819115917,0.0120962057980395,-0.3496715732071952,item
71449952896676,im5,sc78,b541,-1.816968358372289,item_ridge,778.0,-0.5329307810791537,-1.0012805344071898,0.0196419014737194,-1.817446130932218,item
264903016733010,im6,sc34,b301,-0.0601440508468296,item_ridge,1006.0,-0.7540643423936192,-1.1052321719674671,0.0117226556316826,-0.05988872562975118,item
155518100026048,im20,sc72,b24,-0.6719321285344858,category_fe_positive_fallback,728.0,-0.6719321285344858,-1.1053539421228344,0.0112772387829762,-0.6233376155185413,sub_category
169521578144415,im17,sc55,b391,-0.5300624581358487,item_ridge,927.0,-0.5825053462263596,-0.9597630819115917,0.0120962057980395,-0.5294705903207295,item
205902542998855,im3,sc20,b153,-0.9963979654212358,item_ridge,820.0,-0.4340556041136897,-0.8987359235912883,0.0202666082602156,-0.991684931864018,item
134922841310048,im14,sc51,b283,-0.3369132972612621,item_ridge,488.0,-0.4547142583452114,-0.5090817434280027,0.0066479608065638,-0.336504510023601,item
222690800322214,im14,sc51,b66,-0.1657943215125114,item_ridge,647.0,-0.4547142583452114,-0.5090817434280027,0.0066479608065638,-0.16534663465457192,item
9976658223379,im6,sc34,b520,-0.9478121828518792,item_ridge,962.0,-0.7540643423936192,-1.1052321719674671,0.0117226556316826,-0.9473958694457202,item
34428630810671,im14,sc51,b283,-0.3467656248235247,item_ridge,385.0,-0.4547142583452114,-0.5090817434280027,0.0066479608065638,-0.3465281324049837,item
21783064050137,im14,sc51,b481,-1.4811793527160664,item_ridge,271.0,-0.4547142583452114,-0.5090817434280027,0.0066479608065638,-1.4805924461644997,item
162828198243371,im20,sc72,b348,-0.1295245631240848,item_ridge,186.0,-0.6719321285344858,-1.1053539421228344,0.0112772387829762,-0.12956808017260107,item
152269016824516,im14,sc51,b283,-0.4681682595861989,item_ridge,434.0,-0.4547142583452114,-0.5090817434280027,0.0066479608065638,-0.46793622676348706,item
48497653266604,im6,sc9,b332,-0.9745278280235602,item_ridge,848.0,-0.7540643423936192,-1.1052321719674671,0.0117226556316826,-0.9742141237666264,item
72436020820021,im14,sc51,b481,-0.6785729237423657,item_ridge,132.0,-0.4547142583452114,-0.5090817434280027,0.0066479608065638,-0.6784541775330946,item
161385304850931,im5,sc26,b541,-0.5329307810791537,category_fe_positive_fallback,936.0,-0.5329307810791537,-1.0012805344071898,0.0196419014737194,-0.5689018324904914,sub_category
90272218980542,im5,sc82,b220,-0.5437733727872156,item_ridge,191.0,-0.5329307810791537,-1.0012805344071898,0.0196419014737194,-0.5439471526870882,item
136993418152042,im17,sc55,b391,-0.0948918230781703,item_ridge,807.0,-0.5825053462263596,-0.9597630819115917,0.0120962057980395,-0.09455213240606838,item
2684475193179,im20,sc72,b24,-0.0762996076786601,item_ridge,757.0,-0.6719321285344858,-1.1053539421228344,0.0112772387829762,-0.07636755251277465,item
24267608991147,im16,sc83,b332,-0.353022809769372,item_ridge,544.0,-0.7311111818334803,-1.1262045944613654,0.02034177093961,-0.3533014089520845,item
95162581235824,im16,sc83,b332,-0.1490187246588551,item_ridge,804.0,-0.7311111818334803,-1.1262045944613654,0.02034177093961,-0.14948285117341806,item
111117774228229,im6,sc34,b218,-0.7958975863623959,item_ridge,346.0,-0.7540643423936192,-1.1052321719674671,0.0117226556316826,-0.7957919699071371,item
164188104473231,im7,sc33,b24,-0.5241918263219448,item_ridge,626.0,-0.712375224530957,-1.226191510591962,0.0322433928253026,-0.5251916132071863,item
271380985536909,im17,sc67,b551,-0.5523880366984592,item_ridge,348.0,-0.5825053462263596,-0.9597630819115917,0.0120962057980395,-0.552178502144771,item
33620717974906,im6,sc34,b546,-0.1826356085431161,item_ridge,114.0,-0.7540643423936192,-1.1052321719674671,0.0117226556316826,-0.18258878182994376,item
175515468883505,im8,sc37,b153,-0.5240268331974867,category_fe_positive_fallback,928.0,-0.5240268331974867,-0.98244493005407,0.0158566637101308,-0.48157631529870026,sub_category
200286906464690,im16,sc83,b153,-0.0533727869740017,item_ridge,809.0,-0.7311111818334803,-1.1262045944613654,0.02034177093961,-0.05371918684277261,item
143256925152761,im20,sc92,b520,-0.6719321285344858,category_fe_positive_fallback,739.0,-0.6719321285344858,-1.1053539421228344,0.0112772387829762,-0.504697012925296,sub_category
127346631066336,im6,sc34,b301,-0.1914573248981527,item_ridge,768.0,-0.7540643423936192,-1.1052321719674671,0.0117226556316826,-0.1912426739793777,item
96768364356294,im8,sc37,b551,-0.6693474756850899,item_ridge,161.0,-0.5240268331974867,-0.98244493005407,0.0158566637101308,-0.6692622114904948,item
64593616287948,im5,sc26,b114,-0.5329307810791537,category_fe_positive_fallback,239.0,-0.5329307810791537,-1.0012805344071898,0.0196419014737194,-0.5689018324904914,sub_category
126044928905370,im20,sc57,b395,-1.0668787802486523,item_ridge,803.0,-0.6719321285344858,-1.1053539421228344,0.0112772387829762,-1.0669789116956623,item
2529791781737,im6,sc34,b24,-0.5702719247137383,item_ridge,822.0,-0.7540643423936192,-1.1052321719674671,0.0117226556316826,-0.5701061513130914,item
48352262271583,im15,sc61,b43,-0.3701674932352681,category_fe_positive_fallback,935.0,-0.3701674932352681,-0.4867729418820625,0.0094473752650418,-0.37606314727235,sub_category
6710010110942,im20,sc89,b332,-0.0536588715273268,item_ridge,765.0,-0.6719321285344858,-1.1053539421228344,0.0112772387829762,-0.05373453806758369,item
32938462930463,im14,sc51,b481,-0.9042801254891208,item_ridge,452.0,-0.4547142583452114,-0.5090817434280027,0.0066479608065638,-0.9041183849627006,item
55518652638001,im14,sc51,b283,-0.4547142583452114,category_fe_positive_fallback,512.0,-0.4547142583452114,-0.5090817434280027,0.0066479608065638,-0.6979409003363024,sub_category
64099032985395,im20,sc89,b24,-0.5026769010049016,item_ridge,292.0,-0.6719321285344858,-1.1053539421228344,0.0112772387829762,-0.5027061028040202,item
127985423490653,im20,sc57,b395,-0.6560090991254213,item_ridge,226.0,-0.6719321285344858,-1.1053539421228344,0.0112772387829762,-0.6560410250940343,item
151635580626326,im16,sc31,b218,-0.7311111818334803,category_fe_positive_fallback,646.0,-0.7311111818334803,-1.1262045944613654,0.02034177093961,-0.4556539247371165,sub_category
184957863446508,im17,sc55,b301,-0.8154053008516874,item_ridge,170.0,-0.5825053462263596,-0.9597630819115917,0.0120962057980395,-0.8151519722148661,item
46448263298935,im3,sc16,b451,-0.5746999730344051,item_ridge,147.0,-0.4340556041136897,-0.8987359235912883,0.0202666082602156,-0.5740187298042867,item
187444696818720,im7,sc33,b24,-0.3080238647157311,item_ridge,675.0,-0.712375224530957,-1.226191510591962,0.0322433928253026,-0.30896342347535566,item
67959300837559,im16,sc85,b153,-0.2929831609849705,item_ridge,962.0,-0.7311111818334803,-1.1262045944613654,0.02034177093961,-0.29335394784642654,item
124802961670129,im17,sc55,b391,-0.1076295298777525,item_ridge,810.0,-0.5825053462263596,-0.9597630819115917,0.0120962057980395,-0.10712517559171647,item
258010404590209,im14,sc51,b283,-0.0629345010408653,item_ridge,631.0,-0.4547142583452114,-0.5090817434280027,0.0066479608065638,-0.06268062983483876,item
207995429454412,im20,sc57,b301,-0.176743448139738,item_ridge,191.0,-0.6719321285344858,-1.1053539421228344,0.0112772387829762,-0.17676634454146978,item
11780460949620,im2,sc6,b166,-0.6263239978487766,item_ridge,300.0,-0.7393400558468726,-1.0300616525541268,0.0204705834618003,-0.6264942477057873,item
84459324266368,im5,sc26,b155,-0.9177004871282246,item_ridge,500.0,-0.5329307810791537,-1.0012805344071898,0.0196419014737194,-0.9179854730388164,item
180536637683325,im20,sc89,b218,-0.8074637377328601,item_ridge,194.0,-0.6719321285344858,-1.1053539421228344,0.0112772387829762,-0.8074927781960709,item
147263628994422,im14,sc51,b367,-0.5240501372817467,item_ridge,480.0,-0.4547142583452114,-0.5090817434280027,0.0066479608065638,-0.5238481322360904,item
232900551522276,im16,sc83,b520,-0.0376492446192848,item_ridge,781.0,-0.7311111818334803,-1.1262045944613654,0.02034177093961,-0.03780703530683872,item
55518082143573,im14,sc51,b169,-0.1087324885566464,item_ridge,602.0,-0.4547142583452114,-0.5090817434280027,0.0066479608065638,-0.10846701570948444,item
264012359271446,im14,sc51,b66,-0.0378768583960211,item_ridge,231.0,-0.4547142583452114,-0.5090817434280027,0.0066479608065638,-0.03773081420760795,item
49107850541863,im17,sc55,b401,-0.0256765407206605,item_ridge,779.0,-0.5825053462263596,-0.9597630819115917,0.0120962057980395,-0.025191761829288093,item
122929759741911,im14,sc51,b367,-0.3966383782313781,item_ridge,424.0,-0.4547142583452114,-0.5090817434280027,0.0066479608065638,-0.3964459274784218,item
274890377889937,im14,sc51,b346,-0.546757572558652,item_ridge,458.0,-0.4547142583452114,-0.5090817434280027,0.0066479608065638,-0.546637461450424,item
129975854488603,im14,sc51,b122,-0.8926962572485769,item_ridge,339.0,-0.4547142583452114,-0.5090817434280027,0.0066479608065638,-0.8923509378124224,item
278705231006832,im3,sc20,b546,-0.3863583758707056,item_ridge,621.0,-0.4340556041136897,-0.8987359235912883,0.0202666082602156,-0.3848307720078451,item
238200344240848,im14,sc51,b482,-0.643880407314122,item_ridge,819.0,-0.4547142583452114,-0.5090817434280027,0.0066479608065638,-0.6431652002605844,item
142646028004761,im3,sc16,b551,-0.4768696427247026,item_ridge,807.0,-0.4340556041136897,-0.8987359235912883,0.0202666082602156,-0.47473574848918343,item
106527189114009,im6,sc34,b332,-0.7540643423936192,category_fe_positive_fallback,761.0,-0.7540643423936192,-1.1052321719674671,0.0117226556316826,-1.0002026257281673,sub_category
92187568872275,im7,sc33,b332,-1.3406621979465507,item_ridge,807.0,-0.712375224530957,-1.226191510591962,0.0322433928253026,-1.3411199317012403,item
263963232869559,im8,sc81,b153,-0.1184147982135363,item_ridge,695.0,-0.5240268331974867,-0.98244493005407,0.0158566637101308,-0.11824601715408495,item
52638967279442,im6,sc34,b153,-0.3373446752163467,item_ridge,300.0,-0.7540643423936192,-1.1052321719674671,0.0117226556316826,-0.33729272149078343,item
105964021871934,im6,sc34,b153,-0.6063451874056258,item_ridge,808.0,-0.7540643423936192,-1.1052321719674671,0.0117226556316826,-0.6062300005272371,item
55779649136852,im20,sc72,b332,-0.4718739185849427,item_ridge,809.0,-0.6719321285344858,-1.1053539421228344,0.0112772387829762,-0.47196095268197524,item
196145403809982,im15,sc61,b43,-0.1715034103144491,item_ridge,917.0,-0.3701674932352681,-0.4867729418820625,0.0094473752650418,-0.17151731523864747,item
3816565082458,im16,sc71,b301,-0.3406909545810535,item_ridge,801.0,-0.7311111818334803,-1.1262045944613654,0.02034177093961,-0.34092239645829275,item
32424587532770,im8,sc37,b520,-0.5240268331974867,category_fe_positive_fallback,958.0,-0.5240268331974867,-0.98244493005407,0.0158566637101308,-0.48157631529870026,sub_category
180727366268840,im6,sc34,b332,-0.4955141032136278,item_ridge,112.0,-0.7540643423936192,-1.1052321719674671,0.0117226556316826,-0.49547889772854276,item
233912083700604,im8,sc37,b395,-0.5240268331974867,category_fe_low_n,,-0.5240268331974867,-0.98244493005407,0.0158566637101308,-0.48157631529870026,sub_category
135066092798744,im7,sc33,b520,-0.9765336228969768,item_ridge,786.0,-0.712375224530957,-1.226191510591962,0.0322433928253026,-0.9783545198947956,item
224168963060410,im14,sc51,b283,-1.2553926145941696,item_ridge,959.0,-0.4547142583452114,-0.5090817434280027,0.0066479608065638,-1.2530736512660008,item
216881828038146,im7,sc33,b301,-0.9944397631533486,item_ridge,994.0,-0.712375224530957,-1.226191510591962,0.0322433928253026,-1.0003882943601172,item
75474282171847,im6,sc34,b332,-0.0952018021964989,item_ridge,861.0,-0.7540643423936192,-1.1052321719674671,0.0117226556316826,-0.09441566029652543,item
53732969485070,im17,sc55,b391,-1.5351836544954969,item_ridge,904.0,-0.5825053462263596,-0.9597630819115917,0.0120962057980395,-1.5332514478928236,item
195454374096296,im6,sc34,b332,-0.6870961059710623,item_ridge,297.0,-0.7540643423936192,-1.1052321719674671,0.0117226556316826,-0.6868592379985927,item
128242659669068,im17,sc67,b24,-0.5825053462263596,category_fe_positive_fallback,715.0,-0.5825053462263596,-0.9597630819115917,0.0120962057980395,-0.9343200143175835,sub_category
184970899271917,im14,sc51,b273,-1.5683653646919464,item_ridge,346.0,-0.4547142583452114,-0.5090817434280027,0.0066479608065638,-1.567899251698089,item
8168205591115,im14,sc51,b273,-1.2390845000496151,item_ridge,347.0,-0.4547142583452114,-0.5090817434280027,0.0066479608065638,-1.238363833400249,item
156995084198890,im2,sc6,b166,-0.7216943751482103,item_ridge,748.0,-0.7393400558468726,-1.0300616525541268,0.0204705834618003,-0.722529085875726,item
131234663609498,im9,sc44,b316,-0.6990257650229246,category_fe_positive_fallback,663.0,-0.6990257650229246,-0.3020684723539735,0.0133293137954538,-0.2436903662347519,sub_category
49986436413086,im14,sc51,b346,-0.5522175034708623,item_ridge,181.0,-0.4547142583452114,-0.5090817434280027,0.0066479608065638,-0.5518994820138514,item
2750802669707,im14,sc51,b481,-0.7928551785160063,item_ridge,340.0,-0.4547142583452114,-0.5090817434280027,0.0066479608065638,-0.7924272826929443,item
99585779467094,im6,sc34,b301,-0.0439851508445325,item_ridge,1006.0,-0.7540643423936192,-1.1052321719674671,0.0117226556316826,-0.04342835729885555,item
131717246601692,im6,sc9,b332,-1.8499113033848915,item_ridge,969.0,-0.7540643423936192,-1.1052321719674671,0.0117226556316826,-1.8493225519931997,item
258328169839604,im20,sc72,b520,-0.3434584539929256,item_ridge,585.0,-0.6719321285344858,-1.1053539421228344,0.0112772387829762,-0.34357962228042965,item
40898643840062,im20,sc92,b332,-0.942188930783076,item_ridge,966.0,-0.6719321285344858,-1.1053539421228344,0.0112772387829762,-0.9425099256653809,item
256853669259127,im19,sc59,b135,-0.1695946934209766,item_ridge,824.0,-0.3484302192705804,-0.4712393146436414,0.0168972418100549,-0.16969436321124182,item
126726639276166,im6,sc34,b301,-1.393649027001787,item_ridge,859.0,-0.7540643423936192,-1.1052321719674671,0.0117226556316826,-1.3929743121711122,item
17580398168827,im9,sc44,b224,-0.4511720182446386,item_ridge,616.0,-0.6990257650229246,-0.3020684723539735,0.0133293137954538,-0.45502662998128696,item
20156795639868,im20,sc57,b220,-1.0357378479149315,item_ridge,268.0,-0.6719321285344858,-1.1053539421228344,0.0112772387829762,-1.035799119975905,item
119289572909965,im6,sc9,b153,-0.3890767091999951,item_ridge,793.0,-0.7540643423936192,-1.1052321719674671,0.0117226556316826,-0.3888259510535041,item
221435998675567,im14,sc51,b122,-1.4641011519511942,item_ridge,471.0,-0.4547142583452114,-0.5090817434280027,0.0066479608065638,-1.4637237573895507,item
237524618826456,im9,sc39,b460,-0.0432812508430612,item_ridge,670.0,-0.6990257650229246,-0.3020684723539735,0.0133293137954538,-0.045365941086227775,item
236399433997509,im14,sc51,b283,-0.5328650105544472,item_ridge,1043.0,-0.4547142583452114,-0.5090817434280027,0.0066479608065638,-0.5318031191657974,item
257014898162162,im20,sc89,b520,-0.5688703164255768,item_ridge,1038.0,-0.6719321285344858,-1.1053539421228344,0.0112772387829762,-0.5690153574057274,item
95587365311525,im6,sc34,b153,-1.0318834828073289,item_ridge,1006.0,-0.7540643423936192,-1.1052321719674671,0.0117226556316826,-1.0313072066145663,item
202082781094974,im6,sc22,b332,-1.0648100162063354,item_ridge,984.0,-0.7540643423936192,-1.1052321719674671,0.0117226556316826,-1.064454951417004,item
271550254761639,im14,sc51,b169,-2.7498318738733034,item_ridge,185.0,-0.4547142583452114,-0.5090817434280027,0.0066479608065638,-2.7495507046881364,item
96629520669002,im6,sc34,b332,-1.2447837904659946,item_ridge,589.0,-0.7540643423936192,-1.1052321719674671,0.0117226556316826,-1.2445646961364802,item
203830366559470,im16,sc85,b153,-0.9322054212416396,item_ridge,969.0,-0.7311111818334803,-1.1262045944613654,0.02034177093961,-0.9327773337550698,item
222340128185234,im6,sc34,b332,-0.8076546988091569,item_ridge,976.0,-0.7540643423936192,-1.1052321719674671,0.0117226556316826,-0.8073187085971258,item
123411424219231,im8,sc37,b348,-1.2601902190744882,item_ridge,314.0,-0.5240268331974867,-0.98244493005407,0.0158566637101308,-1.2600254778478253,item
257936570133028,im14,sc51,b283,-0.4572318077035969,item_ridge,502.0,-0.4547142583452114,-0.5090817434280027,0.0066479608065638,-0.4568209731175004,item
121206761802439,im11,sc54,b565,-0.5227703769445401,item_ridge,348.0,-0.3954087848279526,-0.4174127415726866,0.0176249681656319,-0.5218731112244149,item
72994134262312,im16,sc75,b153,-0.6845170539816781,item_ridge,447.0,-0.7311111818334803,-1.1262045944613654,0.02034177093961,-0.6847360231722539,item
22433115452758,im16,sc30,b153,-0.8492787747940433,item_ridge,753.0,-0.7311111818334803,-1.1262045944613654,0.02034177093961,-0.8495368982112281,item
22243884870493,im6,sc34,b520,-0.5468426405714869,item_ridge,319.0,-0.7540643423936192,-1.1052321719674671,0.0117226556316826,-0.546703869436101,item
194881873659112,im6,sc9,b24,-0.3628770901120898,item_ridge,717.0,-0.7540643423936192,-1.1052321719674671,0.0117226556316826,-0.3626448052806203,item
32631259087756,im20,sc89,b153,-0.1421491932675002,item_ridge,844.0,-0.6719321285344858,-1.1053539421228344,0.0112772387829762,-0.14229988100438704,item
42288558148727,im14,sc51,b122,-0.844191694187653,item_ridge,476.0,-0.4547142583452114,-0.5090817434280027,0.0066479608065638,-0.8437719877583345,item
75531136691970,im6,sc34,b332,-1.066859425636702,item_ridge,656.0,-0.7540643423936192,-1.1052321719674671,0.0117226556316826,-1.0665124977982348,item
274075713909269,im6,sc34,b520,-1.327364644874109,item_ridge,849.0,-0.7540643423936192,-1.1052321719674671,0.0117226556316826,-1.3269630289034702,item
164817957189186,im20,sc57,b24,-0.4209037050582679,item_ridge,783.0,-0.6719321285344858,-1.1053539421228344,0.0112772387829762,-0.42099948296410544,item
172371109644420,im6,sc34,b153,-0.6712436090818561,item_ridge,930.0,-0.7540643423936192,-1.1052321719674671,0.0117226556316826,-0.670971193823474,item
272474660971538,im14,sc51,b66,-0.701666923138079,item_ridge,723.0,-0.4547142583452114,-0.5090817434280027,0.0066479608065638,-0.7012949881722611,item
248210350016250,im20,sc89,b520,-0.911083928877287,item_ridge,745.0,-0.6719321285344858,-1.1053539421228344,0.0112772387829762,-0.9113686867526681,item
222911975893260,im3,sc16,b24,-0.9856063574136869,item_ridge,444.0,-0.4340556041136897,-0.8987359235912883,0.0202666082602156,-0.9831869421184846,item
61960587202712,im17,sc67,b153,-0.8843623654744263,item_ridge,629.0,-0.5825053462263596,-0.9597630819115917,0.0120962057980395,-0.8838972448167906,item
104482473648757,im15,sc63,b547,-0.3701674932352681,category_fe_positive_fallback,826.0,-0.3701674932352681,-0.4867729418820625,0.0094473752650418,-0.3596437625319346,sub_category
56690148099175,im14,sc99,b482,-0.6900405559733993,item_ridge,968.0,-0.4547142583452114,-0.5090817434280027,0.0066479608065638,-0.6894876491355548,item
99247860005355,im2,sc6,b371,-0.5768173864455721,item_ridge,359.0,-0.7393400558468726,-1.0300616525541268,0.0204705834618003,-0.5769477491932262,item
205806395416651,im14,sc51,b66,-0.297679200102047,item_ridge,641.0,-0.4547142583452114,-0.5090817434280027,0.0066479608065638,-0.29707796211142945,item
121826755472233,im12,sc84,b414,-0.8993840987856205,item_ridge,501.0,-0.7159602082500641,-1.7759215692028727,0.0614701148056001,-0.8989044783749899,item
125901440864420,im17,sc55,b301,-0.7626053687000593,item_ridge,120.0,-0.5825053462263596,-0.9597630819115917,0.0120962057980395,-0.7624004028029958,item
151961589363745,im2,sc6,b153,-0.9278743366927048,item_ridge,830.0,-0.7393400558468726,-1.0300616525541268,0.0204705834618003,-0.9284025976776034,item
66100790324411,im20,sc89,b218,-1.0115769968482065,item_ridge,129.0,-0.6719321285344858,-1.1053539421228344,0.0112772387829762,-1.011618944183956,item
64118821141443,im3,sc16,b24,-1.165904668639093,item_ridge,621.0,-0.4340556041136897,-0.8987359235912883,0.0202666082602156,-1.1631045585976485,item
131162706052469,im7,sc11,b24,-0.4705537891414288,item_ridge,848.0,-0.712375224530957,-1.226191510591962,0.0322433928253026,-0.472068789179599,item
231574626945253,im12,sc66,b405,-0.2218423164335666,item_ridge,53.0,-0.7159602082500641,-1.7759215692028727,0.0614701148056001,-0.22134228624793212,item
173739185850889,im14,sc51,b481,-1.1105394980446233,item_ridge,330.0,-0.4547142583452114,-0.5090817434280027,0.0066479608065638,-1.1103299860547031,item
187484679935373,im14,sc51,b346,-0.8677934722397019,item_ridge,654.0,-0.4547142583452114,-0.5090817434280027,0.0066479608065638,-0.8675552973716815,item
250132155967906,im20,sc72,b395,-0.3374520503805688,item_ridge,329.0,-0.6719321285344858,-1.1053539421228344,0.0112772387829762,-0.3374827873293347,item
14911552136420,im3,sc16,b332,-0.613853647380521,item_ridge,614.0,-0.4340556041136897,-0.8987359235912883,0.0202666082602156,-0.6117447988519923,item
147607246875787,im17,sc55,b391,-0.5825053462263596,category_fe_positive_fallback,383.0,-0.5825053462263596,-0.9597630819115917,0.0120962057980395,-0.6443482333568126,sub_category
29329528510500,im8,sc37,b348,-0.277496324599302,item_ridge,431.0,-0.5240268331974867,-0.98244493005407,0.0158566637101308,-0.2773798097270485,item
27937459349205,im17,sc76,b391,-0.5825053462263596,category_fe_positive_fallback,793.0,-0.5825053462263596,-0.9597630819115917,0.0120962057980395,-0.7593082970488787,main_category
200878676616649,im20,sc72,b486,-0.0083283236984419,item_ridge,336.0,-0.6719321285344858,-1.1053539421228344,0.0112772387829762,-0.008372487840616245,item
174260911976036,im20,sc89,b460,-0.8755533298192073,item_ridge,667.0,-0.6719321285344858,-1.1053539421228344,0.0112772387829762,-0.8756147987996711,item
8720923924658,im20,sc57,b332,-0.8131743861631763,item_ridge,920.0,-0.6719321285344858,-1.1053539421228344,0.0112772387829762,-0.8132932217130118,item
163684869132783,im20,sc92,b153,-0.3383109926782115,item_ridge,336.0,-0.6719321285344858,-1.1053539421228344,0.0112772387829762,-0.338358899954616,item
15053342263752,im16,sc75,b551,-0.7900638095563524,item_ridge,798.0,-0.7311111818334803,-1.1262045944613654,0.02034177093961,-0.7903697496085349,item
158913760047265,im16,sc83,b301,-0.1007163246926931,item_ridge,834.0,-0.7311111818334803,-1.1262045944613654,0.02034177093961,-0.10110771956221153,item
141059530244911,im17,sc55,b301,-0.6730516662831183,item_ridge,222.0,-0.5825053462263596,-0.9597630819115917,0.0120962057980395,-0.6727764592640261,item
36659127796283,im17,sc55,b391,-0.3107512964334368,item_ridge,797.0,-0.5825053462263596,-0.9597630819115917,0.0120962057980395,-0.31024003318458016,item
207923167266989,im14,sc51,b122,-0.7689972667399504,item_ridge,544.0,-0.4547142583452114,-0.5090817434280027,0.0066479608065638,-0.7687795653562887,item
243431767773433,im4,sc3,b496,-0.5176090233123098,item_ridge,421.0,-0.6597748090798966,-0.6259883664315813,0.0291194429147193,-0.5175170919071184,item
240586845942917,im5,sc78,b520,-0.091403931079576,item_ridge,851.0,-0.5329307810791537,-1.0012805344071898,0.0196419014737194,-0.0918291650762146,item
179604293431171,im8,sc37,b153,-0.0357718166616421,item_ridge,793.0,-0.5240268331974867,-0.98244493005407,0.0158566637101308,-0.03562096462504922,item
16250704289599,im14,sc99,b369,-1.3957949730672434,item_ridge,311.0,-0.4547142583452114,-0.5090817434280027,0.0066479608065638,-1.3955901927569294,item
183841006549861,im14,sc51,b66,-0.4682075216421155,item_ridge,203.0,-0.4547142583452114,-0.5090817434280027,0.0066479608065638,-0.46792430510851046,item
222726344779931,im19,sc49,b135,-0.4003823729273228,item_ridge,836.0,-0.3484302192705804,-0.4712393146436414,0.0168972418100549,-0.40048079942258896,item
18475717764783,im5,sc78,b332,-0.3895479200676464,item_ridge,811.0,-0.5329307810791537,-1.0012805344071898,0.0196419014737194,-0.389977258639542,item
219670696325073,im14,sc99,b122,-0.1396879562880331,item_ridge,540.0,-0.4547142583452114,-0.5090817434280027,0.0066479608065638,-0.13951321042323256,item
158331507661001,im14,sc51,b66,-1.173846951781176,item_ridge,732.0,-0.4547142583452114,-0.5090817434280027,0.0066479608065638,-1.1734108665643728,item
194961385665304,im16,sc85,b414,-0.7311111818334803,category_fe_positive_fallback,121.0,-0.7311111818334803,-1.1262045944613654,0.02034177093961,-0.5060992160153963,sub_category
256794254390188,im20,sc57,b520,-0.4550233739156546,item_ridge,221.0,-0.6719321285344858,-1.1053539421228344,0.0112772387829762,-0.4550551386420013,item
275119043556769,im14,sc51,b344,-1.0850673693108797,item_ridge,427.0,-0.4547142583452114,-0.5090817434280027,0.0066479608065638,-1.0848196401501602,item
4978580709168,im14,sc51,b481,-0.1101843142624936,item_ridge,106.0,-0.4547142583452114,-0.5090817434280027,0.0066479608065638,-0.10998845126214513,item
200303504394085,im14,sc51,b283,-0.8685934029250401,item_ridge,350.0,-0.4547142583452114,-0.5090817434280027,0.0066479608065638,-0.8683770664403336,item
117678961274856,im20,sc89,b551,-0.2541747845498843,item_ridge,782.0,-0.6719321285344858,-1.1053539421228344,0.0112772387829762,-0.25424512700521923,item
122551537412102,im20,sc89,b332,-0.1370950843811686,item_ridge,906.0,-0.6719321285344858,-1.1053539421228344,0.0112772387829762,-0.1371834964580573,item
200531207041942,im16,sc73,b153,-0.5449751344604236,item_ridge,516.0,-0.7311111818334803,-1.1262045944613654,0.02034177093961,-0.5451272638365088,item
233077853862693,im20,sc57,b457,-0.4675825245255658,item_ridge,758.0,-0.6719321285344858,-1.1053539421228344,0.0112772387829762,-0.4676508912462303,item
183191291000302,im8,sc37,b496,-1.3877697419959227,item_ridge,458.0,-0.5240268331974867,-0.98244493005407,0.0158566637101308,-1.3876914223963595,item
214824492607522,im20,sc72,b24,-0.2127423006383563,item_ridge,642.0,-0.6719321285344858,-1.1053539421228344,0.0112772387829762,-0.21280167148149876,item
253288524381906,im16,sc30,b332,-0.581226840510142,item_ridge,834.0,-0.7311111818334803,-1.1262045944613654,0.02034177093961,-0.5815940041298133,item
141862584470081,im2,sc6,b480,-1.1472538497756877,item_ridge,230.0,-0.7393400558468726,-1.0300616525541268,0.0204705834618003,-1.147358918258874,item
238240698527267,im4,sc3,b496,-0.7215725898532793,item_ridge,672.0,-0.6597748090798966,-0.6259883664315813,0.0291194429147193,-0.721441682921463,item
200452301047428,im6,sc34,b153,-0.7757488446438803,item_ridge,794.0,-0.7540643423936192,-1.1052321719674671,0.0117226556316826,-0.7754842908044954,item
39598805417307,im20,sc92,b220,-0.6193750617689899,item_ridge,268.0,-0.6719321285344858,-1.1053539421228344,0.0112772387829762,-0.6193987734512492,item
247114761279566,im2,sc7,b371,-0.8850480883234974,item_ridge,216.0,-0.7393400558468726,-1.0300616525541268,0.0204705834618003,-0.885149684798302,item
148907049945338,im5,sc26,b155,-0.8709625149580937,item_ridge,312.0,-0.5329307810791537,-1.0012805344071898,0.0196419014737194,-0.8711009132882375,item
11648531682475,im20,sc72,b516,-0.7024270403795323,item_ridge,687.0,-0.6719321285344858,-1.1053539421228344,0.0112772387829762,-0.7024652189053683,item
99982610367897,im4,sc3,b496,-0.3626692735904824,item_ridge,431.0,-0.6597748090798966,-0.6259883664315813,0.0291194429147193,-0.3625684455976919,item
191262954272410,im20,sc72,b425,-0.6719321285344858,category_fe_positive_fallback,148.0,-0.6719321285344858,-1.1053539421228344,0.0112772387829762,-0.6233376155185413,sub_category
188268432019601,im7,sc33,b24,-0.5301772093274312,item_ridge,735.0,-0.712375224530957,-1.226191510591962,0.0322433928253026,-0.5309220304808967,item
42586219457424,im20,sc89,b332,-0.0194828987889144,item_ridge,567.0,-0.6719321285344858,-1.1053539421228344,0.0112772387829762,-0.019530492881400133,item
119747276107263,im6,sc34,b546,-0.7937593964751319,item_ridge,214.0,-0.7540643423936192,-1.1052321719674671,0.0117226556316826,-0.7936889855049623,item
172391955301011,im6,sc9,b520,-0.2166418693748827,item_ridge,164.0,-0.7540643423936192,-1.1052321719674671,0.0117226556316826,-0.21660971212280833,item
112946585208988,im20,sc72,b301,-0.1815988776352097,item_ridge,840.0,-0.6719321285344858,-1.1053539421228344,0.0112772387829762,-0.1816668224693242,item
118844786741628,im14,sc51,b283,-0.2727778370729728,item_ridge,917.0,-0.4547142583452114,-0.5090817434280027,0.0066479608065638,-0.2723615428910471,item
223580265422335,im3,sc16,b451,-0.6163141051949839,item_ridge,694.0,-0.4340556041136897,-0.8987359235912883,0.0202666082602156,-0.6138996990411806,item
2169278488511,im20,sc93,b332,-1.019160513898652,item_ridge,928.0,-0.6719321285344858,-1.1053539421228344,0.0112772387829762,-1.019286534244595,item
243591471606763,im8,sc37,b395,-0.4202143965802076,item_ridge,790.0,-0.5240268331974867,-0.98244493005407,0.0158566637101308,-0.42009363778876646,item
157210796918355,im14,sc51,b481,-0.7545028068006928,item_ridge,444.0,-0.4547142583452114,-0.5090817434280027,0.0066479608065638,-0.7543294646331373,item
